country,iso3,continent,income_group,latitude,longitude,year,category,metric,value,unit,source
Australia,AUS,Oceania,High Income,-25.27,133.77,1990,Climate,Avg Temperature Change,0.626,°C change,Agrofood CO2 Emissions
Australia,AUS,Oceania,High Income,-25.27,133.77,1991,Climate,Avg Temperature Change,0.711,°C change,Agrofood CO2 Emissions
Australia,AUS,Oceania,High Income,-25.27,133.77,1992,Climate,Avg Temperature Change,0.249,°C change,Agrofood CO2 Emissions
Australia,AUS,Oceania,High Income,-25.27,133.77,1993,Climate,Avg Temperature Change,0.481,°C change,Agrofood CO2 Emissions
Australia,AUS,Oceania,High Income,-25.27,133.77,1994,Climate,Avg Temperature Change,0.34,°C change,Agrofood CO2 Emissions
Australia,AUS,Oceania,High Income,-25.27,133.77,1995,Climate,Avg Temperature Change,0.309,°C change,Agrofood CO2 Emissions
Australia,AUS,Oceania,High Income,-25.27,133.77,1996,Climate,Avg Temperature Change,0.642,°C change,Agrofood CO2 Emissions
Australia,AUS,Oceania,High Income,-25.27,133.77,1997,Climate,Avg Temperature Change,0.454,°C change,Agrofood CO2 Emissions
Australia,AUS,Oceania,High Income,-25.27,133.77,1998,Climate,Avg Temperature Change,1.028,°C change,Agrofood CO2 Emissions
Australia,AUS,Oceania,High Income,-25.27,133.77,1999,Climate,Avg Temperature Change,0.492,°C change,Agrofood CO2 Emissions
Australia,AUS,Oceania,High Income,-25.27,133.77,2000,Climate,Avg Temperature Change,0.216,°C change,Agrofood CO2 Emissions
Australia,AUS,Oceania,High Income,-25.27,133.77,2001,Climate,Avg Temperature Change,0.29,°C change,Agrofood CO2 Emissions
Australia,AUS,Oceania,High Income,-25.27,133.77,2002,Climate,Avg Temperature Change,0.865,°C change,Agrofood CO2 Emissions
Australia,AUS,Oceania,High Income,-25.27,133.77,2003,Climate,Avg Temperature Change,0.84,°C change,Agrofood CO2 Emissions
Australia,AUS,Oceania,High Income,-25.27,133.77,2004,Climate,Avg Temperature Change,0.685,°C change,Agrofood CO2 Emissions
Australia,AUS,Oceania,High Income,-25.27,133.77,2005,Climate,Avg Temperature Change,1.249,°C change,Agrofood CO2 Emissions
Australia,AUS,Oceania,High Income,-25.27,133.77,2006,Climate,Avg Temperature Change,0.663,°C change,Agrofood CO2 Emissions
Australia,AUS,Oceania,High Income,-25.27,133.77,2007,Climate,Avg Temperature Change,0.92,°C change,Agrofood CO2 Emissions
Australia,AUS,Oceania,High Income,-25.27,133.77,2008,Climate,Avg Temperature Change,0.621,°C change,Agrofood CO2 Emissions
Australia,AUS,Oceania,High Income,-25.27,133.77,2009,Climate,Avg Temperature Change,1.097,°C change,Agrofood CO2 Emissions
Australia,AUS,Oceania,High Income,-25.27,133.77,2010,Climate,Avg Temperature Change,0.554,°C change,Agrofood CO2 Emissions
Australia,AUS,Oceania,High Income,-25.27,133.77,2011,Climate,Avg Temperature Change,0.22,°C change,Agrofood CO2 Emissions
Australia,AUS,Oceania,High Income,-25.27,133.77,2012,Climate,Avg Temperature Change,0.438,°C change,Agrofood CO2 Emissions
Australia,AUS,Oceania,High Income,-25.27,133.77,2013,Climate,Avg Temperature Change,1.463,°C change,Agrofood CO2 Emissions
Australia,AUS,Oceania,High Income,-25.27,133.77,2014,Climate,Avg Temperature Change,1.211,°C change,Agrofood CO2 Emissions
Australia,AUS,Oceania,High Income,-25.27,133.77,2015,Climate,Avg Temperature Change,1.098,°C change,Agrofood CO2 Emissions
Australia,AUS,Oceania,High Income,-25.27,133.77,2016,Climate,Avg Temperature Change,1.148,°C change,Agrofood CO2 Emissions
Australia,AUS,Oceania,High Income,-25.27,133.77,2017,Climate,Avg Temperature Change,1.169,°C change,Agrofood CO2 Emissions
Australia,AUS,Oceania,High Income,-25.27,133.77,2018,Climate,Avg Temperature Change,1.192,°C change,Agrofood CO2 Emissions
Australia,AUS,Oceania,High Income,-25.27,133.77,2019,Climate,Avg Temperature Change,1.51,°C change,Agrofood CO2 Emissions
Australia,AUS,Oceania,High Income,-25.27,133.77,2020,Climate,Avg Temperature Change,1.183,°C change,Agrofood CO2 Emissions
Brazil,BRA,South America,Upper Middle Income,-14.24,-51.93,1990,Climate,Avg Temperature Change,0.497,°C change,Agrofood CO2 Emissions
Brazil,BRA,South America,Upper Middle Income,-14.24,-51.93,1991,Climate,Avg Temperature Change,0.493,°C change,Agrofood CO2 Emissions
Brazil,BRA,South America,Upper Middle Income,-14.24,-51.93,1992,Climate,Avg Temperature Change,0.343,°C change,Agrofood CO2 Emissions
Brazil,BRA,South America,Upper Middle Income,-14.24,-51.93,1993,Climate,Avg Temperature Change,0.53,°C change,Agrofood CO2 Emissions
Brazil,BRA,South America,Upper Middle Income,-14.24,-51.93,1994,Climate,Avg Temperature Change,0.64,°C change,Agrofood CO2 Emissions
Brazil,BRA,South America,Upper Middle Income,-14.24,-51.93,1995,Climate,Avg Temperature Change,0.772,°C change,Agrofood CO2 Emissions
Brazil,BRA,South America,Upper Middle Income,-14.24,-51.93,1996,Climate,Avg Temperature Change,0.521,°C change,Agrofood CO2 Emissions
Brazil,BRA,South America,Upper Middle Income,-14.24,-51.93,1997,Climate,Avg Temperature Change,0.702,°C change,Agrofood CO2 Emissions
Brazil,BRA,South America,Upper Middle Income,-14.24,-51.93,1998,Climate,Avg Temperature Change,1.195,°C change,Agrofood CO2 Emissions
Brazil,BRA,South America,Upper Middle Income,-14.24,-51.93,1999,Climate,Avg Temperature Change,0.504,°C change,Agrofood CO2 Emissions
Brazil,BRA,South America,Upper Middle Income,-14.24,-51.93,2000,Climate,Avg Temperature Change,0.496,°C change,Agrofood CO2 Emissions
Brazil,BRA,South America,Upper Middle Income,-14.24,-51.93,2001,Climate,Avg Temperature Change,0.759,°C change,Agrofood CO2 Emissions
Brazil,BRA,South America,Upper Middle Income,-14.24,-51.93,2002,Climate,Avg Temperature Change,1.094,°C change,Agrofood CO2 Emissions
Brazil,BRA,South America,Upper Middle Income,-14.24,-51.93,2003,Climate,Avg Temperature Change,0.935,°C change,Agrofood CO2 Emissions
Brazil,BRA,South America,Upper Middle Income,-14.24,-51.93,2004,Climate,Avg Temperature Change,0.742,°C change,Agrofood CO2 Emissions
Brazil,BRA,South America,Upper Middle Income,-14.24,-51.93,2005,Climate,Avg Temperature Change,1.042,°C change,Agrofood CO2 Emissions
Brazil,BRA,South America,Upper Middle Income,-14.24,-51.93,2006,Climate,Avg Temperature Change,0.823,°C change,Agrofood CO2 Emissions
Brazil,BRA,South America,Upper Middle Income,-14.24,-51.93,2007,Climate,Avg Temperature Change,0.952,°C change,Agrofood CO2 Emissions
Brazil,BRA,South America,Upper Middle Income,-14.24,-51.93,2008,Climate,Avg Temperature Change,0.714,°C change,Agrofood CO2 Emissions
Brazil,BRA,South America,Upper Middle Income,-14.24,-51.93,2009,Climate,Avg Temperature Change,0.984,°C change,Agrofood CO2 Emissions
Brazil,BRA,South America,Upper Middle Income,-14.24,-51.93,2010,Climate,Avg Temperature Change,1.114,°C change,Agrofood CO2 Emissions
Brazil,BRA,South America,Upper Middle Income,-14.24,-51.93,2011,Climate,Avg Temperature Change,0.804,°C change,Agrofood CO2 Emissions
Brazil,BRA,South America,Upper Middle Income,-14.24,-51.93,2012,Climate,Avg Temperature Change,1.088,°C change,Agrofood CO2 Emissions
Brazil,BRA,South America,Upper Middle Income,-14.24,-51.93,2013,Climate,Avg Temperature Change,0.88,°C change,Agrofood CO2 Emissions
Brazil,BRA,South America,Upper Middle Income,-14.24,-51.93,2014,Climate,Avg Temperature Change,1.154,°C change,Agrofood CO2 Emissions
Brazil,BRA,South America,Upper Middle Income,-14.24,-51.93,2015,Climate,Avg Temperature Change,1.584,°C change,Agrofood CO2 Emissions
Brazil,BRA,South America,Upper Middle Income,-14.24,-51.93,2016,Climate,Avg Temperature Change,1.407,°C change,Agrofood CO2 Emissions
Brazil,BRA,South America,Upper Middle Income,-14.24,-51.93,2017,Climate,Avg Temperature Change,1.357,°C change,Agrofood CO2 Emissions
Brazil,BRA,South America,Upper Middle Income,-14.24,-51.93,2018,Climate,Avg Temperature Change,1.138,°C change,Agrofood CO2 Emissions
Brazil,BRA,South America,Upper Middle Income,-14.24,-51.93,2019,Climate,Avg Temperature Change,1.551,°C change,Agrofood CO2 Emissions
Brazil,BRA,South America,Upper Middle Income,-14.24,-51.93,2020,Climate,Avg Temperature Change,1.459,°C change,Agrofood CO2 Emissions
Canada,CAN,North America,High Income,56.13,-106.35,1990,Climate,Avg Temperature Change,-0.012,°C change,Agrofood CO2 Emissions
Canada,CAN,North America,High Income,56.13,-106.35,1991,Climate,Avg Temperature Change,0.557,°C change,Agrofood CO2 Emissions
Canada,CAN,North America,High Income,56.13,-106.35,1992,Climate,Avg Temperature Change,0.03,°C change,Agrofood CO2 Emissions
Canada,CAN,North America,High Income,56.13,-106.35,1993,Climate,Avg Temperature Change,0.516,°C change,Agrofood CO2 Emissions
Canada,CAN,North America,High Income,56.13,-106.35,1994,Climate,Avg Temperature Change,0.537,°C change,Agrofood CO2 Emissions
Canada,CAN,North America,High Income,56.13,-106.35,1995,Climate,Avg Temperature Change,0.671,°C change,Agrofood CO2 Emissions
Canada,CAN,North America,High Income,56.13,-106.35,1996,Climate,Avg Temperature Change,0.027,°C change,Agrofood CO2 Emissions
Canada,CAN,North America,High Income,56.13,-106.35,1997,Climate,Avg Temperature Change,0.704,°C change,Agrofood CO2 Emissions
Canada,CAN,North America,High Income,56.13,-106.35,1998,Climate,Avg Temperature Change,2.335,°C change,Agrofood CO2 Emissions
Canada,CAN,North America,High Income,56.13,-106.35,1999,Climate,Avg Temperature Change,1.769,°C change,Agrofood CO2 Emissions
Canada,CAN,North America,High Income,56.13,-106.35,2000,Climate,Avg Temperature Change,0.929,°C change,Agrofood CO2 Emissions
Canada,CAN,North America,High Income,56.13,-106.35,2001,Climate,Avg Temperature Change,1.831,°C change,Agrofood CO2 Emissions
Canada,CAN,North America,High Income,56.13,-106.35,2002,Climate,Avg Temperature Change,0.6,°C change,Agrofood CO2 Emissions
Canada,CAN,North America,High Income,56.13,-106.35,2003,Climate,Avg Temperature Change,1.136,°C change,Agrofood CO2 Emissions
Canada,CAN,North America,High Income,56.13,-106.35,2004,Climate,Avg Temperature Change,0.098,°C change,Agrofood CO2 Emissions
Canada,CAN,North America,High Income,56.13,-106.35,2005,Climate,Avg Temperature Change,1.668,°C change,Agrofood CO2 Emissions
Canada,CAN,North America,High Income,56.13,-106.35,2006,Climate,Avg Temperature Change,2.459,°C change,Agrofood CO2 Emissions
Canada,CAN,North America,High Income,56.13,-106.35,2007,Climate,Avg Temperature Change,0.917,°C change,Agrofood CO2 Emissions
Canada,CAN,North America,High Income,56.13,-106.35,2008,Climate,Avg Temperature Change,0.682,°C change,Agrofood CO2 Emissions
Canada,CAN,North America,High Income,56.13,-106.35,2009,Climate,Avg Temperature Change,0.867,°C change,Agrofood CO2 Emissions
Canada,CAN,North America,High Income,56.13,-106.35,2010,Climate,Avg Temperature Change,3.08,°C change,Agrofood CO2 Emissions
Canada,CAN,North America,High Income,56.13,-106.35,2011,Climate,Avg Temperature Change,1.441,°C change,Agrofood CO2 Emissions
Canada,CAN,North America,High Income,56.13,-106.35,2012,Climate,Avg Temperature Change,1.91,°C change,Agrofood CO2 Emissions
Canada,CAN,North America,High Income,56.13,-106.35,2013,Climate,Avg Temperature Change,0.854,°C change,Agrofood CO2 Emissions
Canada,CAN,North America,High Income,56.13,-106.35,2014,Climate,Avg Temperature Change,0.737,°C change,Agrofood CO2 Emissions
Canada,CAN,North America,High Income,56.13,-106.35,2015,Climate,Avg Temperature Change,1.299,°C change,Agrofood CO2 Emissions
Canada,CAN,North America,High Income,56.13,-106.35,2016,Climate,Avg Temperature Change,2.125,°C change,Agrofood CO2 Emissions
Canada,CAN,North America,High Income,56.13,-106.35,2017,Climate,Avg Temperature Change,1.588,°C change,Agrofood CO2 Emissions
Canada,CAN,North America,High Income,56.13,-106.35,2018,Climate,Avg Temperature Change,0.608,°C change,Agrofood CO2 Emissions
Canada,CAN,North America,High Income,56.13,-106.35,2019,Climate,Avg Temperature Change,1.233,°C change,Agrofood CO2 Emissions
Canada,CAN,North America,High Income,56.13,-106.35,2020,Climate,Avg Temperature Change,1.317,°C change,Agrofood CO2 Emissions
France,FRA,Europe,High Income,46.23,2.21,1990,Climate,Avg Temperature Change,1.339,°C change,Agrofood CO2 Emissions
France,FRA,Europe,High Income,46.23,2.21,1991,Climate,Avg Temperature Change,0.313,°C change,Agrofood CO2 Emissions
France,FRA,Europe,High Income,46.23,2.21,1992,Climate,Avg Temperature Change,0.788,°C change,Agrofood CO2 Emissions
France,FRA,Europe,High Income,46.23,2.21,1993,Climate,Avg Temperature Change,0.418,°C change,Agrofood CO2 Emissions
France,FRA,Europe,High Income,46.23,2.21,1994,Climate,Avg Temperature Change,1.577,°C change,Agrofood CO2 Emissions
France,FRA,Europe,High Income,46.23,2.21,1995,Climate,Avg Temperature Change,1.127,°C change,Agrofood CO2 Emissions
France,FRA,Europe,High Income,46.23,2.21,1996,Climate,Avg Temperature Change,0.138,°C change,Agrofood CO2 Emissions
France,FRA,Europe,High Income,46.23,2.21,1997,Climate,Avg Temperature Change,1.411,°C change,Agrofood CO2 Emissions
France,FRA,Europe,High Income,46.23,2.21,1998,Climate,Avg Temperature Change,0.869,°C change,Agrofood CO2 Emissions
France,FRA,Europe,High Income,46.23,2.21,1999,Climate,Avg Temperature Change,1.22,°C change,Agrofood CO2 Emissions
France,FRA,Europe,High Income,46.23,2.21,2000,Climate,Avg Temperature Change,1.361,°C change,Agrofood CO2 Emissions
France,FRA,Europe,High Income,46.23,2.21,2001,Climate,Avg Temperature Change,1.015,°C change,Agrofood CO2 Emissions
France,FRA,Europe,High Income,46.23,2.21,2002,Climate,Avg Temperature Change,1.388,°C change,Agrofood CO2 Emissions
France,FRA,Europe,High Income,46.23,2.21,2003,Climate,Avg Temperature Change,1.672,°C change,Agrofood CO2 Emissions
France,FRA,Europe,High Income,46.23,2.21,2004,Climate,Avg Temperature Change,0.907,°C change,Agrofood CO2 Emissions
France,FRA,Europe,High Income,46.23,2.21,2005,Climate,Avg Temperature Change,0.891,°C change,Agrofood CO2 Emissions
France,FRA,Europe,High Income,46.23,2.21,2006,Climate,Avg Temperature Change,1.524,°C change,Agrofood CO2 Emissions
France,FRA,Europe,High Income,46.23,2.21,2007,Climate,Avg Temperature Change,1.314,°C change,Agrofood CO2 Emissions
France,FRA,Europe,High Income,46.23,2.21,2008,Climate,Avg Temperature Change,0.938,°C change,Agrofood CO2 Emissions
France,FRA,Europe,High Income,46.23,2.21,2009,Climate,Avg Temperature Change,1.267,°C change,Agrofood CO2 Emissions
France,FRA,Europe,High Income,46.23,2.21,2010,Climate,Avg Temperature Change,0.2,°C change,Agrofood CO2 Emissions
France,FRA,Europe,High Income,46.23,2.21,2011,Climate,Avg Temperature Change,1.93,°C change,Agrofood CO2 Emissions
France,FRA,Europe,High Income,46.23,2.21,2012,Climate,Avg Temperature Change,1.133,°C change,Agrofood CO2 Emissions
France,FRA,Europe,High Income,46.23,2.21,2013,Climate,Avg Temperature Change,0.716,°C change,Agrofood CO2 Emissions
France,FRA,Europe,High Income,46.23,2.21,2014,Climate,Avg Temperature Change,2.032,°C change,Agrofood CO2 Emissions
France,FRA,Europe,High Income,46.23,2.21,2015,Climate,Avg Temperature Change,1.878,°C change,Agrofood CO2 Emissions
France,FRA,Europe,High Income,46.23,2.21,2016,Climate,Avg Temperature Change,1.522,°C change,Agrofood CO2 Emissions
France,FRA,Europe,High Income,46.23,2.21,2017,Climate,Avg Temperature Change,1.754,°C change,Agrofood CO2 Emissions
France,FRA,Europe,High Income,46.23,2.21,2018,Climate,Avg Temperature Change,2.221,°C change,Agrofood CO2 Emissions
France,FRA,Europe,High Income,46.23,2.21,2019,Climate,Avg Temperature Change,2.046,°C change,Agrofood CO2 Emissions
France,FRA,Europe,High Income,46.23,2.21,2020,Climate,Avg Temperature Change,2.454,°C change,Agrofood CO2 Emissions
Germany,DEU,Europe,High Income,51.17,10.45,1990,Climate,Avg Temperature Change,1.424,°C change,Agrofood CO2 Emissions
Germany,DEU,Europe,High Income,51.17,10.45,1991,Climate,Avg Temperature Change,0.289,°C change,Agrofood CO2 Emissions
Germany,DEU,Europe,High Income,51.17,10.45,1992,Climate,Avg Temperature Change,1.289,°C change,Agrofood CO2 Emissions
Germany,DEU,Europe,High Income,51.17,10.45,1993,Climate,Avg Temperature Change,0.443,°C change,Agrofood CO2 Emissions
Germany,DEU,Europe,High Income,51.17,10.45,1994,Climate,Avg Temperature Change,1.662,°C change,Agrofood CO2 Emissions
Germany,DEU,Europe,High Income,51.17,10.45,1995,Climate,Avg Temperature Change,0.877,°C change,Agrofood CO2 Emissions
Germany,DEU,Europe,High Income,51.17,10.45,1996,Climate,Avg Temperature Change,-0.725,°C change,Agrofood CO2 Emissions
Germany,DEU,Europe,High Income,51.17,10.45,1997,Climate,Avg Temperature Change,0.912,°C change,Agrofood CO2 Emissions
Germany,DEU,Europe,High Income,51.17,10.45,1998,Climate,Avg Temperature Change,1.049,°C change,Agrofood CO2 Emissions
Germany,DEU,Europe,High Income,51.17,10.45,1999,Climate,Avg Temperature Change,1.457,°C change,Agrofood CO2 Emissions
Germany,DEU,Europe,High Income,51.17,10.45,2000,Climate,Avg Temperature Change,1.862,°C change,Agrofood CO2 Emissions
Germany,DEU,Europe,High Income,51.17,10.45,2001,Climate,Avg Temperature Change,0.998,°C change,Agrofood CO2 Emissions
Germany,DEU,Europe,High Income,51.17,10.45,2002,Climate,Avg Temperature Change,1.563,°C change,Agrofood CO2 Emissions
Germany,DEU,Europe,High Income,51.17,10.45,2003,Climate,Avg Temperature Change,1.373,°C change,Agrofood CO2 Emissions
Germany,DEU,Europe,High Income,51.17,10.45,2004,Climate,Avg Temperature Change,0.935,°C change,Agrofood CO2 Emissions
Germany,DEU,Europe,High Income,51.17,10.45,2005,Climate,Avg Temperature Change,0.988,°C change,Agrofood CO2 Emissions
Germany,DEU,Europe,High Income,51.17,10.45,2006,Climate,Avg Temperature Change,1.564,°C change,Agrofood CO2 Emissions
Germany,DEU,Europe,High Income,51.17,10.45,2007,Climate,Avg Temperature Change,1.855,°C change,Agrofood CO2 Emissions
Germany,DEU,Europe,High Income,51.17,10.45,2008,Climate,Avg Temperature Change,1.5,°C change,Agrofood CO2 Emissions
Germany,DEU,Europe,High Income,51.17,10.45,2009,Climate,Avg Temperature Change,1.215,°C change,Agrofood CO2 Emissions
Germany,DEU,Europe,High Income,51.17,10.45,2010,Climate,Avg Temperature Change,-0.131,°C change,Agrofood CO2 Emissions
Germany,DEU,Europe,High Income,51.17,10.45,2011,Climate,Avg Temperature Change,1.744,°C change,Agrofood CO2 Emissions
Germany,DEU,Europe,High Income,51.17,10.45,2012,Climate,Avg Temperature Change,1.143,°C change,Agrofood CO2 Emissions
Germany,DEU,Europe,High Income,51.17,10.45,2013,Climate,Avg Temperature Change,0.769,°C change,Agrofood CO2 Emissions
Germany,DEU,Europe,High Income,51.17,10.45,2014,Climate,Avg Temperature Change,2.434,°C change,Agrofood CO2 Emissions
Germany,DEU,Europe,High Income,51.17,10.45,2015,Climate,Avg Temperature Change,1.998,°C change,Agrofood CO2 Emissions
Germany,DEU,Europe,High Income,51.17,10.45,2016,Climate,Avg Temperature Change,1.651,°C change,Agrofood CO2 Emissions
Germany,DEU,Europe,High Income,51.17,10.45,2017,Climate,Avg Temperature Change,1.663,°C change,Agrofood CO2 Emissions
Germany,DEU,Europe,High Income,51.17,10.45,2018,Climate,Avg Temperature Change,2.49,°C change,Agrofood CO2 Emissions
Germany,DEU,Europe,High Income,51.17,10.45,2019,Climate,Avg Temperature Change,2.34,°C change,Agrofood CO2 Emissions
Germany,DEU,Europe,High Income,51.17,10.45,2020,Climate,Avg Temperature Change,2.455,°C change,Agrofood CO2 Emissions
India,IND,Asia,Lower Middle Income,20.59,78.96,1990,Climate,Avg Temperature Change,-0.033,°C change,Agrofood CO2 Emissions
India,IND,Asia,Lower Middle Income,20.59,78.96,1991,Climate,Avg Temperature Change,0.145,°C change,Agrofood CO2 Emissions
India,IND,Asia,Lower Middle Income,20.59,78.96,1992,Climate,Avg Temperature Change,0.056,°C change,Agrofood CO2 Emissions
India,IND,Asia,Lower Middle Income,20.59,78.96,1993,Climate,Avg Temperature Change,0.226,°C change,Agrofood CO2 Emissions
India,IND,Asia,Lower Middle Income,20.59,78.96,1994,Climate,Avg Temperature Change,0.095,°C change,Agrofood CO2 Emissions
India,IND,Asia,Lower Middle Income,20.59,78.96,1995,Climate,Avg Temperature Change,0.299,°C change,Agrofood CO2 Emissions
India,IND,Asia,Lower Middle Income,20.59,78.96,1996,Climate,Avg Temperature Change,0.278,°C change,Agrofood CO2 Emissions
India,IND,Asia,Lower Middle Income,20.59,78.96,1997,Climate,Avg Temperature Change,-0.049,°C change,Agrofood CO2 Emissions
India,IND,Asia,Lower Middle Income,20.59,78.96,1998,Climate,Avg Temperature Change,0.633,°C change,Agrofood CO2 Emissions
India,IND,Asia,Lower Middle Income,20.59,78.96,1999,Climate,Avg Temperature Change,0.467,°C change,Agrofood CO2 Emissions
India,IND,Asia,Lower Middle Income,20.59,78.96,2000,Climate,Avg Temperature Change,0.366,°C change,Agrofood CO2 Emissions
India,IND,Asia,Lower Middle Income,20.59,78.96,2001,Climate,Avg Temperature Change,0.505,°C change,Agrofood CO2 Emissions
India,IND,Asia,Lower Middle Income,20.59,78.96,2002,Climate,Avg Temperature Change,0.866,°C change,Agrofood CO2 Emissions
India,IND,Asia,Lower Middle Income,20.59,78.96,2003,Climate,Avg Temperature Change,0.591,°C change,Agrofood CO2 Emissions
India,IND,Asia,Lower Middle Income,20.59,78.96,2004,Climate,Avg Temperature Change,0.586,°C change,Agrofood CO2 Emissions
India,IND,Asia,Lower Middle Income,20.59,78.96,2005,Climate,Avg Temperature Change,0.496,°C change,Agrofood CO2 Emissions
India,IND,Asia,Lower Middle Income,20.59,78.96,2006,Climate,Avg Temperature Change,0.715,°C change,Agrofood CO2 Emissions
India,IND,Asia,Lower Middle Income,20.59,78.96,2007,Climate,Avg Temperature Change,0.575,°C change,Agrofood CO2 Emissions
India,IND,Asia,Lower Middle Income,20.59,78.96,2008,Climate,Avg Temperature Change,0.354,°C change,Agrofood CO2 Emissions
India,IND,Asia,Lower Middle Income,20.59,78.96,2009,Climate,Avg Temperature Change,1.079,°C change,Agrofood CO2 Emissions
India,IND,Asia,Lower Middle Income,20.59,78.96,2010,Climate,Avg Temperature Change,1.044,°C change,Agrofood CO2 Emissions
India,IND,Asia,Lower Middle Income,20.59,78.96,2011,Climate,Avg Temperature Change,0.423,°C change,Agrofood CO2 Emissions
India,IND,Asia,Lower Middle Income,20.59,78.96,2012,Climate,Avg Temperature Change,0.527,°C change,Agrofood CO2 Emissions
India,IND,Asia,Lower Middle Income,20.59,78.96,2013,Climate,Avg Temperature Change,0.411,°C change,Agrofood CO2 Emissions
India,IND,Asia,Lower Middle Income,20.59,78.96,2014,Climate,Avg Temperature Change,0.503,°C change,Agrofood CO2 Emissions
India,IND,Asia,Lower Middle Income,20.59,78.96,2015,Climate,Avg Temperature Change,0.809,°C change,Agrofood CO2 Emissions
India,IND,Asia,Lower Middle Income,20.59,78.96,2016,Climate,Avg Temperature Change,1.095,°C change,Agrofood CO2 Emissions
India,IND,Asia,Lower Middle Income,20.59,78.96,2017,Climate,Avg Temperature Change,0.939,°C change,Agrofood CO2 Emissions
India,IND,Asia,Lower Middle Income,20.59,78.96,2018,Climate,Avg Temperature Change,0.818,°C change,Agrofood CO2 Emissions
India,IND,Asia,Lower Middle Income,20.59,78.96,2019,Climate,Avg Temperature Change,0.791,°C change,Agrofood CO2 Emissions
India,IND,Asia,Lower Middle Income,20.59,78.96,2020,Climate,Avg Temperature Change,0.568,°C change,Agrofood CO2 Emissions
Japan,JPN,Asia,High Income,36.2,138.25,1990,Climate,Avg Temperature Change,1.221,°C change,Agrofood CO2 Emissions
Japan,JPN,Asia,High Income,36.2,138.25,1991,Climate,Avg Temperature Change,0.686,°C change,Agrofood CO2 Emissions
Japan,JPN,Asia,High Income,36.2,138.25,1992,Climate,Avg Temperature Change,0.324,°C change,Agrofood CO2 Emissions
Japan,JPN,Asia,High Income,36.2,138.25,1993,Climate,Avg Temperature Change,-0.029,°C change,Agrofood CO2 Emissions
Japan,JPN,Asia,High Income,36.2,138.25,1994,Climate,Avg Temperature Change,0.995,°C change,Agrofood CO2 Emissions
Japan,JPN,Asia,High Income,36.2,138.25,1995,Climate,Avg Temperature Change,0.223,°C change,Agrofood CO2 Emissions
Japan,JPN,Asia,High Income,36.2,138.25,1996,Climate,Avg Temperature Change,-0.045,°C change,Agrofood CO2 Emissions
Japan,JPN,Asia,High Income,36.2,138.25,1997,Climate,Avg Temperature Change,0.521,°C change,Agrofood CO2 Emissions
Japan,JPN,Asia,High Income,36.2,138.25,1998,Climate,Avg Temperature Change,1.194,°C change,Agrofood CO2 Emissions
Japan,JPN,Asia,High Income,36.2,138.25,1999,Climate,Avg Temperature Change,0.864,°C change,Agrofood CO2 Emissions
Japan,JPN,Asia,High Income,36.2,138.25,2000,Climate,Avg Temperature Change,0.65,°C change,Agrofood CO2 Emissions
Japan,JPN,Asia,High Income,36.2,138.25,2001,Climate,Avg Temperature Change,0.344,°C change,Agrofood CO2 Emissions
Japan,JPN,Asia,High Income,36.2,138.25,2002,Climate,Avg Temperature Change,0.658,°C change,Agrofood CO2 Emissions
Japan,JPN,Asia,High Income,36.2,138.25,2003,Climate,Avg Temperature Change,0.423,°C change,Agrofood CO2 Emissions
Japan,JPN,Asia,High Income,36.2,138.25,2004,Climate,Avg Temperature Change,1.172,°C change,Agrofood CO2 Emissions
Japan,JPN,Asia,High Income,36.2,138.25,2005,Climate,Avg Temperature Change,0.429,°C change,Agrofood CO2 Emissions
Japan,JPN,Asia,High Income,36.2,138.25,2006,Climate,Avg Temperature Change,0.65,°C change,Agrofood CO2 Emissions
Japan,JPN,Asia,High Income,36.2,138.25,2007,Climate,Avg Temperature Change,1.003,°C change,Agrofood CO2 Emissions
Japan,JPN,Asia,High Income,36.2,138.25,2008,Climate,Avg Temperature Change,0.684,°C change,Agrofood CO2 Emissions
Japan,JPN,Asia,High Income,36.2,138.25,2009,Climate,Avg Temperature Change,0.735,°C change,Agrofood CO2 Emissions
Japan,JPN,Asia,High Income,36.2,138.25,2010,Climate,Avg Temperature Change,0.974,°C change,Agrofood CO2 Emissions
Japan,JPN,Asia,High Income,36.2,138.25,2011,Climate,Avg Temperature Change,0.476,°C change,Agrofood CO2 Emissions
Japan,JPN,Asia,High Income,36.2,138.25,2012,Climate,Avg Temperature Change,0.346,°C change,Agrofood CO2 Emissions
Japan,JPN,Asia,High Income,36.2,138.25,2013,Climate,Avg Temperature Change,0.726,°C change,Agrofood CO2 Emissions
Japan,JPN,Asia,High Income,36.2,138.25,2014,Climate,Avg Temperature Change,0.467,°C change,Agrofood CO2 Emissions
Japan,JPN,Asia,High Income,36.2,138.25,2015,Climate,Avg Temperature Change,1.076,°C change,Agrofood CO2 Emissions
Japan,JPN,Asia,High Income,36.2,138.25,2016,Climate,Avg Temperature Change,1.268,°C change,Agrofood CO2 Emissions
Japan,JPN,Asia,High Income,36.2,138.25,2017,Climate,Avg Temperature Change,0.612,°C change,Agrofood CO2 Emissions
Japan,JPN,Asia,High Income,36.2,138.25,2018,Climate,Avg Temperature Change,1.09,°C change,Agrofood CO2 Emissions
Japan,JPN,Asia,High Income,36.2,138.25,2019,Climate,Avg Temperature Change,1.298,°C change,Agrofood CO2 Emissions
Japan,JPN,Asia,High Income,36.2,138.25,2020,Climate,Avg Temperature Change,1.325,°C change,Agrofood CO2 Emissions
South Korea,KOR,Asia,High Income,35.91,127.77,1990,Climate,Avg Temperature Change,1.173,°C change,Agrofood CO2 Emissions
South Korea,KOR,Asia,High Income,35.91,127.77,1991,Climate,Avg Temperature Change,0.378,°C change,Agrofood CO2 Emissions
South Korea,KOR,Asia,High Income,35.91,127.77,1992,Climate,Avg Temperature Change,0.573,°C change,Agrofood CO2 Emissions
South Korea,KOR,Asia,High Income,35.91,127.77,1993,Climate,Avg Temperature Change,-0.084,°C change,Agrofood CO2 Emissions
South Korea,KOR,Asia,High Income,35.91,127.77,1994,Climate,Avg Temperature Change,1.362,°C change,Agrofood CO2 Emissions
South Korea,KOR,Asia,High Income,35.91,127.77,1995,Climate,Avg Temperature Change,0.227,°C change,Agrofood CO2 Emissions
South Korea,KOR,Asia,High Income,35.91,127.77,1996,Climate,Avg Temperature Change,0.146,°C change,Agrofood CO2 Emissions
South Korea,KOR,Asia,High Income,35.91,127.77,1997,Climate,Avg Temperature Change,0.742,°C change,Agrofood CO2 Emissions
South Korea,KOR,Asia,High Income,35.91,127.77,1998,Climate,Avg Temperature Change,1.534,°C change,Agrofood CO2 Emissions
South Korea,KOR,Asia,High Income,35.91,127.77,1999,Climate,Avg Temperature Change,0.899,°C change,Agrofood CO2 Emissions
South Korea,KOR,Asia,High Income,35.91,127.77,2000,Climate,Avg Temperature Change,0.448,°C change,Agrofood CO2 Emissions
South Korea,KOR,Asia,High Income,35.91,127.77,2001,Climate,Avg Temperature Change,0.807,°C change,Agrofood CO2 Emissions
South Korea,KOR,Asia,High Income,35.91,127.77,2002,Climate,Avg Temperature Change,0.763,°C change,Agrofood CO2 Emissions
South Korea,KOR,Asia,High Income,35.91,127.77,2003,Climate,Avg Temperature Change,0.589,°C change,Agrofood CO2 Emissions
South Korea,KOR,Asia,High Income,35.91,127.77,2004,Climate,Avg Temperature Change,1.291,°C change,Agrofood CO2 Emissions
South Korea,KOR,Asia,High Income,35.91,127.77,2005,Climate,Avg Temperature Change,0.482,°C change,Agrofood CO2 Emissions
South Korea,KOR,Asia,High Income,35.91,127.77,2006,Climate,Avg Temperature Change,0.848,°C change,Agrofood CO2 Emissions
South Korea,KOR,Asia,High Income,35.91,127.77,2007,Climate,Avg Temperature Change,1.265,°C change,Agrofood CO2 Emissions
South Korea,KOR,Asia,High Income,35.91,127.77,2008,Climate,Avg Temperature Change,0.893,°C change,Agrofood CO2 Emissions
South Korea,KOR,Asia,High Income,35.91,127.77,2009,Climate,Avg Temperature Change,0.849,°C change,Agrofood CO2 Emissions
South Korea,KOR,Asia,High Income,35.91,127.77,2010,Climate,Avg Temperature Change,0.5,°C change,Agrofood CO2 Emissions
South Korea,KOR,Asia,High Income,35.91,127.77,2011,Climate,Avg Temperature Change,0.282,°C change,Agrofood CO2 Emissions
South Korea,KOR,Asia,High Income,35.91,127.77,2012,Climate,Avg Temperature Change,0.216,°C change,Agrofood CO2 Emissions
South Korea,KOR,Asia,High Income,35.91,127.77,2013,Climate,Avg Temperature Change,0.764,°C change,Agrofood CO2 Emissions
South Korea,KOR,Asia,High Income,35.91,127.77,2014,Climate,Avg Temperature Change,0.812,°C change,Agrofood CO2 Emissions
South Korea,KOR,Asia,High Income,35.91,127.77,2015,Climate,Avg Temperature Change,1.298,°C change,Agrofood CO2 Emissions
South Korea,KOR,Asia,High Income,35.91,127.77,2016,Climate,Avg Temperature Change,1.609,°C change,Agrofood CO2 Emissions
South Korea,KOR,Asia,High Income,35.91,127.77,2017,Climate,Avg Temperature Change,1.184,°C change,Agrofood CO2 Emissions
South Korea,KOR,Asia,High Income,35.91,127.77,2018,Climate,Avg Temperature Change,1.099,°C change,Agrofood CO2 Emissions
South Korea,KOR,Asia,High Income,35.91,127.77,2019,Climate,Avg Temperature Change,1.617,°C change,Agrofood CO2 Emissions
South Korea,KOR,Asia,High Income,35.91,127.77,2020,Climate,Avg Temperature Change,1.392,°C change,Agrofood CO2 Emissions
UK,GBR,Europe,High Income,55.38,-3.44,1990,Climate,Avg Temperature Change,1.025,°C change,Agrofood CO2 Emissions
UK,GBR,Europe,High Income,55.38,-3.44,1991,Climate,Avg Temperature Change,0.266,°C change,Agrofood CO2 Emissions
UK,GBR,Europe,High Income,55.38,-3.44,1992,Climate,Avg Temperature Change,0.416,°C change,Agrofood CO2 Emissions
UK,GBR,Europe,High Income,55.38,-3.44,1993,Climate,Avg Temperature Change,0.036,°C change,Agrofood CO2 Emissions
UK,GBR,Europe,High Income,55.38,-3.44,1994,Climate,Avg Temperature Change,0.53,°C change,Agrofood CO2 Emissions
UK,GBR,Europe,High Income,55.38,-3.44,1995,Climate,Avg Temperature Change,0.827,°C change,Agrofood CO2 Emissions
UK,GBR,Europe,High Income,55.38,-3.44,1996,Climate,Avg Temperature Change,-0.074,°C change,Agrofood CO2 Emissions
UK,GBR,Europe,High Income,55.38,-3.44,1997,Climate,Avg Temperature Change,1.113,°C change,Agrofood CO2 Emissions
UK,GBR,Europe,High Income,55.38,-3.44,1998,Climate,Avg Temperature Change,0.833,°C change,Agrofood CO2 Emissions
UK,GBR,Europe,High Income,55.38,-3.44,1999,Climate,Avg Temperature Change,1.026,°C change,Agrofood CO2 Emissions
UK,GBR,Europe,High Income,55.38,-3.44,2000,Climate,Avg Temperature Change,0.807,°C change,Agrofood CO2 Emissions
UK,GBR,Europe,High Income,55.38,-3.44,2001,Climate,Avg Temperature Change,0.509,°C change,Agrofood CO2 Emissions
UK,GBR,Europe,High Income,55.38,-3.44,2002,Climate,Avg Temperature Change,1.14,°C change,Agrofood CO2 Emissions
UK,GBR,Europe,High Income,55.38,-3.44,2003,Climate,Avg Temperature Change,1.155,°C change,Agrofood CO2 Emissions
UK,GBR,Europe,High Income,55.38,-3.44,2004,Climate,Avg Temperature Change,1.092,°C change,Agrofood CO2 Emissions
UK,GBR,Europe,High Income,55.38,-3.44,2005,Climate,Avg Temperature Change,1.065,°C change,Agrofood CO2 Emissions
UK,GBR,Europe,High Income,55.38,-3.44,2006,Climate,Avg Temperature Change,1.356,°C change,Agrofood CO2 Emissions
UK,GBR,Europe,High Income,55.38,-3.44,2007,Climate,Avg Temperature Change,1.243,°C change,Agrofood CO2 Emissions
UK,GBR,Europe,High Income,55.38,-3.44,2008,Climate,Avg Temperature Change,0.736,°C change,Agrofood CO2 Emissions
UK,GBR,Europe,High Income,55.38,-3.44,2009,Climate,Avg Temperature Change,0.867,°C change,Agrofood CO2 Emissions
UK,GBR,Europe,High Income,55.38,-3.44,2010,Climate,Avg Temperature Change,-0.287,°C change,Agrofood CO2 Emissions
UK,GBR,Europe,High Income,55.38,-3.44,2011,Climate,Avg Temperature Change,1.295,°C change,Agrofood CO2 Emissions
UK,GBR,Europe,High Income,55.38,-3.44,2012,Climate,Avg Temperature Change,0.511,°C change,Agrofood CO2 Emissions
UK,GBR,Europe,High Income,55.38,-3.44,2013,Climate,Avg Temperature Change,0.507,°C change,Agrofood CO2 Emissions
UK,GBR,Europe,High Income,55.38,-3.44,2014,Climate,Avg Temperature Change,1.602,°C change,Agrofood CO2 Emissions
UK,GBR,Europe,High Income,55.38,-3.44,2015,Climate,Avg Temperature Change,0.885,°C change,Agrofood CO2 Emissions
UK,GBR,Europe,High Income,55.38,-3.44,2016,Climate,Avg Temperature Change,1.016,°C change,Agrofood CO2 Emissions
UK,GBR,Europe,High Income,55.38,-3.44,2017,Climate,Avg Temperature Change,1.292,°C change,Agrofood CO2 Emissions
UK,GBR,Europe,High Income,55.38,-3.44,2018,Climate,Avg Temperature Change,1.133,°C change,Agrofood CO2 Emissions
UK,GBR,Europe,High Income,55.38,-3.44,2019,Climate,Avg Temperature Change,1.172,°C change,Agrofood CO2 Emissions
UK,GBR,Europe,High Income,55.38,-3.44,2020,Climate,Avg Temperature Change,1.32,°C change,Agrofood CO2 Emissions
USA,USA,North America,High Income,37.09,-95.71,1990,Climate,Avg Temperature Change,0.734,°C change,Agrofood CO2 Emissions
USA,USA,North America,High Income,37.09,-95.71,1991,Climate,Avg Temperature Change,0.706,°C change,Agrofood CO2 Emissions
USA,USA,North America,High Income,37.09,-95.71,1992,Climate,Avg Temperature Change,0.253,°C change,Agrofood CO2 Emissions
USA,USA,North America,High Income,37.09,-95.71,1993,Climate,Avg Temperature Change,0.154,°C change,Agrofood CO2 Emissions
USA,USA,North America,High Income,37.09,-95.71,1994,Climate,Avg Temperature Change,0.47,°C change,Agrofood CO2 Emissions
USA,USA,North America,High Income,37.09,-95.71,1995,Climate,Avg Temperature Change,0.55,°C change,Agrofood CO2 Emissions
USA,USA,North America,High Income,37.09,-95.71,1996,Climate,Avg Temperature Change,-0.022,°C change,Agrofood CO2 Emissions
USA,USA,North America,High Income,37.09,-95.71,1997,Climate,Avg Temperature Change,0.401,°C change,Agrofood CO2 Emissions
USA,USA,North America,High Income,37.09,-95.71,1998,Climate,Avg Temperature Change,1.336,°C change,Agrofood CO2 Emissions
USA,USA,North America,High Income,37.09,-95.71,1999,Climate,Avg Temperature Change,0.722,°C change,Agrofood CO2 Emissions
USA,USA,North America,High Income,37.09,-95.71,2000,Climate,Avg Temperature Change,0.855,°C change,Agrofood CO2 Emissions
USA,USA,North America,High Income,37.09,-95.71,2001,Climate,Avg Temperature Change,0.961,°C change,Agrofood CO2 Emissions
USA,USA,North America,High Income,37.09,-95.71,2002,Climate,Avg Temperature Change,1.011,°C change,Agrofood CO2 Emissions
USA,USA,North America,High Income,37.09,-95.71,2003,Climate,Avg Temperature Change,0.927,°C change,Agrofood CO2 Emissions
USA,USA,North America,High Income,37.09,-95.71,2004,Climate,Avg Temperature Change,0.885,°C change,Agrofood CO2 Emissions
USA,USA,North America,High Income,37.09,-95.71,2005,Climate,Avg Temperature Change,1.107,°C change,Agrofood CO2 Emissions
USA,USA,North America,High Income,37.09,-95.71,2006,Climate,Avg Temperature Change,1.134,°C change,Agrofood CO2 Emissions
USA,USA,North America,High Income,37.09,-95.71,2007,Climate,Avg Temperature Change,1.015,°C change,Agrofood CO2 Emissions
USA,USA,North America,High Income,37.09,-95.71,2008,Climate,Avg Temperature Change,0.15,°C change,Agrofood CO2 Emissions
USA,USA,North America,High Income,37.09,-95.71,2009,Climate,Avg Temperature Change,0.355,°C change,Agrofood CO2 Emissions
USA,USA,North America,High Income,37.09,-95.71,2010,Climate,Avg Temperature Change,0.693,°C change,Agrofood CO2 Emissions
USA,USA,North America,High Income,37.09,-95.71,2011,Climate,Avg Temperature Change,0.739,°C change,Agrofood CO2 Emissions
USA,USA,North America,High Income,37.09,-95.71,2012,Climate,Avg Temperature Change,1.389,°C change,Agrofood CO2 Emissions
USA,USA,North America,High Income,37.09,-95.71,2013,Climate,Avg Temperature Change,0.5,°C change,Agrofood CO2 Emissions
USA,USA,North America,High Income,37.09,-95.71,2014,Climate,Avg Temperature Change,0.761,°C change,Agrofood CO2 Emissions
USA,USA,North America,High Income,37.09,-95.71,2015,Climate,Avg Temperature Change,1.56,°C change,Agrofood CO2 Emissions
USA,USA,North America,High Income,37.09,-95.71,2016,Climate,Avg Temperature Change,2.001,°C change,Agrofood CO2 Emissions
USA,USA,North America,High Income,37.09,-95.71,2017,Climate,Avg Temperature Change,1.572,°C change,Agrofood CO2 Emissions
USA,USA,North America,High Income,37.09,-95.71,2018,Climate,Avg Temperature Change,1.243,°C change,Agrofood CO2 Emissions
USA,USA,North America,High Income,37.09,-95.71,2019,Climate,Avg Temperature Change,1.054,°C change,Agrofood CO2 Emissions
USA,USA,North America,High Income,37.09,-95.71,2020,Climate,Avg Temperature Change,1.322,°C change,Agrofood CO2 Emissions
Australia,AUS,Oceania,High Income,-25.27,133.77,2024,Daily Routine,% Remote/Hybrid Workers,74.336,%,Global Lifestyle Survey
Brazil,BRA,South America,Upper Middle Income,-14.24,-51.93,2024,Daily Routine,% Remote/Hybrid Workers,76.622,%,Global Lifestyle Survey
Canada,CAN,North America,High Income,56.13,-106.35,2024,Daily Routine,% Remote/Hybrid Workers,77.473,%,Global Lifestyle Survey
France,FRA,Europe,High Income,46.23,2.21,2024,Daily Routine,% Remote/Hybrid Workers,75.905,%,Global Lifestyle Survey
Germany,DEU,Europe,High Income,51.17,10.45,2024,Daily Routine,% Remote/Hybrid Workers,73.494,%,Global Lifestyle Survey
India,IND,Asia,Lower Middle Income,20.59,78.96,2024,Daily Routine,% Remote/Hybrid Workers,72.69,%,Global Lifestyle Survey
Japan,JPN,Asia,High Income,36.2,138.25,2024,Daily Routine,% Remote/Hybrid Workers,73.139,%,Global Lifestyle Survey
South Korea,KOR,Asia,High Income,35.91,127.77,2024,Daily Routine,% Remote/Hybrid Workers,78.046,%,Global Lifestyle Survey
UK,GBR,Europe,High Income,55.38,-3.44,2024,Daily Routine,% Remote/Hybrid Workers,74.948,%,Global Lifestyle Survey
USA,USA,North America,High Income,37.09,-95.71,2024,Daily Routine,% Remote/Hybrid Workers,73.599,%,Global Lifestyle Survey
Australia,AUS,Oceania,High Income,-25.27,133.77,2024,Daily Routine,Commute Time,30.921,minutes,Global Lifestyle Survey
Brazil,BRA,South America,Upper Middle Income,-14.24,-51.93,2024,Daily Routine,Commute Time,28.247,minutes,Global Lifestyle Survey
Canada,CAN,North America,High Income,56.13,-106.35,2024,Daily Routine,Commute Time,30.189,minutes,Global Lifestyle Survey
France,FRA,Europe,High Income,46.23,2.21,2024,Daily Routine,Commute Time,32.084,minutes,Global Lifestyle Survey
Germany,DEU,Europe,High Income,51.17,10.45,2024,Daily Routine,Commute Time,29.56,minutes,Global Lifestyle Survey
India,IND,Asia,Lower Middle Income,20.59,78.96,2024,Daily Routine,Commute Time,28.889,minutes,Global Lifestyle Survey
Japan,JPN,Asia,High Income,36.2,138.25,2024,Daily Routine,Commute Time,29.753,minutes,Global Lifestyle Survey
South Korea,KOR,Asia,High Income,35.91,127.77,2024,Daily Routine,Commute Time,30.327,minutes,Global Lifestyle Survey
UK,GBR,Europe,High Income,55.38,-3.44,2024,Daily Routine,Commute Time,28.152,minutes,Global Lifestyle Survey
USA,USA,North America,High Income,37.09,-95.71,2024,Daily Routine,Commute Time,29.337,minutes,Global Lifestyle Survey
Australia,AUS,Oceania,High Income,-25.27,133.77,2024,Daily Routine,Exercise Days per Week,3.063,days,Global Lifestyle Survey
Brazil,BRA,South America,Upper Middle Income,-14.24,-51.93,2024,Daily Routine,Exercise Days per Week,3.007,days,Global Lifestyle Survey
Canada,CAN,North America,High Income,56.13,-106.35,2024,Daily Routine,Exercise Days per Week,3.062,days,Global Lifestyle Survey
France,FRA,Europe,High Income,46.23,2.21,2024,Daily Routine,Exercise Days per Week,2.938,days,Global Lifestyle Survey
Germany,DEU,Europe,High Income,51.17,10.45,2024,Daily Routine,Exercise Days per Week,3.021,days,Global Lifestyle Survey
India,IND,Asia,Lower Middle Income,20.59,78.96,2024,Daily Routine,Exercise Days per Week,3.032,days,Global Lifestyle Survey
Japan,JPN,Asia,High Income,36.2,138.25,2024,Daily Routine,Exercise Days per Week,3.022,days,Global Lifestyle Survey
South Korea,KOR,Asia,High Income,35.91,127.77,2024,Daily Routine,Exercise Days per Week,3.01,days,Global Lifestyle Survey
UK,GBR,Europe,High Income,55.38,-3.44,2024,Daily Routine,Exercise Days per Week,3.029,days,Global Lifestyle Survey
USA,USA,North America,High Income,37.09,-95.71,2024,Daily Routine,Exercise Days per Week,2.969,days,Global Lifestyle Survey
Australia,AUS,Oceania,High Income,-25.27,133.77,2024,Daily Routine,Screen Time Hours,6.604,hours,Global Lifestyle Survey
Brazil,BRA,South America,Upper Middle Income,-14.24,-51.93,2024,Daily Routine,Screen Time Hours,6.464,hours,Global Lifestyle Survey
Canada,CAN,North America,High Income,56.13,-106.35,2024,Daily Routine,Screen Time Hours,6.468,hours,Global Lifestyle Survey
France,FRA,Europe,High Income,46.23,2.21,2024,Daily Routine,Screen Time Hours,6.412,hours,Global Lifestyle Survey
Germany,DEU,Europe,High Income,51.17,10.45,2024,Daily Routine,Screen Time Hours,6.46,hours,Global Lifestyle Survey
India,IND,Asia,Lower Middle Income,20.59,78.96,2024,Daily Routine,Screen Time Hours,6.524,hours,Global Lifestyle Survey
Japan,JPN,Asia,High Income,36.2,138.25,2024,Daily Routine,Screen Time Hours,6.441,hours,Global Lifestyle Survey
South Korea,KOR,Asia,High Income,35.91,127.77,2024,Daily Routine,Screen Time Hours,6.574,hours,Global Lifestyle Survey
UK,GBR,Europe,High Income,55.38,-3.44,2024,Daily Routine,Screen Time Hours,6.43,hours,Global Lifestyle Survey
USA,USA,North America,High Income,37.09,-95.71,2024,Daily Routine,Screen Time Hours,6.526,hours,Global Lifestyle Survey
Australia,AUS,Oceania,High Income,-25.27,133.77,2024,Daily Routine,Sleep Hours per Night,7.068,hours,Global Lifestyle Survey
Brazil,BRA,South America,Upper Middle Income,-14.24,-51.93,2024,Daily Routine,Sleep Hours per Night,6.97,hours,Global Lifestyle Survey
Canada,CAN,North America,High Income,56.13,-106.35,2024,Daily Routine,Sleep Hours per Night,6.99,hours,Global Lifestyle Survey
France,FRA,Europe,High Income,46.23,2.21,2024,Daily Routine,Sleep Hours per Night,6.983,hours,Global Lifestyle Survey
Germany,DEU,Europe,High Income,51.17,10.45,2024,Daily Routine,Sleep Hours per Night,6.997,hours,Global Lifestyle Survey
India,IND,Asia,Lower Middle Income,20.59,78.96,2024,Daily Routine,Sleep Hours per Night,6.95,hours,Global Lifestyle Survey
Japan,JPN,Asia,High Income,36.2,138.25,2024,Daily Routine,Sleep Hours per Night,6.975,hours,Global Lifestyle Survey
South Korea,KOR,Asia,High Income,35.91,127.77,2024,Daily Routine,Sleep Hours per Night,7.03,hours,Global Lifestyle Survey
UK,GBR,Europe,High Income,55.38,-3.44,2024,Daily Routine,Sleep Hours per Night,6.951,hours,Global Lifestyle Survey
USA,USA,North America,High Income,37.09,-95.71,2024,Daily Routine,Sleep Hours per Night,6.978,hours,Global Lifestyle Survey
Australia,AUS,Oceania,High Income,-25.27,133.77,2024,Daily Routine,Social Media Hours,2.534,hours,Global Lifestyle Survey
Brazil,BRA,South America,Upper Middle Income,-14.24,-51.93,2024,Daily Routine,Social Media Hours,2.452,hours,Global Lifestyle Survey
Canada,CAN,North America,High Income,56.13,-106.35,2024,Daily Routine,Social Media Hours,2.456,hours,Global Lifestyle Survey
France,FRA,Europe,High Income,46.23,2.21,2024,Daily Routine,Social Media Hours,2.472,hours,Global Lifestyle Survey
Germany,DEU,Europe,High Income,51.17,10.45,2024,Daily Routine,Social Media Hours,2.446,hours,Global Lifestyle Survey
India,IND,Asia,Lower Middle Income,20.59,78.96,2024,Daily Routine,Social Media Hours,2.475,hours,Global Lifestyle Survey
Japan,JPN,Asia,High Income,36.2,138.25,2024,Daily Routine,Social Media Hours,2.427,hours,Global Lifestyle Survey
South Korea,KOR,Asia,High Income,35.91,127.77,2024,Daily Routine,Social Media Hours,2.536,hours,Global Lifestyle Survey
UK,GBR,Europe,High Income,55.38,-3.44,2024,Daily Routine,Social Media Hours,2.444,hours,Global Lifestyle Survey
USA,USA,North America,High Income,37.09,-95.71,2024,Daily Routine,Social Media Hours,2.508,hours,Global Lifestyle Survey
Australia,AUS,Oceania,High Income,-25.27,133.77,2023,Ecological Footprint,Carbon Footprint (gha),4.3,gha per capita,Global Ecological Footprint 2023
Brazil,BRA,South America,Upper Middle Income,-14.24,-51.93,2023,Ecological Footprint,Carbon Footprint (gha),0.7,gha per capita,Global Ecological Footprint 2023
Canada,CAN,North America,High Income,56.13,-106.35,2023,Ecological Footprint,Carbon Footprint (gha),4.6,gha per capita,Global Ecological Footprint 2023
France,FRA,Europe,High Income,46.23,2.21,2023,Ecological Footprint,Carbon Footprint (gha),2.2,gha per capita,Global Ecological Footprint 2023
Germany,DEU,Europe,High Income,51.17,10.45,2023,Ecological Footprint,Carbon Footprint (gha),2.7,gha per capita,Global Ecological Footprint 2023
India,IND,Asia,Lower Middle Income,20.59,78.96,2023,Ecological Footprint,Carbon Footprint (gha),0.6,gha per capita,Global Ecological Footprint 2023
Japan,JPN,Asia,High Income,36.2,138.25,2023,Ecological Footprint,Carbon Footprint (gha),2.9,gha per capita,Global Ecological Footprint 2023
South Korea,KOR,Asia,High Income,35.91,127.77,2023,Ecological Footprint,Carbon Footprint (gha),4.2,gha per capita,Global Ecological Footprint 2023
UK,GBR,Europe,High Income,55.38,-3.44,2023,Ecological Footprint,Carbon Footprint (gha),2.1,gha per capita,Global Ecological Footprint 2023
USA,USA,North America,High Income,37.09,-95.71,2023,Ecological Footprint,Carbon Footprint (gha),4.8,gha per capita,Global Ecological Footprint 2023
Australia,AUS,Oceania,High Income,-25.27,133.77,2023,Ecological Footprint,Cropland Footprint,0.1,gha per capita,Global Ecological Footprint 2023
Brazil,BRA,South America,Upper Middle Income,-14.24,-51.93,2023,Ecological Footprint,Cropland Footprint,0.5,gha per capita,Global Ecological Footprint 2023
Canada,CAN,North America,High Income,56.13,-106.35,2023,Ecological Footprint,Cropland Footprint,1.3,gha per capita,Global Ecological Footprint 2023
France,FRA,Europe,High Income,46.23,2.21,2023,Ecological Footprint,Cropland Footprint,1.0,gha per capita,Global Ecological Footprint 2023
Germany,DEU,Europe,High Income,51.17,10.45,2023,Ecological Footprint,Cropland Footprint,0.9,gha per capita,Global Ecological Footprint 2023
India,IND,Asia,Lower Middle Income,20.59,78.96,2023,Ecological Footprint,Cropland Footprint,0.2,gha per capita,Global Ecological Footprint 2023
Japan,JPN,Asia,High Income,36.2,138.25,2023,Ecological Footprint,Cropland Footprint,0.4,gha per capita,Global Ecological Footprint 2023
South Korea,KOR,Asia,High Income,35.91,127.77,2023,Ecological Footprint,Cropland Footprint,0.7,gha per capita,Global Ecological Footprint 2023
UK,GBR,Europe,High Income,55.38,-3.44,2023,Ecological Footprint,Cropland Footprint,0.7,gha per capita,Global Ecological Footprint 2023
USA,USA,North America,High Income,37.09,-95.71,2023,Ecological Footprint,Cropland Footprint,1.3,gha per capita,Global Ecological Footprint 2023
Australia,AUS,Oceania,High Income,-25.27,133.77,2023,Ecological Footprint,Earths Required,3.825,earths,Global Ecological Footprint 2023
Brazil,BRA,South America,Upper Middle Income,-14.24,-51.93,2023,Ecological Footprint,Earths Required,1.69,earths,Global Ecological Footprint 2023
Canada,CAN,North America,High Income,56.13,-106.35,2023,Ecological Footprint,Earths Required,4.914,earths,Global Ecological Footprint 2023
France,FRA,Europe,High Income,46.23,2.21,2023,Ecological Footprint,Earths Required,2.856,earths,Global Ecological Footprint 2023
Germany,DEU,Europe,High Income,51.17,10.45,2023,Ecological Footprint,Earths Required,2.979,earths,Global Ecological Footprint 2023
India,IND,Asia,Lower Middle Income,20.59,78.96,2023,Ecological Footprint,Earths Required,0.687,earths,Global Ecological Footprint 2023
Japan,JPN,Asia,High Income,36.2,138.25,2023,Ecological Footprint,Earths Required,2.678,earths,Global Ecological Footprint 2023
South Korea,KOR,Asia,High Income,35.91,127.77,2023,Ecological Footprint,Earths Required,3.855,earths,Global Ecological Footprint 2023
UK,GBR,Europe,High Income,55.38,-3.44,2023,Ecological Footprint,Earths Required,2.361,earths,Global Ecological Footprint 2023
USA,USA,North America,High Income,37.09,-95.71,2023,Ecological Footprint,Earths Required,4.94,earths,Global Ecological Footprint 2023
Australia,AUS,Oceania,High Income,-25.27,133.77,2023,Ecological Footprint,Ecological Deficit/Reserve,5.244,gha per capita,Global Ecological Footprint 2023
Brazil,BRA,South America,Upper Middle Income,-14.24,-51.93,2023,Ecological Footprint,Ecological Deficit/Reserve,5.625,gha per capita,Global Ecological Footprint 2023
Canada,CAN,North America,High Income,56.13,-106.35,2023,Ecological Footprint,Ecological Deficit/Reserve,6.82,gha per capita,Global Ecological Footprint 2023
France,FRA,Europe,High Income,46.23,2.21,2023,Ecological Footprint,Ecological Deficit/Reserve,-1.855,gha per capita,Global Ecological Footprint 2023
Germany,DEU,Europe,High Income,51.17,10.45,2023,Ecological Footprint,Ecological Deficit/Reserve,-2.884,gha per capita,Global Ecological Footprint 2023
India,IND,Asia,Lower Middle Income,20.59,78.96,2023,Ecological Footprint,Ecological Deficit/Reserve,-0.695,gha per capita,Global Ecological Footprint 2023
Japan,JPN,Asia,High Income,36.2,138.25,2023,Ecological Footprint,Ecological Deficit/Reserve,-3.414,gha per capita,Global Ecological Footprint 2023
South Korea,KOR,Asia,High Income,35.91,127.77,2023,Ecological Footprint,Ecological Deficit/Reserve,-5.175,gha per capita,Global Ecological Footprint 2023
UK,GBR,Europe,High Income,55.38,-3.44,2023,Ecological Footprint,Ecological Deficit/Reserve,-2.545,gha per capita,Global Ecological Footprint 2023
USA,USA,North America,High Income,37.09,-95.71,2023,Ecological Footprint,Ecological Deficit/Reserve,-3.74,gha per capita,Global Ecological Footprint 2023
Australia,AUS,Oceania,High Income,-25.27,133.77,2023,Ecological Footprint,Forest Product Footprint,0.9,gha per capita,Global Ecological Footprint 2023
Brazil,BRA,South America,Upper Middle Income,-14.24,-51.93,2023,Ecological Footprint,Forest Product Footprint,0.4,gha per capita,Global Ecological Footprint 2023
Canada,CAN,North America,High Income,56.13,-106.35,2023,Ecological Footprint,Forest Product Footprint,1.1,gha per capita,Global Ecological Footprint 2023
France,FRA,Europe,High Income,46.23,2.21,2023,Ecological Footprint,Forest Product Footprint,0.5,gha per capita,Global Ecological Footprint 2023
Germany,DEU,Europe,High Income,51.17,10.45,2023,Ecological Footprint,Forest Product Footprint,0.5,gha per capita,Global Ecological Footprint 2023
India,IND,Asia,Lower Middle Income,20.59,78.96,2023,Ecological Footprint,Forest Product Footprint,0.1,gha per capita,Global Ecological Footprint 2023
Japan,JPN,Asia,High Income,36.2,138.25,2023,Ecological Footprint,Forest Product Footprint,0.2,gha per capita,Global Ecological Footprint 2023
South Korea,KOR,Asia,High Income,35.91,127.77,2023,Ecological Footprint,Forest Product Footprint,0.2,gha per capita,Global Ecological Footprint 2023
UK,GBR,Europe,High Income,55.38,-3.44,2023,Ecological Footprint,Forest Product Footprint,0.4,gha per capita,Global Ecological Footprint 2023
USA,USA,North America,High Income,37.09,-95.71,2023,Ecological Footprint,Forest Product Footprint,0.8,gha per capita,Global Ecological Footprint 2023
Australia,AUS,Oceania,High Income,-25.27,133.77,2023,Ecological Footprint,Total Ecological Footprint,5.8,gha per capita,Global Ecological Footprint 2023
Brazil,BRA,South America,Upper Middle Income,-14.24,-51.93,2023,Ecological Footprint,Total Ecological Footprint,2.6,gha per capita,Global Ecological Footprint 2023
Canada,CAN,North America,High Income,56.13,-106.35,2023,Ecological Footprint,Total Ecological Footprint,7.4,gha per capita,Global Ecological Footprint 2023
France,FRA,Europe,High Income,46.23,2.21,2023,Ecological Footprint,Total Ecological Footprint,4.3,gha per capita,Global Ecological Footprint 2023
Germany,DEU,Europe,High Income,51.17,10.45,2023,Ecological Footprint,Total Ecological Footprint,4.5,gha per capita,Global Ecological Footprint 2023
India,IND,Asia,Lower Middle Income,20.59,78.96,2023,Ecological Footprint,Total Ecological Footprint,1.0,gha per capita,Global Ecological Footprint 2023
Japan,JPN,Asia,High Income,36.2,138.25,2023,Ecological Footprint,Total Ecological Footprint,4.0,gha per capita,Global Ecological Footprint 2023
South Korea,KOR,Asia,High Income,35.91,127.77,2023,Ecological Footprint,Total Ecological Footprint,5.8,gha per capita,Global Ecological Footprint 2023
UK,GBR,Europe,High Income,55.38,-3.44,2023,Ecological Footprint,Total Ecological Footprint,3.6,gha per capita,Global Ecological Footprint 2023
USA,USA,North America,High Income,37.09,-95.71,2023,Ecological Footprint,Total Ecological Footprint,7.5,gha per capita,Global Ecological Footprint 2023
Australia,AUS,Oceania,High Income,-25.27,133.77,1990,Food & Emissions,Food Household Emissions,7889.533,kt CO2eq,Agrofood CO2 Emissions
Australia,AUS,Oceania,High Income,-25.27,133.77,1991,Food & Emissions,Food Household Emissions,8060.243,kt CO2eq,Agrofood CO2 Emissions
Australia,AUS,Oceania,High Income,-25.27,133.77,1992,Food & Emissions,Food Household Emissions,8141.972,kt CO2eq,Agrofood CO2 Emissions
Australia,AUS,Oceania,High Income,-25.27,133.77,1993,Food & Emissions,Food Household Emissions,8281.756,kt CO2eq,Agrofood CO2 Emissions
Australia,AUS,Oceania,High Income,-25.27,133.77,1994,Food & Emissions,Food Household Emissions,8165.508,kt CO2eq,Agrofood CO2 Emissions
Australia,AUS,Oceania,High Income,-25.27,133.77,1995,Food & Emissions,Food Household Emissions,8574.577,kt CO2eq,Agrofood CO2 Emissions
Australia,AUS,Oceania,High Income,-25.27,133.77,1996,Food & Emissions,Food Household Emissions,8977.227,kt CO2eq,Agrofood CO2 Emissions
Australia,AUS,Oceania,High Income,-25.27,133.77,1997,Food & Emissions,Food Household Emissions,9281.505,kt CO2eq,Agrofood CO2 Emissions
Australia,AUS,Oceania,High Income,-25.27,133.77,1998,Food & Emissions,Food Household Emissions,10024.806,kt CO2eq,Agrofood CO2 Emissions
Australia,AUS,Oceania,High Income,-25.27,133.77,1999,Food & Emissions,Food Household Emissions,10036.891,kt CO2eq,Agrofood CO2 Emissions
Australia,AUS,Oceania,High Income,-25.27,133.77,2000,Food & Emissions,Food Household Emissions,10208.234,kt CO2eq,Agrofood CO2 Emissions
Australia,AUS,Oceania,High Income,-25.27,133.77,2001,Food & Emissions,Food Household Emissions,10002.086,kt CO2eq,Agrofood CO2 Emissions
Australia,AUS,Oceania,High Income,-25.27,133.77,2002,Food & Emissions,Food Household Emissions,10848.515,kt CO2eq,Agrofood CO2 Emissions
Australia,AUS,Oceania,High Income,-25.27,133.77,2003,Food & Emissions,Food Household Emissions,10634.779,kt CO2eq,Agrofood CO2 Emissions
Australia,AUS,Oceania,High Income,-25.27,133.77,2004,Food & Emissions,Food Household Emissions,10928.48,kt CO2eq,Agrofood CO2 Emissions
Australia,AUS,Oceania,High Income,-25.27,133.77,2005,Food & Emissions,Food Household Emissions,10908.074,kt CO2eq,Agrofood CO2 Emissions
Australia,AUS,Oceania,High Income,-25.27,133.77,2006,Food & Emissions,Food Household Emissions,10902.984,kt CO2eq,Agrofood CO2 Emissions
Australia,AUS,Oceania,High Income,-25.27,133.77,2007,Food & Emissions,Food Household Emissions,11079.745,kt CO2eq,Agrofood CO2 Emissions
Australia,AUS,Oceania,High Income,-25.27,133.77,2008,Food & Emissions,Food Household Emissions,11198.601,kt CO2eq,Agrofood CO2 Emissions
Australia,AUS,Oceania,High Income,-25.27,133.77,2009,Food & Emissions,Food Household Emissions,12059.367,kt CO2eq,Agrofood CO2 Emissions
Australia,AUS,Oceania,High Income,-25.27,133.77,2010,Food & Emissions,Food Household Emissions,11505.328,kt CO2eq,Agrofood CO2 Emissions
Australia,AUS,Oceania,High Income,-25.27,133.77,2011,Food & Emissions,Food Household Emissions,11511.368,kt CO2eq,Agrofood CO2 Emissions
Australia,AUS,Oceania,High Income,-25.27,133.77,2012,Food & Emissions,Food Household Emissions,11502.333,kt CO2eq,Agrofood CO2 Emissions
Australia,AUS,Oceania,High Income,-25.27,133.77,2013,Food & Emissions,Food Household Emissions,11120.108,kt CO2eq,Agrofood CO2 Emissions
Australia,AUS,Oceania,High Income,-25.27,133.77,2014,Food & Emissions,Food Household Emissions,10559.354,kt CO2eq,Agrofood CO2 Emissions
Australia,AUS,Oceania,High Income,-25.27,133.77,2015,Food & Emissions,Food Household Emissions,11191.438,kt CO2eq,Agrofood CO2 Emissions
Australia,AUS,Oceania,High Income,-25.27,133.77,2016,Food & Emissions,Food Household Emissions,11438.994,kt CO2eq,Agrofood CO2 Emissions
Australia,AUS,Oceania,High Income,-25.27,133.77,2017,Food & Emissions,Food Household Emissions,11394.2,kt CO2eq,Agrofood CO2 Emissions
Australia,AUS,Oceania,High Income,-25.27,133.77,2018,Food & Emissions,Food Household Emissions,11016.162,kt CO2eq,Agrofood CO2 Emissions
Australia,AUS,Oceania,High Income,-25.27,133.77,2019,Food & Emissions,Food Household Emissions,10737.618,kt CO2eq,Agrofood CO2 Emissions
Australia,AUS,Oceania,High Income,-25.27,133.77,2020,Food & Emissions,Food Household Emissions,11169.389,kt CO2eq,Agrofood CO2 Emissions
Brazil,BRA,South America,Upper Middle Income,-14.24,-51.93,1990,Food & Emissions,Food Household Emissions,11511.423,kt CO2eq,Agrofood CO2 Emissions
Brazil,BRA,South America,Upper Middle Income,-14.24,-51.93,1991,Food & Emissions,Food Household Emissions,11913.975,kt CO2eq,Agrofood CO2 Emissions
Brazil,BRA,South America,Upper Middle Income,-14.24,-51.93,1992,Food & Emissions,Food Household Emissions,12476.379,kt CO2eq,Agrofood CO2 Emissions
Brazil,BRA,South America,Upper Middle Income,-14.24,-51.93,1993,Food & Emissions,Food Household Emissions,12966.166,kt CO2eq,Agrofood CO2 Emissions
Brazil,BRA,South America,Upper Middle Income,-14.24,-51.93,1994,Food & Emissions,Food Household Emissions,12896.616,kt CO2eq,Agrofood CO2 Emissions
Brazil,BRA,South America,Upper Middle Income,-14.24,-51.93,1995,Food & Emissions,Food Household Emissions,14293.012,kt CO2eq,Agrofood CO2 Emissions
Brazil,BRA,South America,Upper Middle Income,-14.24,-51.93,1996,Food & Emissions,Food Household Emissions,14564.584,kt CO2eq,Agrofood CO2 Emissions
Brazil,BRA,South America,Upper Middle Income,-14.24,-51.93,1997,Food & Emissions,Food Household Emissions,14912.364,kt CO2eq,Agrofood CO2 Emissions
Brazil,BRA,South America,Upper Middle Income,-14.24,-51.93,1998,Food & Emissions,Food Household Emissions,15146.364,kt CO2eq,Agrofood CO2 Emissions
Brazil,BRA,South America,Upper Middle Income,-14.24,-51.93,1999,Food & Emissions,Food Household Emissions,16126.409,kt CO2eq,Agrofood CO2 Emissions
Brazil,BRA,South America,Upper Middle Income,-14.24,-51.93,2000,Food & Emissions,Food Household Emissions,16405.566,kt CO2eq,Agrofood CO2 Emissions
Brazil,BRA,South America,Upper Middle Income,-14.24,-51.93,2001,Food & Emissions,Food Household Emissions,16550.096,kt CO2eq,Agrofood CO2 Emissions
Brazil,BRA,South America,Upper Middle Income,-14.24,-51.93,2002,Food & Emissions,Food Household Emissions,15572.463,kt CO2eq,Agrofood CO2 Emissions
Brazil,BRA,South America,Upper Middle Income,-14.24,-51.93,2003,Food & Emissions,Food Household Emissions,14728.733,kt CO2eq,Agrofood CO2 Emissions
Brazil,BRA,South America,Upper Middle Income,-14.24,-51.93,2004,Food & Emissions,Food Household Emissions,15278.784,kt CO2eq,Agrofood CO2 Emissions
Brazil,BRA,South America,Upper Middle Income,-14.24,-51.93,2005,Food & Emissions,Food Household Emissions,15150.68,kt CO2eq,Agrofood CO2 Emissions
Brazil,BRA,South America,Upper Middle Income,-14.24,-51.93,2006,Food & Emissions,Food Household Emissions,15162.73,kt CO2eq,Agrofood CO2 Emissions
Brazil,BRA,South America,Upper Middle Income,-14.24,-51.93,2007,Food & Emissions,Food Household Emissions,15460.813,kt CO2eq,Agrofood CO2 Emissions
Brazil,BRA,South America,Upper Middle Income,-14.24,-51.93,2008,Food & Emissions,Food Household Emissions,16468.039,kt CO2eq,Agrofood CO2 Emissions
Brazil,BRA,South America,Upper Middle Income,-14.24,-51.93,2009,Food & Emissions,Food Household Emissions,15814.813,kt CO2eq,Agrofood CO2 Emissions
Brazil,BRA,South America,Upper Middle Income,-14.24,-51.93,2010,Food & Emissions,Food Household Emissions,17220.799,kt CO2eq,Agrofood CO2 Emissions
Brazil,BRA,South America,Upper Middle Income,-14.24,-51.93,2011,Food & Emissions,Food Household Emissions,16761.526,kt CO2eq,Agrofood CO2 Emissions
Brazil,BRA,South America,Upper Middle Income,-14.24,-51.93,2012,Food & Emissions,Food Household Emissions,18197.056,kt CO2eq,Agrofood CO2 Emissions
Brazil,BRA,South America,Upper Middle Income,-14.24,-51.93,2013,Food & Emissions,Food Household Emissions,20200.156,kt CO2eq,Agrofood CO2 Emissions
Brazil,BRA,South America,Upper Middle Income,-14.24,-51.93,2014,Food & Emissions,Food Household Emissions,21545.496,kt CO2eq,Agrofood CO2 Emissions
Brazil,BRA,South America,Upper Middle Income,-14.24,-51.93,2015,Food & Emissions,Food Household Emissions,21635.804,kt CO2eq,Agrofood CO2 Emissions
Brazil,BRA,South America,Upper Middle Income,-14.24,-51.93,2016,Food & Emissions,Food Household Emissions,20387.239,kt CO2eq,Agrofood CO2 Emissions
Brazil,BRA,South America,Upper Middle Income,-14.24,-51.93,2017,Food & Emissions,Food Household Emissions,20648.166,kt CO2eq,Agrofood CO2 Emissions
Brazil,BRA,South America,Upper Middle Income,-14.24,-51.93,2018,Food & Emissions,Food Household Emissions,19986.307,kt CO2eq,Agrofood CO2 Emissions
Brazil,BRA,South America,Upper Middle Income,-14.24,-51.93,2019,Food & Emissions,Food Household Emissions,20175.417,kt CO2eq,Agrofood CO2 Emissions
Brazil,BRA,South America,Upper Middle Income,-14.24,-51.93,2020,Food & Emissions,Food Household Emissions,21000.363,kt CO2eq,Agrofood CO2 Emissions
Canada,CAN,North America,High Income,56.13,-106.35,1990,Food & Emissions,Food Household Emissions,8809.854,kt CO2eq,Agrofood CO2 Emissions
Canada,CAN,North America,High Income,56.13,-106.35,1991,Food & Emissions,Food Household Emissions,8614.68,kt CO2eq,Agrofood CO2 Emissions
Canada,CAN,North America,High Income,56.13,-106.35,1992,Food & Emissions,Food Household Emissions,9070.851,kt CO2eq,Agrofood CO2 Emissions
Canada,CAN,North America,High Income,56.13,-106.35,1993,Food & Emissions,Food Household Emissions,8627.79,kt CO2eq,Agrofood CO2 Emissions
Canada,CAN,North America,High Income,56.13,-106.35,1994,Food & Emissions,Food Household Emissions,8703.437,kt CO2eq,Agrofood CO2 Emissions
Canada,CAN,North America,High Income,56.13,-106.35,1995,Food & Emissions,Food Household Emissions,8798.128,kt CO2eq,Agrofood CO2 Emissions
Canada,CAN,North America,High Income,56.13,-106.35,1996,Food & Emissions,Food Household Emissions,9125.875,kt CO2eq,Agrofood CO2 Emissions
Canada,CAN,North America,High Income,56.13,-106.35,1997,Food & Emissions,Food Household Emissions,9398.862,kt CO2eq,Agrofood CO2 Emissions
Canada,CAN,North America,High Income,56.13,-106.35,1998,Food & Emissions,Food Household Emissions,9539.215,kt CO2eq,Agrofood CO2 Emissions
Canada,CAN,North America,High Income,56.13,-106.35,1999,Food & Emissions,Food Household Emissions,9626.468,kt CO2eq,Agrofood CO2 Emissions
Canada,CAN,North America,High Income,56.13,-106.35,2000,Food & Emissions,Food Household Emissions,10358.79,kt CO2eq,Agrofood CO2 Emissions
Canada,CAN,North America,High Income,56.13,-106.35,2001,Food & Emissions,Food Household Emissions,10464.14,kt CO2eq,Agrofood CO2 Emissions
Canada,CAN,North America,High Income,56.13,-106.35,2002,Food & Emissions,Food Household Emissions,9989.759,kt CO2eq,Agrofood CO2 Emissions
Canada,CAN,North America,High Income,56.13,-106.35,2003,Food & Emissions,Food Household Emissions,10522.552,kt CO2eq,Agrofood CO2 Emissions
Canada,CAN,North America,High Income,56.13,-106.35,2004,Food & Emissions,Food Household Emissions,9999.582,kt CO2eq,Agrofood CO2 Emissions
Canada,CAN,North America,High Income,56.13,-106.35,2005,Food & Emissions,Food Household Emissions,9368.203,kt CO2eq,Agrofood CO2 Emissions
Canada,CAN,North America,High Income,56.13,-106.35,2006,Food & Emissions,Food Household Emissions,9197.171,kt CO2eq,Agrofood CO2 Emissions
Canada,CAN,North America,High Income,56.13,-106.35,2007,Food & Emissions,Food Household Emissions,9892.302,kt CO2eq,Agrofood CO2 Emissions
Canada,CAN,North America,High Income,56.13,-106.35,2008,Food & Emissions,Food Household Emissions,9389.262,kt CO2eq,Agrofood CO2 Emissions
Canada,CAN,North America,High Income,56.13,-106.35,2009,Food & Emissions,Food Household Emissions,8812.671,kt CO2eq,Agrofood CO2 Emissions
Canada,CAN,North America,High Income,56.13,-106.35,2010,Food & Emissions,Food Household Emissions,8613.628,kt CO2eq,Agrofood CO2 Emissions
Canada,CAN,North America,High Income,56.13,-106.35,2011,Food & Emissions,Food Household Emissions,8541.936,kt CO2eq,Agrofood CO2 Emissions
Canada,CAN,North America,High Income,56.13,-106.35,2012,Food & Emissions,Food Household Emissions,8029.411,kt CO2eq,Agrofood CO2 Emissions
Canada,CAN,North America,High Income,56.13,-106.35,2013,Food & Emissions,Food Household Emissions,8149.57,kt CO2eq,Agrofood CO2 Emissions
Canada,CAN,North America,High Income,56.13,-106.35,2014,Food & Emissions,Food Household Emissions,8298.474,kt CO2eq,Agrofood CO2 Emissions
Canada,CAN,North America,High Income,56.13,-106.35,2015,Food & Emissions,Food Household Emissions,7894.971,kt CO2eq,Agrofood CO2 Emissions
Canada,CAN,North America,High Income,56.13,-106.35,2016,Food & Emissions,Food Household Emissions,7481.182,kt CO2eq,Agrofood CO2 Emissions
Canada,CAN,North America,High Income,56.13,-106.35,2017,Food & Emissions,Food Household Emissions,7684.242,kt CO2eq,Agrofood CO2 Emissions
Canada,CAN,North America,High Income,56.13,-106.35,2018,Food & Emissions,Food Household Emissions,7767.507,kt CO2eq,Agrofood CO2 Emissions
Canada,CAN,North America,High Income,56.13,-106.35,2019,Food & Emissions,Food Household Emissions,7362.294,kt CO2eq,Agrofood CO2 Emissions
Canada,CAN,North America,High Income,56.13,-106.35,2020,Food & Emissions,Food Household Emissions,7181.927,kt CO2eq,Agrofood CO2 Emissions
France,FRA,Europe,High Income,46.23,2.21,1990,Food & Emissions,Food Household Emissions,7190.502,kt CO2eq,Agrofood CO2 Emissions
France,FRA,Europe,High Income,46.23,2.21,1991,Food & Emissions,Food Household Emissions,7263.904,kt CO2eq,Agrofood CO2 Emissions
France,FRA,Europe,High Income,46.23,2.21,1992,Food & Emissions,Food Household Emissions,6404.809,kt CO2eq,Agrofood CO2 Emissions
France,FRA,Europe,High Income,46.23,2.21,1993,Food & Emissions,Food Household Emissions,5767.563,kt CO2eq,Agrofood CO2 Emissions
France,FRA,Europe,High Income,46.23,2.21,1994,Food & Emissions,Food Household Emissions,5435.818,kt CO2eq,Agrofood CO2 Emissions
France,FRA,Europe,High Income,46.23,2.21,1995,Food & Emissions,Food Household Emissions,5726.711,kt CO2eq,Agrofood CO2 Emissions
France,FRA,Europe,High Income,46.23,2.21,1996,Food & Emissions,Food Household Emissions,6497.598,kt CO2eq,Agrofood CO2 Emissions
France,FRA,Europe,High Income,46.23,2.21,1997,Food & Emissions,Food Household Emissions,5934.563,kt CO2eq,Agrofood CO2 Emissions
France,FRA,Europe,High Income,46.23,2.21,1998,Food & Emissions,Food Household Emissions,7193.357,kt CO2eq,Agrofood CO2 Emissions
France,FRA,Europe,High Income,46.23,2.21,1999,Food & Emissions,Food Household Emissions,6866.035,kt CO2eq,Agrofood CO2 Emissions
France,FRA,Europe,High Income,46.23,2.21,2000,Food & Emissions,Food Household Emissions,6518.678,kt CO2eq,Agrofood CO2 Emissions
France,FRA,Europe,High Income,46.23,2.21,2001,Food & Emissions,Food Household Emissions,6052.555,kt CO2eq,Agrofood CO2 Emissions
France,FRA,Europe,High Income,46.23,2.21,2002,Food & Emissions,Food Household Emissions,6296.847,kt CO2eq,Agrofood CO2 Emissions
France,FRA,Europe,High Income,46.23,2.21,2003,Food & Emissions,Food Household Emissions,6453.27,kt CO2eq,Agrofood CO2 Emissions
France,FRA,Europe,High Income,46.23,2.21,2004,Food & Emissions,Food Household Emissions,6848.184,kt CO2eq,Agrofood CO2 Emissions
France,FRA,Europe,High Income,46.23,2.21,2005,Food & Emissions,Food Household Emissions,7120.027,kt CO2eq,Agrofood CO2 Emissions
France,FRA,Europe,High Income,46.23,2.21,2006,Food & Emissions,Food Household Emissions,7017.775,kt CO2eq,Agrofood CO2 Emissions
France,FRA,Europe,High Income,46.23,2.21,2007,Food & Emissions,Food Household Emissions,6689.546,kt CO2eq,Agrofood CO2 Emissions
France,FRA,Europe,High Income,46.23,2.21,2008,Food & Emissions,Food Household Emissions,6782.002,kt CO2eq,Agrofood CO2 Emissions
France,FRA,Europe,High Income,46.23,2.21,2009,Food & Emissions,Food Household Emissions,7116.891,kt CO2eq,Agrofood CO2 Emissions
France,FRA,Europe,High Income,46.23,2.21,2010,Food & Emissions,Food Household Emissions,7116.02,kt CO2eq,Agrofood CO2 Emissions
France,FRA,Europe,High Income,46.23,2.21,2011,Food & Emissions,Food Household Emissions,6303.078,kt CO2eq,Agrofood CO2 Emissions
France,FRA,Europe,High Income,46.23,2.21,2012,Food & Emissions,Food Household Emissions,6989.452,kt CO2eq,Agrofood CO2 Emissions
France,FRA,Europe,High Income,46.23,2.21,2013,Food & Emissions,Food Household Emissions,6966.562,kt CO2eq,Agrofood CO2 Emissions
France,FRA,Europe,High Income,46.23,2.21,2014,Food & Emissions,Food Household Emissions,5289.7,kt CO2eq,Agrofood CO2 Emissions
France,FRA,Europe,High Income,46.23,2.21,2015,Food & Emissions,Food Household Emissions,5589.943,kt CO2eq,Agrofood CO2 Emissions
France,FRA,Europe,High Income,46.23,2.21,2016,Food & Emissions,Food Household Emissions,6014.262,kt CO2eq,Agrofood CO2 Emissions
France,FRA,Europe,High Income,46.23,2.21,2017,Food & Emissions,Food Household Emissions,6139.529,kt CO2eq,Agrofood CO2 Emissions
France,FRA,Europe,High Income,46.23,2.21,2018,Food & Emissions,Food Household Emissions,5392.064,kt CO2eq,Agrofood CO2 Emissions
France,FRA,Europe,High Income,46.23,2.21,2019,Food & Emissions,Food Household Emissions,5258.901,kt CO2eq,Agrofood CO2 Emissions
France,FRA,Europe,High Income,46.23,2.21,2020,Food & Emissions,Food Household Emissions,5078.473,kt CO2eq,Agrofood CO2 Emissions
Germany,DEU,Europe,High Income,51.17,10.45,1990,Food & Emissions,Food Household Emissions,35637.156,kt CO2eq,Agrofood CO2 Emissions
Germany,DEU,Europe,High Income,51.17,10.45,1991,Food & Emissions,Food Household Emissions,33629.194,kt CO2eq,Agrofood CO2 Emissions
Germany,DEU,Europe,High Income,51.17,10.45,1992,Food & Emissions,Food Household Emissions,32994.241,kt CO2eq,Agrofood CO2 Emissions
Germany,DEU,Europe,High Income,51.17,10.45,1993,Food & Emissions,Food Household Emissions,34365.289,kt CO2eq,Agrofood CO2 Emissions
Germany,DEU,Europe,High Income,51.17,10.45,1994,Food & Emissions,Food Household Emissions,33856.091,kt CO2eq,Agrofood CO2 Emissions
Germany,DEU,Europe,High Income,51.17,10.45,1995,Food & Emissions,Food Household Emissions,34336.441,kt CO2eq,Agrofood CO2 Emissions
Germany,DEU,Europe,High Income,51.17,10.45,1996,Food & Emissions,Food Household Emissions,36803.445,kt CO2eq,Agrofood CO2 Emissions
Germany,DEU,Europe,High Income,51.17,10.45,1997,Food & Emissions,Food Household Emissions,34500.638,kt CO2eq,Agrofood CO2 Emissions
Germany,DEU,Europe,High Income,51.17,10.45,1998,Food & Emissions,Food Household Emissions,34058.938,kt CO2eq,Agrofood CO2 Emissions
Germany,DEU,Europe,High Income,51.17,10.45,1999,Food & Emissions,Food Household Emissions,32981.439,kt CO2eq,Agrofood CO2 Emissions
Germany,DEU,Europe,High Income,51.17,10.45,2000,Food & Emissions,Food Household Emissions,32772.529,kt CO2eq,Agrofood CO2 Emissions
Germany,DEU,Europe,High Income,51.17,10.45,2001,Food & Emissions,Food Household Emissions,34826.809,kt CO2eq,Agrofood CO2 Emissions
Germany,DEU,Europe,High Income,51.17,10.45,2002,Food & Emissions,Food Household Emissions,35584.238,kt CO2eq,Agrofood CO2 Emissions
Germany,DEU,Europe,High Income,51.17,10.45,2003,Food & Emissions,Food Household Emissions,34331.078,kt CO2eq,Agrofood CO2 Emissions
Germany,DEU,Europe,High Income,51.17,10.45,2004,Food & Emissions,Food Household Emissions,34241.335,kt CO2eq,Agrofood CO2 Emissions
Germany,DEU,Europe,High Income,51.17,10.45,2005,Food & Emissions,Food Household Emissions,34245.555,kt CO2eq,Agrofood CO2 Emissions
Germany,DEU,Europe,High Income,51.17,10.45,2006,Food & Emissions,Food Household Emissions,33816.252,kt CO2eq,Agrofood CO2 Emissions
Germany,DEU,Europe,High Income,51.17,10.45,2007,Food & Emissions,Food Household Emissions,34433.485,kt CO2eq,Agrofood CO2 Emissions
Germany,DEU,Europe,High Income,51.17,10.45,2008,Food & Emissions,Food Household Emissions,33826.658,kt CO2eq,Agrofood CO2 Emissions
Germany,DEU,Europe,High Income,51.17,10.45,2009,Food & Emissions,Food Household Emissions,32820.702,kt CO2eq,Agrofood CO2 Emissions
Germany,DEU,Europe,High Income,51.17,10.45,2010,Food & Emissions,Food Household Emissions,31744.789,kt CO2eq,Agrofood CO2 Emissions
Germany,DEU,Europe,High Income,51.17,10.45,2011,Food & Emissions,Food Household Emissions,32241.086,kt CO2eq,Agrofood CO2 Emissions
Germany,DEU,Europe,High Income,51.17,10.45,2012,Food & Emissions,Food Household Emissions,33226.702,kt CO2eq,Agrofood CO2 Emissions
Germany,DEU,Europe,High Income,51.17,10.45,2013,Food & Emissions,Food Household Emissions,32979.82,kt CO2eq,Agrofood CO2 Emissions
Germany,DEU,Europe,High Income,51.17,10.45,2014,Food & Emissions,Food Household Emissions,30134.136,kt CO2eq,Agrofood CO2 Emissions
Germany,DEU,Europe,High Income,51.17,10.45,2015,Food & Emissions,Food Household Emissions,29248.454,kt CO2eq,Agrofood CO2 Emissions
Germany,DEU,Europe,High Income,51.17,10.45,2016,Food & Emissions,Food Household Emissions,30562.306,kt CO2eq,Agrofood CO2 Emissions
Germany,DEU,Europe,High Income,51.17,10.45,2017,Food & Emissions,Food Household Emissions,28670.109,kt CO2eq,Agrofood CO2 Emissions
Germany,DEU,Europe,High Income,51.17,10.45,2018,Food & Emissions,Food Household Emissions,27770.212,kt CO2eq,Agrofood CO2 Emissions
Germany,DEU,Europe,High Income,51.17,10.45,2019,Food & Emissions,Food Household Emissions,24831.355,kt CO2eq,Agrofood CO2 Emissions
Germany,DEU,Europe,High Income,51.17,10.45,2020,Food & Emissions,Food Household Emissions,24713.255,kt CO2eq,Agrofood CO2 Emissions
India,IND,Asia,Lower Middle Income,20.59,78.96,1990,Food & Emissions,Food Household Emissions,7236.799,kt CO2eq,Agrofood CO2 Emissions
India,IND,Asia,Lower Middle Income,20.59,78.96,1991,Food & Emissions,Food Household Emissions,7952.514,kt CO2eq,Agrofood CO2 Emissions
India,IND,Asia,Lower Middle Income,20.59,78.96,1992,Food & Emissions,Food Household Emissions,8732.251,kt CO2eq,Agrofood CO2 Emissions
India,IND,Asia,Lower Middle Income,20.59,78.96,1993,Food & Emissions,Food Household Emissions,9462.371,kt CO2eq,Agrofood CO2 Emissions
India,IND,Asia,Lower Middle Income,20.59,78.96,1994,Food & Emissions,Food Household Emissions,10234.543,kt CO2eq,Agrofood CO2 Emissions
India,IND,Asia,Lower Middle Income,20.59,78.96,1995,Food & Emissions,Food Household Emissions,10886.092,kt CO2eq,Agrofood CO2 Emissions
India,IND,Asia,Lower Middle Income,20.59,78.96,1996,Food & Emissions,Food Household Emissions,12314.184,kt CO2eq,Agrofood CO2 Emissions
India,IND,Asia,Lower Middle Income,20.59,78.96,1997,Food & Emissions,Food Household Emissions,13626.156,kt CO2eq,Agrofood CO2 Emissions
India,IND,Asia,Lower Middle Income,20.59,78.96,1998,Food & Emissions,Food Household Emissions,16125.032,kt CO2eq,Agrofood CO2 Emissions
India,IND,Asia,Lower Middle Income,20.59,78.96,1999,Food & Emissions,Food Household Emissions,17168.533,kt CO2eq,Agrofood CO2 Emissions
India,IND,Asia,Lower Middle Income,20.59,78.96,2000,Food & Emissions,Food Household Emissions,20462.121,kt CO2eq,Agrofood CO2 Emissions
India,IND,Asia,Lower Middle Income,20.59,78.96,2001,Food & Emissions,Food Household Emissions,21486.359,kt CO2eq,Agrofood CO2 Emissions
India,IND,Asia,Lower Middle Income,20.59,78.96,2002,Food & Emissions,Food Household Emissions,24585.645,kt CO2eq,Agrofood CO2 Emissions
India,IND,Asia,Lower Middle Income,20.59,78.96,2003,Food & Emissions,Food Household Emissions,27867.383,kt CO2eq,Agrofood CO2 Emissions
India,IND,Asia,Lower Middle Income,20.59,78.96,2004,Food & Emissions,Food Household Emissions,30189.725,kt CO2eq,Agrofood CO2 Emissions
India,IND,Asia,Lower Middle Income,20.59,78.96,2005,Food & Emissions,Food Household Emissions,31169.732,kt CO2eq,Agrofood CO2 Emissions
India,IND,Asia,Lower Middle Income,20.59,78.96,2006,Food & Emissions,Food Household Emissions,33667.235,kt CO2eq,Agrofood CO2 Emissions
India,IND,Asia,Lower Middle Income,20.59,78.96,2007,Food & Emissions,Food Household Emissions,36815.366,kt CO2eq,Agrofood CO2 Emissions
India,IND,Asia,Lower Middle Income,20.59,78.96,2008,Food & Emissions,Food Household Emissions,36976.377,kt CO2eq,Agrofood CO2 Emissions
India,IND,Asia,Lower Middle Income,20.59,78.96,2009,Food & Emissions,Food Household Emissions,38623.874,kt CO2eq,Agrofood CO2 Emissions
India,IND,Asia,Lower Middle Income,20.59,78.96,2010,Food & Emissions,Food Household Emissions,44694.238,kt CO2eq,Agrofood CO2 Emissions
India,IND,Asia,Lower Middle Income,20.59,78.96,2011,Food & Emissions,Food Household Emissions,47204.52,kt CO2eq,Agrofood CO2 Emissions
India,IND,Asia,Lower Middle Income,20.59,78.96,2012,Food & Emissions,Food Household Emissions,49416.96,kt CO2eq,Agrofood CO2 Emissions
India,IND,Asia,Lower Middle Income,20.59,78.96,2013,Food & Emissions,Food Household Emissions,55092.659,kt CO2eq,Agrofood CO2 Emissions
India,IND,Asia,Lower Middle Income,20.59,78.96,2014,Food & Emissions,Food Household Emissions,59982.695,kt CO2eq,Agrofood CO2 Emissions
India,IND,Asia,Lower Middle Income,20.59,78.96,2015,Food & Emissions,Food Household Emissions,62763.687,kt CO2eq,Agrofood CO2 Emissions
India,IND,Asia,Lower Middle Income,20.59,78.96,2016,Food & Emissions,Food Household Emissions,67504.317,kt CO2eq,Agrofood CO2 Emissions
India,IND,Asia,Lower Middle Income,20.59,78.96,2017,Food & Emissions,Food Household Emissions,72752.01,kt CO2eq,Agrofood CO2 Emissions
India,IND,Asia,Lower Middle Income,20.59,78.96,2018,Food & Emissions,Food Household Emissions,74992.556,kt CO2eq,Agrofood CO2 Emissions
India,IND,Asia,Lower Middle Income,20.59,78.96,2019,Food & Emissions,Food Household Emissions,79580.594,kt CO2eq,Agrofood CO2 Emissions
India,IND,Asia,Lower Middle Income,20.59,78.96,2020,Food & Emissions,Food Household Emissions,83055.74,kt CO2eq,Agrofood CO2 Emissions
Japan,JPN,Asia,High Income,36.2,138.25,1990,Food & Emissions,Food Household Emissions,12795.448,kt CO2eq,Agrofood CO2 Emissions
Japan,JPN,Asia,High Income,36.2,138.25,1991,Food & Emissions,Food Household Emissions,13252.997,kt CO2eq,Agrofood CO2 Emissions
Japan,JPN,Asia,High Income,36.2,138.25,1992,Food & Emissions,Food Household Emissions,13721.03,kt CO2eq,Agrofood CO2 Emissions
Japan,JPN,Asia,High Income,36.2,138.25,1993,Food & Emissions,Food Household Emissions,13734.308,kt CO2eq,Agrofood CO2 Emissions
Japan,JPN,Asia,High Income,36.2,138.25,1994,Food & Emissions,Food Household Emissions,14674.349,kt CO2eq,Agrofood CO2 Emissions
Japan,JPN,Asia,High Income,36.2,138.25,1995,Food & Emissions,Food Household Emissions,14881.706,kt CO2eq,Agrofood CO2 Emissions
Japan,JPN,Asia,High Income,36.2,138.25,1996,Food & Emissions,Food Household Emissions,14851.363,kt CO2eq,Agrofood CO2 Emissions
Japan,JPN,Asia,High Income,36.2,138.25,1997,Food & Emissions,Food Household Emissions,14392.667,kt CO2eq,Agrofood CO2 Emissions
Japan,JPN,Asia,High Income,36.2,138.25,1998,Food & Emissions,Food Household Emissions,14462.031,kt CO2eq,Agrofood CO2 Emissions
Japan,JPN,Asia,High Income,36.2,138.25,1999,Food & Emissions,Food Household Emissions,15253.18,kt CO2eq,Agrofood CO2 Emissions
Japan,JPN,Asia,High Income,36.2,138.25,2000,Food & Emissions,Food Household Emissions,15746.783,kt CO2eq,Agrofood CO2 Emissions
Japan,JPN,Asia,High Income,36.2,138.25,2001,Food & Emissions,Food Household Emissions,15676.996,kt CO2eq,Agrofood CO2 Emissions
Japan,JPN,Asia,High Income,36.2,138.25,2002,Food & Emissions,Food Household Emissions,16652.017,kt CO2eq,Agrofood CO2 Emissions
Japan,JPN,Asia,High Income,36.2,138.25,2003,Food & Emissions,Food Household Emissions,17656.888,kt CO2eq,Agrofood CO2 Emissions
Japan,JPN,Asia,High Income,36.2,138.25,2004,Food & Emissions,Food Household Emissions,17037.428,kt CO2eq,Agrofood CO2 Emissions
Japan,JPN,Asia,High Income,36.2,138.25,2005,Food & Emissions,Food Household Emissions,17534.594,kt CO2eq,Agrofood CO2 Emissions
Japan,JPN,Asia,High Income,36.2,138.25,2006,Food & Emissions,Food Household Emissions,17398.001,kt CO2eq,Agrofood CO2 Emissions
Japan,JPN,Asia,High Income,36.2,138.25,2007,Food & Emissions,Food Household Emissions,18571.783,kt CO2eq,Agrofood CO2 Emissions
Japan,JPN,Asia,High Income,36.2,138.25,2008,Food & Emissions,Food Household Emissions,17874.641,kt CO2eq,Agrofood CO2 Emissions
Japan,JPN,Asia,High Income,36.2,138.25,2009,Food & Emissions,Food Household Emissions,17216.77,kt CO2eq,Agrofood CO2 Emissions
Japan,JPN,Asia,High Income,36.2,138.25,2010,Food & Emissions,Food Household Emissions,18606.461,kt CO2eq,Agrofood CO2 Emissions
Japan,JPN,Asia,High Income,36.2,138.25,2011,Food & Emissions,Food Household Emissions,19888.195,kt CO2eq,Agrofood CO2 Emissions
Japan,JPN,Asia,High Income,36.2,138.25,2012,Food & Emissions,Food Household Emissions,21649.41,kt CO2eq,Agrofood CO2 Emissions
Japan,JPN,Asia,High Income,36.2,138.25,2013,Food & Emissions,Food Household Emissions,21372.975,kt CO2eq,Agrofood CO2 Emissions
Japan,JPN,Asia,High Income,36.2,138.25,2014,Food & Emissions,Food Household Emissions,20199.518,kt CO2eq,Agrofood CO2 Emissions
Japan,JPN,Asia,High Income,36.2,138.25,2015,Food & Emissions,Food Household Emissions,19667.084,kt CO2eq,Agrofood CO2 Emissions
Japan,JPN,Asia,High Income,36.2,138.25,2016,Food & Emissions,Food Household Emissions,19484.671,kt CO2eq,Agrofood CO2 Emissions
Japan,JPN,Asia,High Income,36.2,138.25,2017,Food & Emissions,Food Household Emissions,19346.034,kt CO2eq,Agrofood CO2 Emissions
Japan,JPN,Asia,High Income,36.2,138.25,2018,Food & Emissions,Food Household Emissions,18014.96,kt CO2eq,Agrofood CO2 Emissions
Japan,JPN,Asia,High Income,36.2,138.25,2019,Food & Emissions,Food Household Emissions,17610.084,kt CO2eq,Agrofood CO2 Emissions
Japan,JPN,Asia,High Income,36.2,138.25,2020,Food & Emissions,Food Household Emissions,18575.379,kt CO2eq,Agrofood CO2 Emissions
South Korea,KOR,Asia,High Income,35.91,127.77,1990,Food & Emissions,Food Household Emissions,3788.141,kt CO2eq,Agrofood CO2 Emissions
South Korea,KOR,Asia,High Income,35.91,127.77,1991,Food & Emissions,Food Household Emissions,4518.965,kt CO2eq,Agrofood CO2 Emissions
South Korea,KOR,Asia,High Income,35.91,127.77,1992,Food & Emissions,Food Household Emissions,5400.313,kt CO2eq,Agrofood CO2 Emissions
South Korea,KOR,Asia,High Income,35.91,127.77,1993,Food & Emissions,Food Household Emissions,5707.318,kt CO2eq,Agrofood CO2 Emissions
South Korea,KOR,Asia,High Income,35.91,127.77,1994,Food & Emissions,Food Household Emissions,6386.356,kt CO2eq,Agrofood CO2 Emissions
South Korea,KOR,Asia,High Income,35.91,127.77,1995,Food & Emissions,Food Household Emissions,6940.823,kt CO2eq,Agrofood CO2 Emissions
South Korea,KOR,Asia,High Income,35.91,127.77,1996,Food & Emissions,Food Household Emissions,7674.98,kt CO2eq,Agrofood CO2 Emissions
South Korea,KOR,Asia,High Income,35.91,127.77,1997,Food & Emissions,Food Household Emissions,8648.484,kt CO2eq,Agrofood CO2 Emissions
South Korea,KOR,Asia,High Income,35.91,127.77,1998,Food & Emissions,Food Household Emissions,7969.468,kt CO2eq,Agrofood CO2 Emissions
South Korea,KOR,Asia,High Income,35.91,127.77,1999,Food & Emissions,Food Household Emissions,8544.198,kt CO2eq,Agrofood CO2 Emissions
South Korea,KOR,Asia,High Income,35.91,127.77,2000,Food & Emissions,Food Household Emissions,9664.518,kt CO2eq,Agrofood CO2 Emissions
South Korea,KOR,Asia,High Income,35.91,127.77,2001,Food & Emissions,Food Household Emissions,8578.075,kt CO2eq,Agrofood CO2 Emissions
South Korea,KOR,Asia,High Income,35.91,127.77,2002,Food & Emissions,Food Household Emissions,8022.272,kt CO2eq,Agrofood CO2 Emissions
South Korea,KOR,Asia,High Income,35.91,127.77,2003,Food & Emissions,Food Household Emissions,8440.395,kt CO2eq,Agrofood CO2 Emissions
South Korea,KOR,Asia,High Income,35.91,127.77,2004,Food & Emissions,Food Household Emissions,8755.052,kt CO2eq,Agrofood CO2 Emissions
South Korea,KOR,Asia,High Income,35.91,127.77,2005,Food & Emissions,Food Household Emissions,8977.54,kt CO2eq,Agrofood CO2 Emissions
South Korea,KOR,Asia,High Income,35.91,127.77,2006,Food & Emissions,Food Household Emissions,9643.236,kt CO2eq,Agrofood CO2 Emissions
South Korea,KOR,Asia,High Income,35.91,127.77,2007,Food & Emissions,Food Household Emissions,9603.764,kt CO2eq,Agrofood CO2 Emissions
South Korea,KOR,Asia,High Income,35.91,127.77,2008,Food & Emissions,Food Household Emissions,9597.092,kt CO2eq,Agrofood CO2 Emissions
South Korea,KOR,Asia,High Income,35.91,127.77,2009,Food & Emissions,Food Household Emissions,10208.207,kt CO2eq,Agrofood CO2 Emissions
South Korea,KOR,Asia,High Income,35.91,127.77,2010,Food & Emissions,Food Household Emissions,10623.835,kt CO2eq,Agrofood CO2 Emissions
South Korea,KOR,Asia,High Income,35.91,127.77,2011,Food & Emissions,Food Household Emissions,10682.213,kt CO2eq,Agrofood CO2 Emissions
South Korea,KOR,Asia,High Income,35.91,127.77,2012,Food & Emissions,Food Household Emissions,10390.474,kt CO2eq,Agrofood CO2 Emissions
South Korea,KOR,Asia,High Income,35.91,127.77,2013,Food & Emissions,Food Household Emissions,9245.2,kt CO2eq,Agrofood CO2 Emissions
South Korea,KOR,Asia,High Income,35.91,127.77,2014,Food & Emissions,Food Household Emissions,9698.015,kt CO2eq,Agrofood CO2 Emissions
South Korea,KOR,Asia,High Income,35.91,127.77,2015,Food & Emissions,Food Household Emissions,10041.232,kt CO2eq,Agrofood CO2 Emissions
South Korea,KOR,Asia,High Income,35.91,127.77,2016,Food & Emissions,Food Household Emissions,10295.731,kt CO2eq,Agrofood CO2 Emissions
South Korea,KOR,Asia,High Income,35.91,127.77,2017,Food & Emissions,Food Household Emissions,9982.213,kt CO2eq,Agrofood CO2 Emissions
South Korea,KOR,Asia,High Income,35.91,127.77,2018,Food & Emissions,Food Household Emissions,9366.33,kt CO2eq,Agrofood CO2 Emissions
South Korea,KOR,Asia,High Income,35.91,127.77,2019,Food & Emissions,Food Household Emissions,9923.89,kt CO2eq,Agrofood CO2 Emissions
South Korea,KOR,Asia,High Income,35.91,127.77,2020,Food & Emissions,Food Household Emissions,9640.409,kt CO2eq,Agrofood CO2 Emissions
UK,GBR,Europe,High Income,55.38,-3.44,1990,Food & Emissions,Food Household Emissions,25614.31,kt CO2eq,Agrofood CO2 Emissions
UK,GBR,Europe,High Income,55.38,-3.44,1991,Food & Emissions,Food Household Emissions,26831.372,kt CO2eq,Agrofood CO2 Emissions
UK,GBR,Europe,High Income,55.38,-3.44,1992,Food & Emissions,Food Household Emissions,26661.978,kt CO2eq,Agrofood CO2 Emissions
UK,GBR,Europe,High Income,55.38,-3.44,1993,Food & Emissions,Food Household Emissions,25083.92,kt CO2eq,Agrofood CO2 Emissions
UK,GBR,Europe,High Income,55.38,-3.44,1994,Food & Emissions,Food Household Emissions,23893.295,kt CO2eq,Agrofood CO2 Emissions
UK,GBR,Europe,High Income,55.38,-3.44,1995,Food & Emissions,Food Household Emissions,22904.469,kt CO2eq,Agrofood CO2 Emissions
UK,GBR,Europe,High Income,55.38,-3.44,1996,Food & Emissions,Food Household Emissions,24303.586,kt CO2eq,Agrofood CO2 Emissions
UK,GBR,Europe,High Income,55.38,-3.44,1997,Food & Emissions,Food Household Emissions,22174.813,kt CO2eq,Agrofood CO2 Emissions
UK,GBR,Europe,High Income,55.38,-3.44,1998,Food & Emissions,Food Household Emissions,22831.394,kt CO2eq,Agrofood CO2 Emissions
UK,GBR,Europe,High Income,55.38,-3.44,1999,Food & Emissions,Food Household Emissions,22145.176,kt CO2eq,Agrofood CO2 Emissions
UK,GBR,Europe,High Income,55.38,-3.44,2000,Food & Emissions,Food Household Emissions,23127.296,kt CO2eq,Agrofood CO2 Emissions
UK,GBR,Europe,High Income,55.38,-3.44,2001,Food & Emissions,Food Household Emissions,23503.701,kt CO2eq,Agrofood CO2 Emissions
UK,GBR,Europe,High Income,55.38,-3.44,2002,Food & Emissions,Food Household Emissions,22700.03,kt CO2eq,Agrofood CO2 Emissions
UK,GBR,Europe,High Income,55.38,-3.44,2003,Food & Emissions,Food Household Emissions,23311.541,kt CO2eq,Agrofood CO2 Emissions
UK,GBR,Europe,High Income,55.38,-3.44,2004,Food & Emissions,Food Household Emissions,23354.161,kt CO2eq,Agrofood CO2 Emissions
UK,GBR,Europe,High Income,55.38,-3.44,2005,Food & Emissions,Food Household Emissions,22742.327,kt CO2eq,Agrofood CO2 Emissions
UK,GBR,Europe,High Income,55.38,-3.44,2006,Food & Emissions,Food Household Emissions,22760.552,kt CO2eq,Agrofood CO2 Emissions
UK,GBR,Europe,High Income,55.38,-3.44,2007,Food & Emissions,Food Household Emissions,21681.974,kt CO2eq,Agrofood CO2 Emissions
UK,GBR,Europe,High Income,55.38,-3.44,2008,Food & Emissions,Food Household Emissions,20597.894,kt CO2eq,Agrofood CO2 Emissions
UK,GBR,Europe,High Income,55.38,-3.44,2009,Food & Emissions,Food Household Emissions,18774.183,kt CO2eq,Agrofood CO2 Emissions
UK,GBR,Europe,High Income,55.38,-3.44,2010,Food & Emissions,Food Household Emissions,19702.158,kt CO2eq,Agrofood CO2 Emissions
UK,GBR,Europe,High Income,55.38,-3.44,2011,Food & Emissions,Food Household Emissions,17653.839,kt CO2eq,Agrofood CO2 Emissions
UK,GBR,Europe,High Income,55.38,-3.44,2012,Food & Emissions,Food Household Emissions,19346.646,kt CO2eq,Agrofood CO2 Emissions
UK,GBR,Europe,High Income,55.38,-3.44,2013,Food & Emissions,Food Household Emissions,18310.183,kt CO2eq,Agrofood CO2 Emissions
UK,GBR,Europe,High Income,55.38,-3.44,2014,Food & Emissions,Food Household Emissions,15666.995,kt CO2eq,Agrofood CO2 Emissions
UK,GBR,Europe,High Income,55.38,-3.44,2015,Food & Emissions,Food Household Emissions,14231.296,kt CO2eq,Agrofood CO2 Emissions
UK,GBR,Europe,High Income,55.38,-3.44,2016,Food & Emissions,Food Household Emissions,12629.927,kt CO2eq,Agrofood CO2 Emissions
UK,GBR,Europe,High Income,55.38,-3.44,2017,Food & Emissions,Food Household Emissions,11588.721,kt CO2eq,Agrofood CO2 Emissions
UK,GBR,Europe,High Income,55.38,-3.44,2018,Food & Emissions,Food Household Emissions,11266.2,kt CO2eq,Agrofood CO2 Emissions
UK,GBR,Europe,High Income,55.38,-3.44,2019,Food & Emissions,Food Household Emissions,10512.115,kt CO2eq,Agrofood CO2 Emissions
UK,GBR,Europe,High Income,55.38,-3.44,2020,Food & Emissions,Food Household Emissions,10572.853,kt CO2eq,Agrofood CO2 Emissions
USA,USA,North America,High Income,37.09,-95.71,1990,Food & Emissions,Food Household Emissions,101693.496,kt CO2eq,Agrofood CO2 Emissions
USA,USA,North America,High Income,37.09,-95.71,1991,Food & Emissions,Food Household Emissions,104758.031,kt CO2eq,Agrofood CO2 Emissions
USA,USA,North America,High Income,37.09,-95.71,1992,Food & Emissions,Food Household Emissions,106718.818,kt CO2eq,Agrofood CO2 Emissions
USA,USA,North America,High Income,37.09,-95.71,1993,Food & Emissions,Food Household Emissions,112357.206,kt CO2eq,Agrofood CO2 Emissions
USA,USA,North America,High Income,37.09,-95.71,1994,Food & Emissions,Food Household Emissions,112217.694,kt CO2eq,Agrofood CO2 Emissions
USA,USA,North America,High Income,37.09,-95.71,1995,Food & Emissions,Food Household Emissions,114696.904,kt CO2eq,Agrofood CO2 Emissions
USA,USA,North America,High Income,37.09,-95.71,1996,Food & Emissions,Food Household Emissions,121142.515,kt CO2eq,Agrofood CO2 Emissions
USA,USA,North America,High Income,37.09,-95.71,1997,Food & Emissions,Food Household Emissions,128087.63,kt CO2eq,Agrofood CO2 Emissions
USA,USA,North America,High Income,37.09,-95.71,1998,Food & Emissions,Food Household Emissions,128467.242,kt CO2eq,Agrofood CO2 Emissions
USA,USA,North America,High Income,37.09,-95.71,1999,Food & Emissions,Food Household Emissions,129149.8,kt CO2eq,Agrofood CO2 Emissions
USA,USA,North America,High Income,37.09,-95.71,2000,Food & Emissions,Food Household Emissions,132175.081,kt CO2eq,Agrofood CO2 Emissions
USA,USA,North America,High Income,37.09,-95.71,2001,Food & Emissions,Food Household Emissions,136593.221,kt CO2eq,Agrofood CO2 Emissions
USA,USA,North America,High Income,37.09,-95.71,2002,Food & Emissions,Food Household Emissions,127344.926,kt CO2eq,Agrofood CO2 Emissions
USA,USA,North America,High Income,37.09,-95.71,2003,Food & Emissions,Food Household Emissions,126022.594,kt CO2eq,Agrofood CO2 Emissions
USA,USA,North America,High Income,37.09,-95.71,2004,Food & Emissions,Food Household Emissions,122426.398,kt CO2eq,Agrofood CO2 Emissions
USA,USA,North America,High Income,37.09,-95.71,2005,Food & Emissions,Food Household Emissions,125154.43,kt CO2eq,Agrofood CO2 Emissions
USA,USA,North America,High Income,37.09,-95.71,2006,Food & Emissions,Food Household Emissions,117433.714,kt CO2eq,Agrofood CO2 Emissions
USA,USA,North America,High Income,37.09,-95.71,2007,Food & Emissions,Food Household Emissions,119415.749,kt CO2eq,Agrofood CO2 Emissions
USA,USA,North America,High Income,37.09,-95.71,2008,Food & Emissions,Food Household Emissions,116142.441,kt CO2eq,Agrofood CO2 Emissions
USA,USA,North America,High Income,37.09,-95.71,2009,Food & Emissions,Food Household Emissions,109185.299,kt CO2eq,Agrofood CO2 Emissions
USA,USA,North America,High Income,37.09,-95.71,2010,Food & Emissions,Food Household Emissions,109592.655,kt CO2eq,Agrofood CO2 Emissions
USA,USA,North America,High Income,37.09,-95.71,2011,Food & Emissions,Food Household Emissions,104666.095,kt CO2eq,Agrofood CO2 Emissions
USA,USA,North America,High Income,37.09,-95.71,2012,Food & Emissions,Food Household Emissions,95256.447,kt CO2eq,Agrofood CO2 Emissions
USA,USA,North America,High Income,37.09,-95.71,2013,Food & Emissions,Food Household Emissions,101231.333,kt CO2eq,Agrofood CO2 Emissions
USA,USA,North America,High Income,37.09,-95.71,2014,Food & Emissions,Food Household Emissions,102899.62,kt CO2eq,Agrofood CO2 Emissions
USA,USA,North America,High Income,37.09,-95.71,2015,Food & Emissions,Food Household Emissions,95512.888,kt CO2eq,Agrofood CO2 Emissions
USA,USA,North America,High Income,37.09,-95.71,2016,Food & Emissions,Food Household Emissions,91080.389,kt CO2eq,Agrofood CO2 Emissions
USA,USA,North America,High Income,37.09,-95.71,2017,Food & Emissions,Food Household Emissions,88102.496,kt CO2eq,Agrofood CO2 Emissions
USA,USA,North America,High Income,37.09,-95.71,2018,Food & Emissions,Food Household Emissions,94024.786,kt CO2eq,Agrofood CO2 Emissions
USA,USA,North America,High Income,37.09,-95.71,2019,Food & Emissions,Food Household Emissions,89168.249,kt CO2eq,Agrofood CO2 Emissions
USA,USA,North America,High Income,37.09,-95.71,2020,Food & Emissions,Food Household Emissions,88647.522,kt CO2eq,Agrofood CO2 Emissions
Australia,AUS,Oceania,High Income,-25.27,133.77,1990,Food & Emissions,Food Processing Emissions,7017.666,kt CO2eq,Agrofood CO2 Emissions
Australia,AUS,Oceania,High Income,-25.27,133.77,1991,Food & Emissions,Food Processing Emissions,7206.375,kt CO2eq,Agrofood CO2 Emissions
Australia,AUS,Oceania,High Income,-25.27,133.77,1992,Food & Emissions,Food Processing Emissions,7245.29,kt CO2eq,Agrofood CO2 Emissions
Australia,AUS,Oceania,High Income,-25.27,133.77,1993,Food & Emissions,Food Processing Emissions,7280.663,kt CO2eq,Agrofood CO2 Emissions
Australia,AUS,Oceania,High Income,-25.27,133.77,1994,Food & Emissions,Food Processing Emissions,7524.058,kt CO2eq,Agrofood CO2 Emissions
Australia,AUS,Oceania,High Income,-25.27,133.77,1995,Food & Emissions,Food Processing Emissions,7786.247,kt CO2eq,Agrofood CO2 Emissions
Australia,AUS,Oceania,High Income,-25.27,133.77,1996,Food & Emissions,Food Processing Emissions,7996.682,kt CO2eq,Agrofood CO2 Emissions
Australia,AUS,Oceania,High Income,-25.27,133.77,1997,Food & Emissions,Food Processing Emissions,7962.663,kt CO2eq,Agrofood CO2 Emissions
Australia,AUS,Oceania,High Income,-25.27,133.77,1998,Food & Emissions,Food Processing Emissions,8327.621,kt CO2eq,Agrofood CO2 Emissions
Australia,AUS,Oceania,High Income,-25.27,133.77,1999,Food & Emissions,Food Processing Emissions,8263.765,kt CO2eq,Agrofood CO2 Emissions
Australia,AUS,Oceania,High Income,-25.27,133.77,2000,Food & Emissions,Food Processing Emissions,8372.778,kt CO2eq,Agrofood CO2 Emissions
Australia,AUS,Oceania,High Income,-25.27,133.77,2001,Food & Emissions,Food Processing Emissions,8310.393,kt CO2eq,Agrofood CO2 Emissions
Australia,AUS,Oceania,High Income,-25.27,133.77,2002,Food & Emissions,Food Processing Emissions,7900.4,kt CO2eq,Agrofood CO2 Emissions
Australia,AUS,Oceania,High Income,-25.27,133.77,2003,Food & Emissions,Food Processing Emissions,8151.997,kt CO2eq,Agrofood CO2 Emissions
Australia,AUS,Oceania,High Income,-25.27,133.77,2004,Food & Emissions,Food Processing Emissions,8032.092,kt CO2eq,Agrofood CO2 Emissions
Australia,AUS,Oceania,High Income,-25.27,133.77,2005,Food & Emissions,Food Processing Emissions,8341.827,kt CO2eq,Agrofood CO2 Emissions
Australia,AUS,Oceania,High Income,-25.27,133.77,2006,Food & Emissions,Food Processing Emissions,8424.104,kt CO2eq,Agrofood CO2 Emissions
Australia,AUS,Oceania,High Income,-25.27,133.77,2007,Food & Emissions,Food Processing Emissions,8347.117,kt CO2eq,Agrofood CO2 Emissions
Australia,AUS,Oceania,High Income,-25.27,133.77,2008,Food & Emissions,Food Processing Emissions,8443.19,kt CO2eq,Agrofood CO2 Emissions
Australia,AUS,Oceania,High Income,-25.27,133.77,2009,Food & Emissions,Food Processing Emissions,8323.932,kt CO2eq,Agrofood CO2 Emissions
Australia,AUS,Oceania,High Income,-25.27,133.77,2010,Food & Emissions,Food Processing Emissions,7961.726,kt CO2eq,Agrofood CO2 Emissions
Australia,AUS,Oceania,High Income,-25.27,133.77,2011,Food & Emissions,Food Processing Emissions,9022.676,kt CO2eq,Agrofood CO2 Emissions
Australia,AUS,Oceania,High Income,-25.27,133.77,2012,Food & Emissions,Food Processing Emissions,8896.569,kt CO2eq,Agrofood CO2 Emissions
Australia,AUS,Oceania,High Income,-25.27,133.77,2013,Food & Emissions,Food Processing Emissions,8632.444,kt CO2eq,Agrofood CO2 Emissions
Australia,AUS,Oceania,High Income,-25.27,133.77,2014,Food & Emissions,Food Processing Emissions,8334.136,kt CO2eq,Agrofood CO2 Emissions
Australia,AUS,Oceania,High Income,-25.27,133.77,2015,Food & Emissions,Food Processing Emissions,8605.763,kt CO2eq,Agrofood CO2 Emissions
Australia,AUS,Oceania,High Income,-25.27,133.77,2016,Food & Emissions,Food Processing Emissions,8579.327,kt CO2eq,Agrofood CO2 Emissions
Australia,AUS,Oceania,High Income,-25.27,133.77,2017,Food & Emissions,Food Processing Emissions,7953.68,kt CO2eq,Agrofood CO2 Emissions
Australia,AUS,Oceania,High Income,-25.27,133.77,2018,Food & Emissions,Food Processing Emissions,7658.489,kt CO2eq,Agrofood CO2 Emissions
Australia,AUS,Oceania,High Income,-25.27,133.77,2019,Food & Emissions,Food Processing Emissions,7374.193,kt CO2eq,Agrofood CO2 Emissions
Australia,AUS,Oceania,High Income,-25.27,133.77,2020,Food & Emissions,Food Processing Emissions,7356.13,kt CO2eq,Agrofood CO2 Emissions
Brazil,BRA,South America,Upper Middle Income,-14.24,-51.93,1990,Food & Emissions,Food Processing Emissions,3514.214,kt CO2eq,Agrofood CO2 Emissions
Brazil,BRA,South America,Upper Middle Income,-14.24,-51.93,1991,Food & Emissions,Food Processing Emissions,3693.637,kt CO2eq,Agrofood CO2 Emissions
Brazil,BRA,South America,Upper Middle Income,-14.24,-51.93,1992,Food & Emissions,Food Processing Emissions,4044.081,kt CO2eq,Agrofood CO2 Emissions
Brazil,BRA,South America,Upper Middle Income,-14.24,-51.93,1993,Food & Emissions,Food Processing Emissions,4082.503,kt CO2eq,Agrofood CO2 Emissions
Brazil,BRA,South America,Upper Middle Income,-14.24,-51.93,1994,Food & Emissions,Food Processing Emissions,4081.62,kt CO2eq,Agrofood CO2 Emissions
Brazil,BRA,South America,Upper Middle Income,-14.24,-51.93,1995,Food & Emissions,Food Processing Emissions,4548.726,kt CO2eq,Agrofood CO2 Emissions
Brazil,BRA,South America,Upper Middle Income,-14.24,-51.93,1996,Food & Emissions,Food Processing Emissions,5137.448,kt CO2eq,Agrofood CO2 Emissions
Brazil,BRA,South America,Upper Middle Income,-14.24,-51.93,1997,Food & Emissions,Food Processing Emissions,4872.922,kt CO2eq,Agrofood CO2 Emissions
Brazil,BRA,South America,Upper Middle Income,-14.24,-51.93,1998,Food & Emissions,Food Processing Emissions,5205.012,kt CO2eq,Agrofood CO2 Emissions
Brazil,BRA,South America,Upper Middle Income,-14.24,-51.93,1999,Food & Emissions,Food Processing Emissions,5710.639,kt CO2eq,Agrofood CO2 Emissions
Brazil,BRA,South America,Upper Middle Income,-14.24,-51.93,2000,Food & Emissions,Food Processing Emissions,5812.949,kt CO2eq,Agrofood CO2 Emissions
Brazil,BRA,South America,Upper Middle Income,-14.24,-51.93,2001,Food & Emissions,Food Processing Emissions,5994.299,kt CO2eq,Agrofood CO2 Emissions
Brazil,BRA,South America,Upper Middle Income,-14.24,-51.93,2002,Food & Emissions,Food Processing Emissions,5844.268,kt CO2eq,Agrofood CO2 Emissions
Brazil,BRA,South America,Upper Middle Income,-14.24,-51.93,2003,Food & Emissions,Food Processing Emissions,5530.224,kt CO2eq,Agrofood CO2 Emissions
Brazil,BRA,South America,Upper Middle Income,-14.24,-51.93,2004,Food & Emissions,Food Processing Emissions,5614.472,kt CO2eq,Agrofood CO2 Emissions
Brazil,BRA,South America,Upper Middle Income,-14.24,-51.93,2005,Food & Emissions,Food Processing Emissions,5552.502,kt CO2eq,Agrofood CO2 Emissions
Brazil,BRA,South America,Upper Middle Income,-14.24,-51.93,2006,Food & Emissions,Food Processing Emissions,5224.921,kt CO2eq,Agrofood CO2 Emissions
Brazil,BRA,South America,Upper Middle Income,-14.24,-51.93,2007,Food & Emissions,Food Processing Emissions,657.408,kt CO2eq,Agrofood CO2 Emissions
Brazil,BRA,South America,Upper Middle Income,-14.24,-51.93,2008,Food & Emissions,Food Processing Emissions,1400.984,kt CO2eq,Agrofood CO2 Emissions
Brazil,BRA,South America,Upper Middle Income,-14.24,-51.93,2009,Food & Emissions,Food Processing Emissions,1881.845,kt CO2eq,Agrofood CO2 Emissions
Brazil,BRA,South America,Upper Middle Income,-14.24,-51.93,2010,Food & Emissions,Food Processing Emissions,2767.531,kt CO2eq,Agrofood CO2 Emissions
Brazil,BRA,South America,Upper Middle Income,-14.24,-51.93,2011,Food & Emissions,Food Processing Emissions,3199.975,kt CO2eq,Agrofood CO2 Emissions
Brazil,BRA,South America,Upper Middle Income,-14.24,-51.93,2012,Food & Emissions,Food Processing Emissions,4344.242,kt CO2eq,Agrofood CO2 Emissions
Brazil,BRA,South America,Upper Middle Income,-14.24,-51.93,2013,Food & Emissions,Food Processing Emissions,5770.045,kt CO2eq,Agrofood CO2 Emissions
Brazil,BRA,South America,Upper Middle Income,-14.24,-51.93,2014,Food & Emissions,Food Processing Emissions,7131.11,kt CO2eq,Agrofood CO2 Emissions
Brazil,BRA,South America,Upper Middle Income,-14.24,-51.93,2015,Food & Emissions,Food Processing Emissions,7931.455,kt CO2eq,Agrofood CO2 Emissions
Brazil,BRA,South America,Upper Middle Income,-14.24,-51.93,2016,Food & Emissions,Food Processing Emissions,7798.522,kt CO2eq,Agrofood CO2 Emissions
Brazil,BRA,South America,Upper Middle Income,-14.24,-51.93,2017,Food & Emissions,Food Processing Emissions,7734.767,kt CO2eq,Agrofood CO2 Emissions
Brazil,BRA,South America,Upper Middle Income,-14.24,-51.93,2018,Food & Emissions,Food Processing Emissions,7159.336,kt CO2eq,Agrofood CO2 Emissions
Brazil,BRA,South America,Upper Middle Income,-14.24,-51.93,2019,Food & Emissions,Food Processing Emissions,7173.003,kt CO2eq,Agrofood CO2 Emissions
Brazil,BRA,South America,Upper Middle Income,-14.24,-51.93,2020,Food & Emissions,Food Processing Emissions,7269.051,kt CO2eq,Agrofood CO2 Emissions
Canada,CAN,North America,High Income,56.13,-106.35,1990,Food & Emissions,Food Processing Emissions,2812.442,kt CO2eq,Agrofood CO2 Emissions
Canada,CAN,North America,High Income,56.13,-106.35,1991,Food & Emissions,Food Processing Emissions,2812.442,kt CO2eq,Agrofood CO2 Emissions
Canada,CAN,North America,High Income,56.13,-106.35,1992,Food & Emissions,Food Processing Emissions,2812.442,kt CO2eq,Agrofood CO2 Emissions
Canada,CAN,North America,High Income,56.13,-106.35,1993,Food & Emissions,Food Processing Emissions,2812.442,kt CO2eq,Agrofood CO2 Emissions
Canada,CAN,North America,High Income,56.13,-106.35,1994,Food & Emissions,Food Processing Emissions,2786.727,kt CO2eq,Agrofood CO2 Emissions
Canada,CAN,North America,High Income,56.13,-106.35,1995,Food & Emissions,Food Processing Emissions,61.022,kt CO2eq,Agrofood CO2 Emissions
Canada,CAN,North America,High Income,56.13,-106.35,1996,Food & Emissions,Food Processing Emissions,460.758,kt CO2eq,Agrofood CO2 Emissions
Canada,CAN,North America,High Income,56.13,-106.35,1997,Food & Emissions,Food Processing Emissions,870.79,kt CO2eq,Agrofood CO2 Emissions
Canada,CAN,North America,High Income,56.13,-106.35,1998,Food & Emissions,Food Processing Emissions,1236.913,kt CO2eq,Agrofood CO2 Emissions
Canada,CAN,North America,High Income,56.13,-106.35,1999,Food & Emissions,Food Processing Emissions,1662.989,kt CO2eq,Agrofood CO2 Emissions
Canada,CAN,North America,High Income,56.13,-106.35,2000,Food & Emissions,Food Processing Emissions,2018.22,kt CO2eq,Agrofood CO2 Emissions
Canada,CAN,North America,High Income,56.13,-106.35,2001,Food & Emissions,Food Processing Emissions,2397.745,kt CO2eq,Agrofood CO2 Emissions
Canada,CAN,North America,High Income,56.13,-106.35,2002,Food & Emissions,Food Processing Emissions,2712.044,kt CO2eq,Agrofood CO2 Emissions
Canada,CAN,North America,High Income,56.13,-106.35,2003,Food & Emissions,Food Processing Emissions,3116.976,kt CO2eq,Agrofood CO2 Emissions
Canada,CAN,North America,High Income,56.13,-106.35,2004,Food & Emissions,Food Processing Emissions,3388.309,kt CO2eq,Agrofood CO2 Emissions
Canada,CAN,North America,High Income,56.13,-106.35,2005,Food & Emissions,Food Processing Emissions,3668.344,kt CO2eq,Agrofood CO2 Emissions
Canada,CAN,North America,High Income,56.13,-106.35,2006,Food & Emissions,Food Processing Emissions,3618.224,kt CO2eq,Agrofood CO2 Emissions
Canada,CAN,North America,High Income,56.13,-106.35,2007,Food & Emissions,Food Processing Emissions,3722.905,kt CO2eq,Agrofood CO2 Emissions
Canada,CAN,North America,High Income,56.13,-106.35,2008,Food & Emissions,Food Processing Emissions,3633.256,kt CO2eq,Agrofood CO2 Emissions
Canada,CAN,North America,High Income,56.13,-106.35,2009,Food & Emissions,Food Processing Emissions,3992.303,kt CO2eq,Agrofood CO2 Emissions
Canada,CAN,North America,High Income,56.13,-106.35,2010,Food & Emissions,Food Processing Emissions,3813.244,kt CO2eq,Agrofood CO2 Emissions
Canada,CAN,North America,High Income,56.13,-106.35,2011,Food & Emissions,Food Processing Emissions,3678.862,kt CO2eq,Agrofood CO2 Emissions
Canada,CAN,North America,High Income,56.13,-106.35,2012,Food & Emissions,Food Processing Emissions,3966.913,kt CO2eq,Agrofood CO2 Emissions
Canada,CAN,North America,High Income,56.13,-106.35,2013,Food & Emissions,Food Processing Emissions,3856.125,kt CO2eq,Agrofood CO2 Emissions
Canada,CAN,North America,High Income,56.13,-106.35,2014,Food & Emissions,Food Processing Emissions,3656.189,kt CO2eq,Agrofood CO2 Emissions
Canada,CAN,North America,High Income,56.13,-106.35,2015,Food & Emissions,Food Processing Emissions,3514.983,kt CO2eq,Agrofood CO2 Emissions
Canada,CAN,North America,High Income,56.13,-106.35,2016,Food & Emissions,Food Processing Emissions,5403.097,kt CO2eq,Agrofood CO2 Emissions
Canada,CAN,North America,High Income,56.13,-106.35,2017,Food & Emissions,Food Processing Emissions,5586.754,kt CO2eq,Agrofood CO2 Emissions
Canada,CAN,North America,High Income,56.13,-106.35,2018,Food & Emissions,Food Processing Emissions,5662.267,kt CO2eq,Agrofood CO2 Emissions
Canada,CAN,North America,High Income,56.13,-106.35,2019,Food & Emissions,Food Processing Emissions,5708.918,kt CO2eq,Agrofood CO2 Emissions
Canada,CAN,North America,High Income,56.13,-106.35,2020,Food & Emissions,Food Processing Emissions,5677.055,kt CO2eq,Agrofood CO2 Emissions
France,FRA,Europe,High Income,46.23,2.21,1990,Food & Emissions,Food Processing Emissions,34396.07,kt CO2eq,Agrofood CO2 Emissions
France,FRA,Europe,High Income,46.23,2.21,1991,Food & Emissions,Food Processing Emissions,41917.571,kt CO2eq,Agrofood CO2 Emissions
France,FRA,Europe,High Income,46.23,2.21,1992,Food & Emissions,Food Processing Emissions,38134.393,kt CO2eq,Agrofood CO2 Emissions
France,FRA,Europe,High Income,46.23,2.21,1993,Food & Emissions,Food Processing Emissions,37628.232,kt CO2eq,Agrofood CO2 Emissions
France,FRA,Europe,High Income,46.23,2.21,1994,Food & Emissions,Food Processing Emissions,34336.935,kt CO2eq,Agrofood CO2 Emissions
France,FRA,Europe,High Income,46.23,2.21,1995,Food & Emissions,Food Processing Emissions,36074.492,kt CO2eq,Agrofood CO2 Emissions
France,FRA,Europe,High Income,46.23,2.21,1996,Food & Emissions,Food Processing Emissions,38225.951,kt CO2eq,Agrofood CO2 Emissions
France,FRA,Europe,High Income,46.23,2.21,1997,Food & Emissions,Food Processing Emissions,38906.094,kt CO2eq,Agrofood CO2 Emissions
France,FRA,Europe,High Income,46.23,2.21,1998,Food & Emissions,Food Processing Emissions,43361.165,kt CO2eq,Agrofood CO2 Emissions
France,FRA,Europe,High Income,46.23,2.21,1999,Food & Emissions,Food Processing Emissions,48787.207,kt CO2eq,Agrofood CO2 Emissions
France,FRA,Europe,High Income,46.23,2.21,2000,Food & Emissions,Food Processing Emissions,49423.354,kt CO2eq,Agrofood CO2 Emissions
France,FRA,Europe,High Income,46.23,2.21,2001,Food & Emissions,Food Processing Emissions,49292.566,kt CO2eq,Agrofood CO2 Emissions
France,FRA,Europe,High Income,46.23,2.21,2002,Food & Emissions,Food Processing Emissions,51137.334,kt CO2eq,Agrofood CO2 Emissions
France,FRA,Europe,High Income,46.23,2.21,2003,Food & Emissions,Food Processing Emissions,50585.528,kt CO2eq,Agrofood CO2 Emissions
France,FRA,Europe,High Income,46.23,2.21,2004,Food & Emissions,Food Processing Emissions,50080.289,kt CO2eq,Agrofood CO2 Emissions
France,FRA,Europe,High Income,46.23,2.21,2005,Food & Emissions,Food Processing Emissions,43475.836,kt CO2eq,Agrofood CO2 Emissions
France,FRA,Europe,High Income,46.23,2.21,2006,Food & Emissions,Food Processing Emissions,43669.868,kt CO2eq,Agrofood CO2 Emissions
France,FRA,Europe,High Income,46.23,2.21,2007,Food & Emissions,Food Processing Emissions,46715.964,kt CO2eq,Agrofood CO2 Emissions
France,FRA,Europe,High Income,46.23,2.21,2008,Food & Emissions,Food Processing Emissions,43699.795,kt CO2eq,Agrofood CO2 Emissions
France,FRA,Europe,High Income,46.23,2.21,2009,Food & Emissions,Food Processing Emissions,43324.444,kt CO2eq,Agrofood CO2 Emissions
France,FRA,Europe,High Income,46.23,2.21,2010,Food & Emissions,Food Processing Emissions,46910.002,kt CO2eq,Agrofood CO2 Emissions
France,FRA,Europe,High Income,46.23,2.21,2011,Food & Emissions,Food Processing Emissions,47862.336,kt CO2eq,Agrofood CO2 Emissions
France,FRA,Europe,High Income,46.23,2.21,2012,Food & Emissions,Food Processing Emissions,47009.929,kt CO2eq,Agrofood CO2 Emissions
France,FRA,Europe,High Income,46.23,2.21,2013,Food & Emissions,Food Processing Emissions,44357.225,kt CO2eq,Agrofood CO2 Emissions
France,FRA,Europe,High Income,46.23,2.21,2014,Food & Emissions,Food Processing Emissions,40728.393,kt CO2eq,Agrofood CO2 Emissions
France,FRA,Europe,High Income,46.23,2.21,2015,Food & Emissions,Food Processing Emissions,44407.092,kt CO2eq,Agrofood CO2 Emissions
France,FRA,Europe,High Income,46.23,2.21,2016,Food & Emissions,Food Processing Emissions,45750.266,kt CO2eq,Agrofood CO2 Emissions
France,FRA,Europe,High Income,46.23,2.21,2017,Food & Emissions,Food Processing Emissions,45717.955,kt CO2eq,Agrofood CO2 Emissions
France,FRA,Europe,High Income,46.23,2.21,2018,Food & Emissions,Food Processing Emissions,45737.319,kt CO2eq,Agrofood CO2 Emissions
France,FRA,Europe,High Income,46.23,2.21,2019,Food & Emissions,Food Processing Emissions,40488.018,kt CO2eq,Agrofood CO2 Emissions
France,FRA,Europe,High Income,46.23,2.21,2020,Food & Emissions,Food Processing Emissions,40590.146,kt CO2eq,Agrofood CO2 Emissions
Germany,DEU,Europe,High Income,51.17,10.45,1990,Food & Emissions,Food Processing Emissions,20569.485,kt CO2eq,Agrofood CO2 Emissions
Germany,DEU,Europe,High Income,51.17,10.45,1991,Food & Emissions,Food Processing Emissions,20129.775,kt CO2eq,Agrofood CO2 Emissions
Germany,DEU,Europe,High Income,51.17,10.45,1992,Food & Emissions,Food Processing Emissions,19738.567,kt CO2eq,Agrofood CO2 Emissions
Germany,DEU,Europe,High Income,51.17,10.45,1993,Food & Emissions,Food Processing Emissions,18613.361,kt CO2eq,Agrofood CO2 Emissions
Germany,DEU,Europe,High Income,51.17,10.45,1994,Food & Emissions,Food Processing Emissions,17684.136,kt CO2eq,Agrofood CO2 Emissions
Germany,DEU,Europe,High Income,51.17,10.45,1995,Food & Emissions,Food Processing Emissions,18178.267,kt CO2eq,Agrofood CO2 Emissions
Germany,DEU,Europe,High Income,51.17,10.45,1996,Food & Emissions,Food Processing Emissions,18122.326,kt CO2eq,Agrofood CO2 Emissions
Germany,DEU,Europe,High Income,51.17,10.45,1997,Food & Emissions,Food Processing Emissions,17477.641,kt CO2eq,Agrofood CO2 Emissions
Germany,DEU,Europe,High Income,51.17,10.45,1998,Food & Emissions,Food Processing Emissions,17466.408,kt CO2eq,Agrofood CO2 Emissions
Germany,DEU,Europe,High Income,51.17,10.45,1999,Food & Emissions,Food Processing Emissions,17335.276,kt CO2eq,Agrofood CO2 Emissions
Germany,DEU,Europe,High Income,51.17,10.45,2000,Food & Emissions,Food Processing Emissions,17693.579,kt CO2eq,Agrofood CO2 Emissions
Germany,DEU,Europe,High Income,51.17,10.45,2001,Food & Emissions,Food Processing Emissions,18175.722,kt CO2eq,Agrofood CO2 Emissions
Germany,DEU,Europe,High Income,51.17,10.45,2002,Food & Emissions,Food Processing Emissions,18758.244,kt CO2eq,Agrofood CO2 Emissions
Germany,DEU,Europe,High Income,51.17,10.45,2003,Food & Emissions,Food Processing Emissions,18889.641,kt CO2eq,Agrofood CO2 Emissions
Germany,DEU,Europe,High Income,51.17,10.45,2004,Food & Emissions,Food Processing Emissions,18833.68,kt CO2eq,Agrofood CO2 Emissions
Germany,DEU,Europe,High Income,51.17,10.45,2005,Food & Emissions,Food Processing Emissions,18514.573,kt CO2eq,Agrofood CO2 Emissions
Germany,DEU,Europe,High Income,51.17,10.45,2006,Food & Emissions,Food Processing Emissions,18287.571,kt CO2eq,Agrofood CO2 Emissions
Germany,DEU,Europe,High Income,51.17,10.45,2007,Food & Emissions,Food Processing Emissions,19184.431,kt CO2eq,Agrofood CO2 Emissions
Germany,DEU,Europe,High Income,51.17,10.45,2008,Food & Emissions,Food Processing Emissions,18487.648,kt CO2eq,Agrofood CO2 Emissions
Germany,DEU,Europe,High Income,51.17,10.45,2009,Food & Emissions,Food Processing Emissions,18142.426,kt CO2eq,Agrofood CO2 Emissions
Germany,DEU,Europe,High Income,51.17,10.45,2010,Food & Emissions,Food Processing Emissions,18220.597,kt CO2eq,Agrofood CO2 Emissions
Germany,DEU,Europe,High Income,51.17,10.45,2011,Food & Emissions,Food Processing Emissions,18829.198,kt CO2eq,Agrofood CO2 Emissions
Germany,DEU,Europe,High Income,51.17,10.45,2012,Food & Emissions,Food Processing Emissions,19124.209,kt CO2eq,Agrofood CO2 Emissions
Germany,DEU,Europe,High Income,51.17,10.45,2013,Food & Emissions,Food Processing Emissions,18890.96,kt CO2eq,Agrofood CO2 Emissions
Germany,DEU,Europe,High Income,51.17,10.45,2014,Food & Emissions,Food Processing Emissions,18663.349,kt CO2eq,Agrofood CO2 Emissions
Germany,DEU,Europe,High Income,51.17,10.45,2015,Food & Emissions,Food Processing Emissions,18070.944,kt CO2eq,Agrofood CO2 Emissions
Germany,DEU,Europe,High Income,51.17,10.45,2016,Food & Emissions,Food Processing Emissions,18552.28,kt CO2eq,Agrofood CO2 Emissions
Germany,DEU,Europe,High Income,51.17,10.45,2017,Food & Emissions,Food Processing Emissions,18074.588,kt CO2eq,Agrofood CO2 Emissions
Germany,DEU,Europe,High Income,51.17,10.45,2018,Food & Emissions,Food Processing Emissions,18032.696,kt CO2eq,Agrofood CO2 Emissions
Germany,DEU,Europe,High Income,51.17,10.45,2019,Food & Emissions,Food Processing Emissions,16579.054,kt CO2eq,Agrofood CO2 Emissions
Germany,DEU,Europe,High Income,51.17,10.45,2020,Food & Emissions,Food Processing Emissions,16373.593,kt CO2eq,Agrofood CO2 Emissions
India,IND,Asia,Lower Middle Income,20.59,78.96,1990,Food & Emissions,Food Processing Emissions,360.393,kt CO2eq,Agrofood CO2 Emissions
India,IND,Asia,Lower Middle Income,20.59,78.96,1991,Food & Emissions,Food Processing Emissions,363.35,kt CO2eq,Agrofood CO2 Emissions
India,IND,Asia,Lower Middle Income,20.59,78.96,1992,Food & Emissions,Food Processing Emissions,325.109,kt CO2eq,Agrofood CO2 Emissions
India,IND,Asia,Lower Middle Income,20.59,78.96,1993,Food & Emissions,Food Processing Emissions,325.109,kt CO2eq,Agrofood CO2 Emissions
India,IND,Asia,Lower Middle Income,20.59,78.96,1994,Food & Emissions,Food Processing Emissions,395.437,kt CO2eq,Agrofood CO2 Emissions
India,IND,Asia,Lower Middle Income,20.59,78.96,1995,Food & Emissions,Food Processing Emissions,628.68,kt CO2eq,Agrofood CO2 Emissions
India,IND,Asia,Lower Middle Income,20.59,78.96,1996,Food & Emissions,Food Processing Emissions,472.159,kt CO2eq,Agrofood CO2 Emissions
India,IND,Asia,Lower Middle Income,20.59,78.96,1997,Food & Emissions,Food Processing Emissions,370.043,kt CO2eq,Agrofood CO2 Emissions
India,IND,Asia,Lower Middle Income,20.59,78.96,1998,Food & Emissions,Food Processing Emissions,421.011,kt CO2eq,Agrofood CO2 Emissions
India,IND,Asia,Lower Middle Income,20.59,78.96,1999,Food & Emissions,Food Processing Emissions,1312.988,kt CO2eq,Agrofood CO2 Emissions
India,IND,Asia,Lower Middle Income,20.59,78.96,2000,Food & Emissions,Food Processing Emissions,2214.817,kt CO2eq,Agrofood CO2 Emissions
India,IND,Asia,Lower Middle Income,20.59,78.96,2001,Food & Emissions,Food Processing Emissions,3029.418,kt CO2eq,Agrofood CO2 Emissions
India,IND,Asia,Lower Middle Income,20.59,78.96,2002,Food & Emissions,Food Processing Emissions,3791.192,kt CO2eq,Agrofood CO2 Emissions
India,IND,Asia,Lower Middle Income,20.59,78.96,2003,Food & Emissions,Food Processing Emissions,4497.91,kt CO2eq,Agrofood CO2 Emissions
India,IND,Asia,Lower Middle Income,20.59,78.96,2004,Food & Emissions,Food Processing Emissions,1424.388,kt CO2eq,Agrofood CO2 Emissions
India,IND,Asia,Lower Middle Income,20.59,78.96,2005,Food & Emissions,Food Processing Emissions,2781.44,kt CO2eq,Agrofood CO2 Emissions
India,IND,Asia,Lower Middle Income,20.59,78.96,2006,Food & Emissions,Food Processing Emissions,4095.227,kt CO2eq,Agrofood CO2 Emissions
India,IND,Asia,Lower Middle Income,20.59,78.96,2007,Food & Emissions,Food Processing Emissions,5654.989,kt CO2eq,Agrofood CO2 Emissions
India,IND,Asia,Lower Middle Income,20.59,78.96,2008,Food & Emissions,Food Processing Emissions,7109.731,kt CO2eq,Agrofood CO2 Emissions
India,IND,Asia,Lower Middle Income,20.59,78.96,2009,Food & Emissions,Food Processing Emissions,8780.792,kt CO2eq,Agrofood CO2 Emissions
India,IND,Asia,Lower Middle Income,20.59,78.96,2010,Food & Emissions,Food Processing Emissions,9901.114,kt CO2eq,Agrofood CO2 Emissions
India,IND,Asia,Lower Middle Income,20.59,78.96,2011,Food & Emissions,Food Processing Emissions,10841.056,kt CO2eq,Agrofood CO2 Emissions
India,IND,Asia,Lower Middle Income,20.59,78.96,2012,Food & Emissions,Food Processing Emissions,13395.706,kt CO2eq,Agrofood CO2 Emissions
India,IND,Asia,Lower Middle Income,20.59,78.96,2013,Food & Emissions,Food Processing Emissions,14263.075,kt CO2eq,Agrofood CO2 Emissions
India,IND,Asia,Lower Middle Income,20.59,78.96,2014,Food & Emissions,Food Processing Emissions,16396.968,kt CO2eq,Agrofood CO2 Emissions
India,IND,Asia,Lower Middle Income,20.59,78.96,2015,Food & Emissions,Food Processing Emissions,15918.136,kt CO2eq,Agrofood CO2 Emissions
India,IND,Asia,Lower Middle Income,20.59,78.96,2016,Food & Emissions,Food Processing Emissions,15366.789,kt CO2eq,Agrofood CO2 Emissions
India,IND,Asia,Lower Middle Income,20.59,78.96,2017,Food & Emissions,Food Processing Emissions,13007.612,kt CO2eq,Agrofood CO2 Emissions
India,IND,Asia,Lower Middle Income,20.59,78.96,2018,Food & Emissions,Food Processing Emissions,13938.452,kt CO2eq,Agrofood CO2 Emissions
India,IND,Asia,Lower Middle Income,20.59,78.96,2019,Food & Emissions,Food Processing Emissions,14146.132,kt CO2eq,Agrofood CO2 Emissions
India,IND,Asia,Lower Middle Income,20.59,78.96,2020,Food & Emissions,Food Processing Emissions,14768.984,kt CO2eq,Agrofood CO2 Emissions
Japan,JPN,Asia,High Income,36.2,138.25,1990,Food & Emissions,Food Processing Emissions,14295.237,kt CO2eq,Agrofood CO2 Emissions
Japan,JPN,Asia,High Income,36.2,138.25,1991,Food & Emissions,Food Processing Emissions,14694.268,kt CO2eq,Agrofood CO2 Emissions
Japan,JPN,Asia,High Income,36.2,138.25,1992,Food & Emissions,Food Processing Emissions,15312.252,kt CO2eq,Agrofood CO2 Emissions
Japan,JPN,Asia,High Income,36.2,138.25,1993,Food & Emissions,Food Processing Emissions,15504.062,kt CO2eq,Agrofood CO2 Emissions
Japan,JPN,Asia,High Income,36.2,138.25,1994,Food & Emissions,Food Processing Emissions,16494.112,kt CO2eq,Agrofood CO2 Emissions
Japan,JPN,Asia,High Income,36.2,138.25,1995,Food & Emissions,Food Processing Emissions,17086.173,kt CO2eq,Agrofood CO2 Emissions
Japan,JPN,Asia,High Income,36.2,138.25,1996,Food & Emissions,Food Processing Emissions,17083.179,kt CO2eq,Agrofood CO2 Emissions
Japan,JPN,Asia,High Income,36.2,138.25,1997,Food & Emissions,Food Processing Emissions,17349.524,kt CO2eq,Agrofood CO2 Emissions
Japan,JPN,Asia,High Income,36.2,138.25,1998,Food & Emissions,Food Processing Emissions,18207.473,kt CO2eq,Agrofood CO2 Emissions
Japan,JPN,Asia,High Income,36.2,138.25,1999,Food & Emissions,Food Processing Emissions,19025.657,kt CO2eq,Agrofood CO2 Emissions
Japan,JPN,Asia,High Income,36.2,138.25,2000,Food & Emissions,Food Processing Emissions,19483.739,kt CO2eq,Agrofood CO2 Emissions
Japan,JPN,Asia,High Income,36.2,138.25,2001,Food & Emissions,Food Processing Emissions,19926.868,kt CO2eq,Agrofood CO2 Emissions
Japan,JPN,Asia,High Income,36.2,138.25,2002,Food & Emissions,Food Processing Emissions,21082.635,kt CO2eq,Agrofood CO2 Emissions
Japan,JPN,Asia,High Income,36.2,138.25,2003,Food & Emissions,Food Processing Emissions,21434.347,kt CO2eq,Agrofood CO2 Emissions
Japan,JPN,Asia,High Income,36.2,138.25,2004,Food & Emissions,Food Processing Emissions,22127.99,kt CO2eq,Agrofood CO2 Emissions
Japan,JPN,Asia,High Income,36.2,138.25,2005,Food & Emissions,Food Processing Emissions,22269.909,kt CO2eq,Agrofood CO2 Emissions
Japan,JPN,Asia,High Income,36.2,138.25,2006,Food & Emissions,Food Processing Emissions,21792.356,kt CO2eq,Agrofood CO2 Emissions
Japan,JPN,Asia,High Income,36.2,138.25,2007,Food & Emissions,Food Processing Emissions,22465.091,kt CO2eq,Agrofood CO2 Emissions
Japan,JPN,Asia,High Income,36.2,138.25,2008,Food & Emissions,Food Processing Emissions,21633.571,kt CO2eq,Agrofood CO2 Emissions
Japan,JPN,Asia,High Income,36.2,138.25,2009,Food & Emissions,Food Processing Emissions,19946.04,kt CO2eq,Agrofood CO2 Emissions
Japan,JPN,Asia,High Income,36.2,138.25,2010,Food & Emissions,Food Processing Emissions,20462.878,kt CO2eq,Agrofood CO2 Emissions
Japan,JPN,Asia,High Income,36.2,138.25,2011,Food & Emissions,Food Processing Emissions,22835.547,kt CO2eq,Agrofood CO2 Emissions
Japan,JPN,Asia,High Income,36.2,138.25,2012,Food & Emissions,Food Processing Emissions,24122.336,kt CO2eq,Agrofood CO2 Emissions
Japan,JPN,Asia,High Income,36.2,138.25,2013,Food & Emissions,Food Processing Emissions,24425.572,kt CO2eq,Agrofood CO2 Emissions
Japan,JPN,Asia,High Income,36.2,138.25,2014,Food & Emissions,Food Processing Emissions,23265.384,kt CO2eq,Agrofood CO2 Emissions
Japan,JPN,Asia,High Income,36.2,138.25,2015,Food & Emissions,Food Processing Emissions,22338.163,kt CO2eq,Agrofood CO2 Emissions
Japan,JPN,Asia,High Income,36.2,138.25,2016,Food & Emissions,Food Processing Emissions,22400.884,kt CO2eq,Agrofood CO2 Emissions
Japan,JPN,Asia,High Income,36.2,138.25,2017,Food & Emissions,Food Processing Emissions,20897.049,kt CO2eq,Agrofood CO2 Emissions
Japan,JPN,Asia,High Income,36.2,138.25,2018,Food & Emissions,Food Processing Emissions,21874.929,kt CO2eq,Agrofood CO2 Emissions
Japan,JPN,Asia,High Income,36.2,138.25,2019,Food & Emissions,Food Processing Emissions,20474.211,kt CO2eq,Agrofood CO2 Emissions
Japan,JPN,Asia,High Income,36.2,138.25,2020,Food & Emissions,Food Processing Emissions,20022.847,kt CO2eq,Agrofood CO2 Emissions
South Korea,KOR,Asia,High Income,35.91,127.77,1990,Food & Emissions,Food Processing Emissions,5155.584,kt CO2eq,Agrofood CO2 Emissions
South Korea,KOR,Asia,High Income,35.91,127.77,1991,Food & Emissions,Food Processing Emissions,5526.972,kt CO2eq,Agrofood CO2 Emissions
South Korea,KOR,Asia,High Income,35.91,127.77,1992,Food & Emissions,Food Processing Emissions,6075.935,kt CO2eq,Agrofood CO2 Emissions
South Korea,KOR,Asia,High Income,35.91,127.77,1993,Food & Emissions,Food Processing Emissions,6140.403,kt CO2eq,Agrofood CO2 Emissions
South Korea,KOR,Asia,High Income,35.91,127.77,1994,Food & Emissions,Food Processing Emissions,6806.49,kt CO2eq,Agrofood CO2 Emissions
South Korea,KOR,Asia,High Income,35.91,127.77,1995,Food & Emissions,Food Processing Emissions,7346.485,kt CO2eq,Agrofood CO2 Emissions
South Korea,KOR,Asia,High Income,35.91,127.77,1996,Food & Emissions,Food Processing Emissions,7530.125,kt CO2eq,Agrofood CO2 Emissions
South Korea,KOR,Asia,High Income,35.91,127.77,1997,Food & Emissions,Food Processing Emissions,7489.133,kt CO2eq,Agrofood CO2 Emissions
South Korea,KOR,Asia,High Income,35.91,127.77,1998,Food & Emissions,Food Processing Emissions,6325.633,kt CO2eq,Agrofood CO2 Emissions
South Korea,KOR,Asia,High Income,35.91,127.77,1999,Food & Emissions,Food Processing Emissions,6188.811,kt CO2eq,Agrofood CO2 Emissions
South Korea,KOR,Asia,High Income,35.91,127.77,2000,Food & Emissions,Food Processing Emissions,6789.76,kt CO2eq,Agrofood CO2 Emissions
South Korea,KOR,Asia,High Income,35.91,127.77,2001,Food & Emissions,Food Processing Emissions,6631.897,kt CO2eq,Agrofood CO2 Emissions
South Korea,KOR,Asia,High Income,35.91,127.77,2002,Food & Emissions,Food Processing Emissions,6591.234,kt CO2eq,Agrofood CO2 Emissions
South Korea,KOR,Asia,High Income,35.91,127.77,2003,Food & Emissions,Food Processing Emissions,6723.834,kt CO2eq,Agrofood CO2 Emissions
South Korea,KOR,Asia,High Income,35.91,127.77,2004,Food & Emissions,Food Processing Emissions,6780.947,kt CO2eq,Agrofood CO2 Emissions
South Korea,KOR,Asia,High Income,35.91,127.77,2005,Food & Emissions,Food Processing Emissions,6538.624,kt CO2eq,Agrofood CO2 Emissions
South Korea,KOR,Asia,High Income,35.91,127.77,2006,Food & Emissions,Food Processing Emissions,6505.829,kt CO2eq,Agrofood CO2 Emissions
South Korea,KOR,Asia,High Income,35.91,127.77,2007,Food & Emissions,Food Processing Emissions,6721.073,kt CO2eq,Agrofood CO2 Emissions
South Korea,KOR,Asia,High Income,35.91,127.77,2008,Food & Emissions,Food Processing Emissions,6589.412,kt CO2eq,Agrofood CO2 Emissions
South Korea,KOR,Asia,High Income,35.91,127.77,2009,Food & Emissions,Food Processing Emissions,7322.21,kt CO2eq,Agrofood CO2 Emissions
South Korea,KOR,Asia,High Income,35.91,127.77,2010,Food & Emissions,Food Processing Emissions,7466.615,kt CO2eq,Agrofood CO2 Emissions
South Korea,KOR,Asia,High Income,35.91,127.77,2011,Food & Emissions,Food Processing Emissions,8150.91,kt CO2eq,Agrofood CO2 Emissions
South Korea,KOR,Asia,High Income,35.91,127.77,2012,Food & Emissions,Food Processing Emissions,8332.549,kt CO2eq,Agrofood CO2 Emissions
South Korea,KOR,Asia,High Income,35.91,127.77,2013,Food & Emissions,Food Processing Emissions,7991.959,kt CO2eq,Agrofood CO2 Emissions
South Korea,KOR,Asia,High Income,35.91,127.77,2014,Food & Emissions,Food Processing Emissions,7955.013,kt CO2eq,Agrofood CO2 Emissions
South Korea,KOR,Asia,High Income,35.91,127.77,2015,Food & Emissions,Food Processing Emissions,8041.756,kt CO2eq,Agrofood CO2 Emissions
South Korea,KOR,Asia,High Income,35.91,127.77,2016,Food & Emissions,Food Processing Emissions,8649.975,kt CO2eq,Agrofood CO2 Emissions
South Korea,KOR,Asia,High Income,35.91,127.77,2017,Food & Emissions,Food Processing Emissions,9162.789,kt CO2eq,Agrofood CO2 Emissions
South Korea,KOR,Asia,High Income,35.91,127.77,2018,Food & Emissions,Food Processing Emissions,9206.376,kt CO2eq,Agrofood CO2 Emissions
South Korea,KOR,Asia,High Income,35.91,127.77,2019,Food & Emissions,Food Processing Emissions,9078.9,kt CO2eq,Agrofood CO2 Emissions
South Korea,KOR,Asia,High Income,35.91,127.77,2020,Food & Emissions,Food Processing Emissions,9668.888,kt CO2eq,Agrofood CO2 Emissions
UK,GBR,Europe,High Income,55.38,-3.44,1990,Food & Emissions,Food Processing Emissions,15689.435,kt CO2eq,Agrofood CO2 Emissions
UK,GBR,Europe,High Income,55.38,-3.44,1991,Food & Emissions,Food Processing Emissions,15356.669,kt CO2eq,Agrofood CO2 Emissions
UK,GBR,Europe,High Income,55.38,-3.44,1992,Food & Emissions,Food Processing Emissions,15713.652,kt CO2eq,Agrofood CO2 Emissions
UK,GBR,Europe,High Income,55.38,-3.44,1993,Food & Emissions,Food Processing Emissions,15553.452,kt CO2eq,Agrofood CO2 Emissions
UK,GBR,Europe,High Income,55.38,-3.44,1994,Food & Emissions,Food Processing Emissions,14366.307,kt CO2eq,Agrofood CO2 Emissions
UK,GBR,Europe,High Income,55.38,-3.44,1995,Food & Emissions,Food Processing Emissions,14160.229,kt CO2eq,Agrofood CO2 Emissions
UK,GBR,Europe,High Income,55.38,-3.44,1996,Food & Emissions,Food Processing Emissions,14522.763,kt CO2eq,Agrofood CO2 Emissions
UK,GBR,Europe,High Income,55.38,-3.44,1997,Food & Emissions,Food Processing Emissions,13734.275,kt CO2eq,Agrofood CO2 Emissions
UK,GBR,Europe,High Income,55.38,-3.44,1998,Food & Emissions,Food Processing Emissions,13562.458,kt CO2eq,Agrofood CO2 Emissions
UK,GBR,Europe,High Income,55.38,-3.44,1999,Food & Emissions,Food Processing Emissions,13123.69,kt CO2eq,Agrofood CO2 Emissions
UK,GBR,Europe,High Income,55.38,-3.44,2000,Food & Emissions,Food Processing Emissions,12306.356,kt CO2eq,Agrofood CO2 Emissions
UK,GBR,Europe,High Income,55.38,-3.44,2001,Food & Emissions,Food Processing Emissions,13188.598,kt CO2eq,Agrofood CO2 Emissions
UK,GBR,Europe,High Income,55.38,-3.44,2002,Food & Emissions,Food Processing Emissions,13087.193,kt CO2eq,Agrofood CO2 Emissions
UK,GBR,Europe,High Income,55.38,-3.44,2003,Food & Emissions,Food Processing Emissions,12952.706,kt CO2eq,Agrofood CO2 Emissions
UK,GBR,Europe,High Income,55.38,-3.44,2004,Food & Emissions,Food Processing Emissions,13541.403,kt CO2eq,Agrofood CO2 Emissions
UK,GBR,Europe,High Income,55.38,-3.44,2005,Food & Emissions,Food Processing Emissions,12945.681,kt CO2eq,Agrofood CO2 Emissions
UK,GBR,Europe,High Income,55.38,-3.44,2006,Food & Emissions,Food Processing Emissions,12840.763,kt CO2eq,Agrofood CO2 Emissions
UK,GBR,Europe,High Income,55.38,-3.44,2007,Food & Emissions,Food Processing Emissions,12654.543,kt CO2eq,Agrofood CO2 Emissions
UK,GBR,Europe,High Income,55.38,-3.44,2008,Food & Emissions,Food Processing Emissions,12296.832,kt CO2eq,Agrofood CO2 Emissions
UK,GBR,Europe,High Income,55.38,-3.44,2009,Food & Emissions,Food Processing Emissions,10350.922,kt CO2eq,Agrofood CO2 Emissions
UK,GBR,Europe,High Income,55.38,-3.44,2010,Food & Emissions,Food Processing Emissions,11002.152,kt CO2eq,Agrofood CO2 Emissions
UK,GBR,Europe,High Income,55.38,-3.44,2011,Food & Emissions,Food Processing Emissions,10852.851,kt CO2eq,Agrofood CO2 Emissions
UK,GBR,Europe,High Income,55.38,-3.44,2012,Food & Emissions,Food Processing Emissions,11323.528,kt CO2eq,Agrofood CO2 Emissions
UK,GBR,Europe,High Income,55.38,-3.44,2013,Food & Emissions,Food Processing Emissions,11102.064,kt CO2eq,Agrofood CO2 Emissions
UK,GBR,Europe,High Income,55.38,-3.44,2014,Food & Emissions,Food Processing Emissions,10362.815,kt CO2eq,Agrofood CO2 Emissions
UK,GBR,Europe,High Income,55.38,-3.44,2015,Food & Emissions,Food Processing Emissions,9234.496,kt CO2eq,Agrofood CO2 Emissions
UK,GBR,Europe,High Income,55.38,-3.44,2016,Food & Emissions,Food Processing Emissions,8684.539,kt CO2eq,Agrofood CO2 Emissions
UK,GBR,Europe,High Income,55.38,-3.44,2017,Food & Emissions,Food Processing Emissions,8473.766,kt CO2eq,Agrofood CO2 Emissions
UK,GBR,Europe,High Income,55.38,-3.44,2018,Food & Emissions,Food Processing Emissions,8586.497,kt CO2eq,Agrofood CO2 Emissions
UK,GBR,Europe,High Income,55.38,-3.44,2019,Food & Emissions,Food Processing Emissions,8230.245,kt CO2eq,Agrofood CO2 Emissions
UK,GBR,Europe,High Income,55.38,-3.44,2020,Food & Emissions,Food Processing Emissions,7852.336,kt CO2eq,Agrofood CO2 Emissions
USA,USA,North America,High Income,37.09,-95.71,1990,Food & Emissions,Food Processing Emissions,50544.504,kt CO2eq,Agrofood CO2 Emissions
USA,USA,North America,High Income,37.09,-95.71,1991,Food & Emissions,Food Processing Emissions,52404.568,kt CO2eq,Agrofood CO2 Emissions
USA,USA,North America,High Income,37.09,-95.71,1992,Food & Emissions,Food Processing Emissions,48129.798,kt CO2eq,Agrofood CO2 Emissions
USA,USA,North America,High Income,37.09,-95.71,1993,Food & Emissions,Food Processing Emissions,45260.029,kt CO2eq,Agrofood CO2 Emissions
USA,USA,North America,High Income,37.09,-95.71,1994,Food & Emissions,Food Processing Emissions,45362.557,kt CO2eq,Agrofood CO2 Emissions
USA,USA,North America,High Income,37.09,-95.71,1995,Food & Emissions,Food Processing Emissions,89108.745,kt CO2eq,Agrofood CO2 Emissions
USA,USA,North America,High Income,37.09,-95.71,1996,Food & Emissions,Food Processing Emissions,90262.999,kt CO2eq,Agrofood CO2 Emissions
USA,USA,North America,High Income,37.09,-95.71,1997,Food & Emissions,Food Processing Emissions,101575.429,kt CO2eq,Agrofood CO2 Emissions
USA,USA,North America,High Income,37.09,-95.71,1998,Food & Emissions,Food Processing Emissions,100704.524,kt CO2eq,Agrofood CO2 Emissions
USA,USA,North America,High Income,37.09,-95.71,1999,Food & Emissions,Food Processing Emissions,95857.267,kt CO2eq,Agrofood CO2 Emissions
USA,USA,North America,High Income,37.09,-95.71,2000,Food & Emissions,Food Processing Emissions,103509.458,kt CO2eq,Agrofood CO2 Emissions
USA,USA,North America,High Income,37.09,-95.71,2001,Food & Emissions,Food Processing Emissions,107791.931,kt CO2eq,Agrofood CO2 Emissions
USA,USA,North America,High Income,37.09,-95.71,2002,Food & Emissions,Food Processing Emissions,100422.402,kt CO2eq,Agrofood CO2 Emissions
USA,USA,North America,High Income,37.09,-95.71,2003,Food & Emissions,Food Processing Emissions,103331.148,kt CO2eq,Agrofood CO2 Emissions
USA,USA,North America,High Income,37.09,-95.71,2004,Food & Emissions,Food Processing Emissions,105196.094,kt CO2eq,Agrofood CO2 Emissions
USA,USA,North America,High Income,37.09,-95.71,2005,Food & Emissions,Food Processing Emissions,106180.423,kt CO2eq,Agrofood CO2 Emissions
USA,USA,North America,High Income,37.09,-95.71,2006,Food & Emissions,Food Processing Emissions,111715.457,kt CO2eq,Agrofood CO2 Emissions
USA,USA,North America,High Income,37.09,-95.71,2007,Food & Emissions,Food Processing Emissions,113009.637,kt CO2eq,Agrofood CO2 Emissions
USA,USA,North America,High Income,37.09,-95.71,2008,Food & Emissions,Food Processing Emissions,114748.455,kt CO2eq,Agrofood CO2 Emissions
USA,USA,North America,High Income,37.09,-95.71,2009,Food & Emissions,Food Processing Emissions,106523.512,kt CO2eq,Agrofood CO2 Emissions
USA,USA,North America,High Income,37.09,-95.71,2010,Food & Emissions,Food Processing Emissions,107670.158,kt CO2eq,Agrofood CO2 Emissions
USA,USA,North America,High Income,37.09,-95.71,2011,Food & Emissions,Food Processing Emissions,98535.431,kt CO2eq,Agrofood CO2 Emissions
USA,USA,North America,High Income,37.09,-95.71,2012,Food & Emissions,Food Processing Emissions,97001.043,kt CO2eq,Agrofood CO2 Emissions
USA,USA,North America,High Income,37.09,-95.71,2013,Food & Emissions,Food Processing Emissions,98699.252,kt CO2eq,Agrofood CO2 Emissions
USA,USA,North America,High Income,37.09,-95.71,2014,Food & Emissions,Food Processing Emissions,101586.793,kt CO2eq,Agrofood CO2 Emissions
USA,USA,North America,High Income,37.09,-95.71,2015,Food & Emissions,Food Processing Emissions,97619.014,kt CO2eq,Agrofood CO2 Emissions
USA,USA,North America,High Income,37.09,-95.71,2016,Food & Emissions,Food Processing Emissions,102121.806,kt CO2eq,Agrofood CO2 Emissions
USA,USA,North America,High Income,37.09,-95.71,2017,Food & Emissions,Food Processing Emissions,99687.407,kt CO2eq,Agrofood CO2 Emissions
USA,USA,North America,High Income,37.09,-95.71,2018,Food & Emissions,Food Processing Emissions,100011.342,kt CO2eq,Agrofood CO2 Emissions
USA,USA,North America,High Income,37.09,-95.71,2019,Food & Emissions,Food Processing Emissions,91981.142,kt CO2eq,Agrofood CO2 Emissions
USA,USA,North America,High Income,37.09,-95.71,2020,Food & Emissions,Food Processing Emissions,97522.757,kt CO2eq,Agrofood CO2 Emissions
Australia,AUS,Oceania,High Income,-25.27,133.77,1990,Food & Emissions,Food Retail Emissions,3256.988,kt CO2eq,Agrofood CO2 Emissions
Australia,AUS,Oceania,High Income,-25.27,133.77,1991,Food & Emissions,Food Retail Emissions,3371.322,kt CO2eq,Agrofood CO2 Emissions
Australia,AUS,Oceania,High Income,-25.27,133.77,1992,Food & Emissions,Food Retail Emissions,3076.191,kt CO2eq,Agrofood CO2 Emissions
Australia,AUS,Oceania,High Income,-25.27,133.77,1993,Food & Emissions,Food Retail Emissions,3105.622,kt CO2eq,Agrofood CO2 Emissions
Australia,AUS,Oceania,High Income,-25.27,133.77,1994,Food & Emissions,Food Retail Emissions,2345.76,kt CO2eq,Agrofood CO2 Emissions
Australia,AUS,Oceania,High Income,-25.27,133.77,1995,Food & Emissions,Food Retail Emissions,2521.579,kt CO2eq,Agrofood CO2 Emissions
Australia,AUS,Oceania,High Income,-25.27,133.77,1996,Food & Emissions,Food Retail Emissions,2792.917,kt CO2eq,Agrofood CO2 Emissions
Australia,AUS,Oceania,High Income,-25.27,133.77,1997,Food & Emissions,Food Retail Emissions,2990.931,kt CO2eq,Agrofood CO2 Emissions
Australia,AUS,Oceania,High Income,-25.27,133.77,1998,Food & Emissions,Food Retail Emissions,3372.007,kt CO2eq,Agrofood CO2 Emissions
Australia,AUS,Oceania,High Income,-25.27,133.77,1999,Food & Emissions,Food Retail Emissions,3635.32,kt CO2eq,Agrofood CO2 Emissions
Australia,AUS,Oceania,High Income,-25.27,133.77,2000,Food & Emissions,Food Retail Emissions,3823.104,kt CO2eq,Agrofood CO2 Emissions
Australia,AUS,Oceania,High Income,-25.27,133.77,2001,Food & Emissions,Food Retail Emissions,3923.306,kt CO2eq,Agrofood CO2 Emissions
Australia,AUS,Oceania,High Income,-25.27,133.77,2002,Food & Emissions,Food Retail Emissions,4829.357,kt CO2eq,Agrofood CO2 Emissions
Australia,AUS,Oceania,High Income,-25.27,133.77,2003,Food & Emissions,Food Retail Emissions,5359.267,kt CO2eq,Agrofood CO2 Emissions
Australia,AUS,Oceania,High Income,-25.27,133.77,2004,Food & Emissions,Food Retail Emissions,5699.339,kt CO2eq,Agrofood CO2 Emissions
Australia,AUS,Oceania,High Income,-25.27,133.77,2005,Food & Emissions,Food Retail Emissions,6306.498,kt CO2eq,Agrofood CO2 Emissions
Australia,AUS,Oceania,High Income,-25.27,133.77,2006,Food & Emissions,Food Retail Emissions,6273.686,kt CO2eq,Agrofood CO2 Emissions
Australia,AUS,Oceania,High Income,-25.27,133.77,2007,Food & Emissions,Food Retail Emissions,6619.729,kt CO2eq,Agrofood CO2 Emissions
Australia,AUS,Oceania,High Income,-25.27,133.77,2008,Food & Emissions,Food Retail Emissions,6643.62,kt CO2eq,Agrofood CO2 Emissions
Australia,AUS,Oceania,High Income,-25.27,133.77,2009,Food & Emissions,Food Retail Emissions,7511.273,kt CO2eq,Agrofood CO2 Emissions
Australia,AUS,Oceania,High Income,-25.27,133.77,2010,Food & Emissions,Food Retail Emissions,7135.305,kt CO2eq,Agrofood CO2 Emissions
Australia,AUS,Oceania,High Income,-25.27,133.77,2011,Food & Emissions,Food Retail Emissions,7361.53,kt CO2eq,Agrofood CO2 Emissions
Australia,AUS,Oceania,High Income,-25.27,133.77,2012,Food & Emissions,Food Retail Emissions,7132.468,kt CO2eq,Agrofood CO2 Emissions
Australia,AUS,Oceania,High Income,-25.27,133.77,2013,Food & Emissions,Food Retail Emissions,7498.963,kt CO2eq,Agrofood CO2 Emissions
Australia,AUS,Oceania,High Income,-25.27,133.77,2014,Food & Emissions,Food Retail Emissions,7660.627,kt CO2eq,Agrofood CO2 Emissions
Australia,AUS,Oceania,High Income,-25.27,133.77,2015,Food & Emissions,Food Retail Emissions,8578.541,kt CO2eq,Agrofood CO2 Emissions
Australia,AUS,Oceania,High Income,-25.27,133.77,2016,Food & Emissions,Food Retail Emissions,8527.846,kt CO2eq,Agrofood CO2 Emissions
Australia,AUS,Oceania,High Income,-25.27,133.77,2017,Food & Emissions,Food Retail Emissions,8540.215,kt CO2eq,Agrofood CO2 Emissions
Australia,AUS,Oceania,High Income,-25.27,133.77,2018,Food & Emissions,Food Retail Emissions,8268.003,kt CO2eq,Agrofood CO2 Emissions
Australia,AUS,Oceania,High Income,-25.27,133.77,2019,Food & Emissions,Food Retail Emissions,8732.408,kt CO2eq,Agrofood CO2 Emissions
Australia,AUS,Oceania,High Income,-25.27,133.77,2020,Food & Emissions,Food Retail Emissions,8798.191,kt CO2eq,Agrofood CO2 Emissions
Brazil,BRA,South America,Upper Middle Income,-14.24,-51.93,1990,Food & Emissions,Food Retail Emissions,5115.783,kt CO2eq,Agrofood CO2 Emissions
Brazil,BRA,South America,Upper Middle Income,-14.24,-51.93,1991,Food & Emissions,Food Retail Emissions,5613.98,kt CO2eq,Agrofood CO2 Emissions
Brazil,BRA,South America,Upper Middle Income,-14.24,-51.93,1992,Food & Emissions,Food Retail Emissions,5874.085,kt CO2eq,Agrofood CO2 Emissions
Brazil,BRA,South America,Upper Middle Income,-14.24,-51.93,1993,Food & Emissions,Food Retail Emissions,3563.398,kt CO2eq,Agrofood CO2 Emissions
Brazil,BRA,South America,Upper Middle Income,-14.24,-51.93,1994,Food & Emissions,Food Retail Emissions,3888.597,kt CO2eq,Agrofood CO2 Emissions
Brazil,BRA,South America,Upper Middle Income,-14.24,-51.93,1995,Food & Emissions,Food Retail Emissions,1860.61,kt CO2eq,Agrofood CO2 Emissions
Brazil,BRA,South America,Upper Middle Income,-14.24,-51.93,1996,Food & Emissions,Food Retail Emissions,2066.313,kt CO2eq,Agrofood CO2 Emissions
Brazil,BRA,South America,Upper Middle Income,-14.24,-51.93,1997,Food & Emissions,Food Retail Emissions,2506.732,kt CO2eq,Agrofood CO2 Emissions
Brazil,BRA,South America,Upper Middle Income,-14.24,-51.93,1998,Food & Emissions,Food Retail Emissions,2764.507,kt CO2eq,Agrofood CO2 Emissions
Brazil,BRA,South America,Upper Middle Income,-14.24,-51.93,1999,Food & Emissions,Food Retail Emissions,3547.274,kt CO2eq,Agrofood CO2 Emissions
Brazil,BRA,South America,Upper Middle Income,-14.24,-51.93,2000,Food & Emissions,Food Retail Emissions,4323.676,kt CO2eq,Agrofood CO2 Emissions
Brazil,BRA,South America,Upper Middle Income,-14.24,-51.93,2001,Food & Emissions,Food Retail Emissions,4614.264,kt CO2eq,Agrofood CO2 Emissions
Brazil,BRA,South America,Upper Middle Income,-14.24,-51.93,2002,Food & Emissions,Food Retail Emissions,4931.497,kt CO2eq,Agrofood CO2 Emissions
Brazil,BRA,South America,Upper Middle Income,-14.24,-51.93,2003,Food & Emissions,Food Retail Emissions,4998.085,kt CO2eq,Agrofood CO2 Emissions
Brazil,BRA,South America,Upper Middle Income,-14.24,-51.93,2004,Food & Emissions,Food Retail Emissions,5750.119,kt CO2eq,Agrofood CO2 Emissions
Brazil,BRA,South America,Upper Middle Income,-14.24,-51.93,2005,Food & Emissions,Food Retail Emissions,5977.237,kt CO2eq,Agrofood CO2 Emissions
Brazil,BRA,South America,Upper Middle Income,-14.24,-51.93,2006,Food & Emissions,Food Retail Emissions,6860.732,kt CO2eq,Agrofood CO2 Emissions
Brazil,BRA,South America,Upper Middle Income,-14.24,-51.93,2007,Food & Emissions,Food Retail Emissions,7463.325,kt CO2eq,Agrofood CO2 Emissions
Brazil,BRA,South America,Upper Middle Income,-14.24,-51.93,2008,Food & Emissions,Food Retail Emissions,8539.673,kt CO2eq,Agrofood CO2 Emissions
Brazil,BRA,South America,Upper Middle Income,-14.24,-51.93,2009,Food & Emissions,Food Retail Emissions,8147.591,kt CO2eq,Agrofood CO2 Emissions
Brazil,BRA,South America,Upper Middle Income,-14.24,-51.93,2010,Food & Emissions,Food Retail Emissions,10037.117,kt CO2eq,Agrofood CO2 Emissions
Brazil,BRA,South America,Upper Middle Income,-14.24,-51.93,2011,Food & Emissions,Food Retail Emissions,9308.342,kt CO2eq,Agrofood CO2 Emissions
Brazil,BRA,South America,Upper Middle Income,-14.24,-51.93,2012,Food & Emissions,Food Retail Emissions,10859.986,kt CO2eq,Agrofood CO2 Emissions
Brazil,BRA,South America,Upper Middle Income,-14.24,-51.93,2013,Food & Emissions,Food Retail Emissions,12577.535,kt CO2eq,Agrofood CO2 Emissions
Brazil,BRA,South America,Upper Middle Income,-14.24,-51.93,2014,Food & Emissions,Food Retail Emissions,14221.039,kt CO2eq,Agrofood CO2 Emissions
Brazil,BRA,South America,Upper Middle Income,-14.24,-51.93,2015,Food & Emissions,Food Retail Emissions,14789.725,kt CO2eq,Agrofood CO2 Emissions
Brazil,BRA,South America,Upper Middle Income,-14.24,-51.93,2016,Food & Emissions,Food Retail Emissions,14573.623,kt CO2eq,Agrofood CO2 Emissions
Brazil,BRA,South America,Upper Middle Income,-14.24,-51.93,2017,Food & Emissions,Food Retail Emissions,14899.897,kt CO2eq,Agrofood CO2 Emissions
Brazil,BRA,South America,Upper Middle Income,-14.24,-51.93,2018,Food & Emissions,Food Retail Emissions,15082.341,kt CO2eq,Agrofood CO2 Emissions
Brazil,BRA,South America,Upper Middle Income,-14.24,-51.93,2019,Food & Emissions,Food Retail Emissions,15827.81,kt CO2eq,Agrofood CO2 Emissions
Brazil,BRA,South America,Upper Middle Income,-14.24,-51.93,2020,Food & Emissions,Food Retail Emissions,16052.582,kt CO2eq,Agrofood CO2 Emissions
Canada,CAN,North America,High Income,56.13,-106.35,1990,Food & Emissions,Food Retail Emissions,2754.69,kt CO2eq,Agrofood CO2 Emissions
Canada,CAN,North America,High Income,56.13,-106.35,1991,Food & Emissions,Food Retail Emissions,2793.252,kt CO2eq,Agrofood CO2 Emissions
Canada,CAN,North America,High Income,56.13,-106.35,1992,Food & Emissions,Food Retail Emissions,2892.687,kt CO2eq,Agrofood CO2 Emissions
Canada,CAN,North America,High Income,56.13,-106.35,1993,Food & Emissions,Food Retail Emissions,2885.728,kt CO2eq,Agrofood CO2 Emissions
Canada,CAN,North America,High Income,56.13,-106.35,1994,Food & Emissions,Food Retail Emissions,2905.52,kt CO2eq,Agrofood CO2 Emissions
Canada,CAN,North America,High Income,56.13,-106.35,1995,Food & Emissions,Food Retail Emissions,3045.113,kt CO2eq,Agrofood CO2 Emissions
Canada,CAN,North America,High Income,56.13,-106.35,1996,Food & Emissions,Food Retail Emissions,3136.454,kt CO2eq,Agrofood CO2 Emissions
Canada,CAN,North America,High Income,56.13,-106.35,1997,Food & Emissions,Food Retail Emissions,3395.873,kt CO2eq,Agrofood CO2 Emissions
Canada,CAN,North America,High Income,56.13,-106.35,1998,Food & Emissions,Food Retail Emissions,3655.009,kt CO2eq,Agrofood CO2 Emissions
Canada,CAN,North America,High Income,56.13,-106.35,1999,Food & Emissions,Food Retail Emissions,3808.484,kt CO2eq,Agrofood CO2 Emissions
Canada,CAN,North America,High Income,56.13,-106.35,2000,Food & Emissions,Food Retail Emissions,4385.852,kt CO2eq,Agrofood CO2 Emissions
Canada,CAN,North America,High Income,56.13,-106.35,2001,Food & Emissions,Food Retail Emissions,4635.348,kt CO2eq,Agrofood CO2 Emissions
Canada,CAN,North America,High Income,56.13,-106.35,2002,Food & Emissions,Food Retail Emissions,4960.717,kt CO2eq,Agrofood CO2 Emissions
Canada,CAN,North America,High Income,56.13,-106.35,2003,Food & Emissions,Food Retail Emissions,5441.997,kt CO2eq,Agrofood CO2 Emissions
Canada,CAN,North America,High Income,56.13,-106.35,2004,Food & Emissions,Food Retail Emissions,5493.531,kt CO2eq,Agrofood CO2 Emissions
Canada,CAN,North America,High Income,56.13,-106.35,2005,Food & Emissions,Food Retail Emissions,5166.486,kt CO2eq,Agrofood CO2 Emissions
Canada,CAN,North America,High Income,56.13,-106.35,2006,Food & Emissions,Food Retail Emissions,5121.456,kt CO2eq,Agrofood CO2 Emissions
Canada,CAN,North America,High Income,56.13,-106.35,2007,Food & Emissions,Food Retail Emissions,5436.08,kt CO2eq,Agrofood CO2 Emissions
Canada,CAN,North America,High Income,56.13,-106.35,2008,Food & Emissions,Food Retail Emissions,5451.659,kt CO2eq,Agrofood CO2 Emissions
Canada,CAN,North America,High Income,56.13,-106.35,2009,Food & Emissions,Food Retail Emissions,5394.421,kt CO2eq,Agrofood CO2 Emissions
Canada,CAN,North America,High Income,56.13,-106.35,2010,Food & Emissions,Food Retail Emissions,5314.665,kt CO2eq,Agrofood CO2 Emissions
Canada,CAN,North America,High Income,56.13,-106.35,2011,Food & Emissions,Food Retail Emissions,5513.649,kt CO2eq,Agrofood CO2 Emissions
Canada,CAN,North America,High Income,56.13,-106.35,2012,Food & Emissions,Food Retail Emissions,5403.417,kt CO2eq,Agrofood CO2 Emissions
Canada,CAN,North America,High Income,56.13,-106.35,2013,Food & Emissions,Food Retail Emissions,5560.658,kt CO2eq,Agrofood CO2 Emissions
Canada,CAN,North America,High Income,56.13,-106.35,2014,Food & Emissions,Food Retail Emissions,5939.025,kt CO2eq,Agrofood CO2 Emissions
Canada,CAN,North America,High Income,56.13,-106.35,2015,Food & Emissions,Food Retail Emissions,5918.93,kt CO2eq,Agrofood CO2 Emissions
Canada,CAN,North America,High Income,56.13,-106.35,2016,Food & Emissions,Food Retail Emissions,6081.082,kt CO2eq,Agrofood CO2 Emissions
Canada,CAN,North America,High Income,56.13,-106.35,2017,Food & Emissions,Food Retail Emissions,6882.355,kt CO2eq,Agrofood CO2 Emissions
Canada,CAN,North America,High Income,56.13,-106.35,2018,Food & Emissions,Food Retail Emissions,7442.41,kt CO2eq,Agrofood CO2 Emissions
Canada,CAN,North America,High Income,56.13,-106.35,2019,Food & Emissions,Food Retail Emissions,7458.202,kt CO2eq,Agrofood CO2 Emissions
Canada,CAN,North America,High Income,56.13,-106.35,2020,Food & Emissions,Food Retail Emissions,7616.112,kt CO2eq,Agrofood CO2 Emissions
France,FRA,Europe,High Income,46.23,2.21,1990,Food & Emissions,Food Retail Emissions,7102.527,kt CO2eq,Agrofood CO2 Emissions
France,FRA,Europe,High Income,46.23,2.21,1991,Food & Emissions,Food Retail Emissions,11758.238,kt CO2eq,Agrofood CO2 Emissions
France,FRA,Europe,High Income,46.23,2.21,1992,Food & Emissions,Food Retail Emissions,4406.269,kt CO2eq,Agrofood CO2 Emissions
France,FRA,Europe,High Income,46.23,2.21,1993,Food & Emissions,Food Retail Emissions,3909.676,kt CO2eq,Agrofood CO2 Emissions
France,FRA,Europe,High Income,46.23,2.21,1994,Food & Emissions,Food Retail Emissions,3894.684,kt CO2eq,Agrofood CO2 Emissions
France,FRA,Europe,High Income,46.23,2.21,1995,Food & Emissions,Food Retail Emissions,4000.898,kt CO2eq,Agrofood CO2 Emissions
France,FRA,Europe,High Income,46.23,2.21,1996,Food & Emissions,Food Retail Emissions,4537.321,kt CO2eq,Agrofood CO2 Emissions
France,FRA,Europe,High Income,46.23,2.21,1997,Food & Emissions,Food Retail Emissions,4589.981,kt CO2eq,Agrofood CO2 Emissions
France,FRA,Europe,High Income,46.23,2.21,1998,Food & Emissions,Food Retail Emissions,6495.456,kt CO2eq,Agrofood CO2 Emissions
France,FRA,Europe,High Income,46.23,2.21,1999,Food & Emissions,Food Retail Emissions,10844.7,kt CO2eq,Agrofood CO2 Emissions
France,FRA,Europe,High Income,46.23,2.21,2000,Food & Emissions,Food Retail Emissions,10584.782,kt CO2eq,Agrofood CO2 Emissions
France,FRA,Europe,High Income,46.23,2.21,2001,Food & Emissions,Food Retail Emissions,10912.319,kt CO2eq,Agrofood CO2 Emissions
France,FRA,Europe,High Income,46.23,2.21,2002,Food & Emissions,Food Retail Emissions,12211.69,kt CO2eq,Agrofood CO2 Emissions
France,FRA,Europe,High Income,46.23,2.21,2003,Food & Emissions,Food Retail Emissions,13375.333,kt CO2eq,Agrofood CO2 Emissions
France,FRA,Europe,High Income,46.23,2.21,2004,Food & Emissions,Food Retail Emissions,13673.769,kt CO2eq,Agrofood CO2 Emissions
France,FRA,Europe,High Income,46.23,2.21,2005,Food & Emissions,Food Retail Emissions,13411.089,kt CO2eq,Agrofood CO2 Emissions
France,FRA,Europe,High Income,46.23,2.21,2006,Food & Emissions,Food Retail Emissions,13750.907,kt CO2eq,Agrofood CO2 Emissions
France,FRA,Europe,High Income,46.23,2.21,2007,Food & Emissions,Food Retail Emissions,14304.603,kt CO2eq,Agrofood CO2 Emissions
France,FRA,Europe,High Income,46.23,2.21,2008,Food & Emissions,Food Retail Emissions,14685.342,kt CO2eq,Agrofood CO2 Emissions
France,FRA,Europe,High Income,46.23,2.21,2009,Food & Emissions,Food Retail Emissions,14719.744,kt CO2eq,Agrofood CO2 Emissions
France,FRA,Europe,High Income,46.23,2.21,2010,Food & Emissions,Food Retail Emissions,15136.138,kt CO2eq,Agrofood CO2 Emissions
France,FRA,Europe,High Income,46.23,2.21,2011,Food & Emissions,Food Retail Emissions,14166.289,kt CO2eq,Agrofood CO2 Emissions
France,FRA,Europe,High Income,46.23,2.21,2012,Food & Emissions,Food Retail Emissions,14694.136,kt CO2eq,Agrofood CO2 Emissions
France,FRA,Europe,High Income,46.23,2.21,2013,Food & Emissions,Food Retail Emissions,14558.822,kt CO2eq,Agrofood CO2 Emissions
France,FRA,Europe,High Income,46.23,2.21,2014,Food & Emissions,Food Retail Emissions,13498.526,kt CO2eq,Agrofood CO2 Emissions
France,FRA,Europe,High Income,46.23,2.21,2015,Food & Emissions,Food Retail Emissions,13330.509,kt CO2eq,Agrofood CO2 Emissions
France,FRA,Europe,High Income,46.23,2.21,2016,Food & Emissions,Food Retail Emissions,13006.117,kt CO2eq,Agrofood CO2 Emissions
France,FRA,Europe,High Income,46.23,2.21,2017,Food & Emissions,Food Retail Emissions,12965.437,kt CO2eq,Agrofood CO2 Emissions
France,FRA,Europe,High Income,46.23,2.21,2018,Food & Emissions,Food Retail Emissions,11541.654,kt CO2eq,Agrofood CO2 Emissions
France,FRA,Europe,High Income,46.23,2.21,2019,Food & Emissions,Food Retail Emissions,10147.146,kt CO2eq,Agrofood CO2 Emissions
France,FRA,Europe,High Income,46.23,2.21,2020,Food & Emissions,Food Retail Emissions,9101.61,kt CO2eq,Agrofood CO2 Emissions
Germany,DEU,Europe,High Income,51.17,10.45,1990,Food & Emissions,Food Retail Emissions,18013.27,kt CO2eq,Agrofood CO2 Emissions
Germany,DEU,Europe,High Income,51.17,10.45,1991,Food & Emissions,Food Retail Emissions,18031.042,kt CO2eq,Agrofood CO2 Emissions
Germany,DEU,Europe,High Income,51.17,10.45,1992,Food & Emissions,Food Retail Emissions,13781.459,kt CO2eq,Agrofood CO2 Emissions
Germany,DEU,Europe,High Income,51.17,10.45,1993,Food & Emissions,Food Retail Emissions,13487.226,kt CO2eq,Agrofood CO2 Emissions
Germany,DEU,Europe,High Income,51.17,10.45,1994,Food & Emissions,Food Retail Emissions,12938.462,kt CO2eq,Agrofood CO2 Emissions
Germany,DEU,Europe,High Income,51.17,10.45,1995,Food & Emissions,Food Retail Emissions,12874.283,kt CO2eq,Agrofood CO2 Emissions
Germany,DEU,Europe,High Income,51.17,10.45,1996,Food & Emissions,Food Retail Emissions,14391.498,kt CO2eq,Agrofood CO2 Emissions
Germany,DEU,Europe,High Income,51.17,10.45,1997,Food & Emissions,Food Retail Emissions,13492.932,kt CO2eq,Agrofood CO2 Emissions
Germany,DEU,Europe,High Income,51.17,10.45,1998,Food & Emissions,Food Retail Emissions,13634.693,kt CO2eq,Agrofood CO2 Emissions
Germany,DEU,Europe,High Income,51.17,10.45,1999,Food & Emissions,Food Retail Emissions,13925.708,kt CO2eq,Agrofood CO2 Emissions
Germany,DEU,Europe,High Income,51.17,10.45,2000,Food & Emissions,Food Retail Emissions,14606.514,kt CO2eq,Agrofood CO2 Emissions
Germany,DEU,Europe,High Income,51.17,10.45,2001,Food & Emissions,Food Retail Emissions,15670.556,kt CO2eq,Agrofood CO2 Emissions
Germany,DEU,Europe,High Income,51.17,10.45,2002,Food & Emissions,Food Retail Emissions,16111.26,kt CO2eq,Agrofood CO2 Emissions
Germany,DEU,Europe,High Income,51.17,10.45,2003,Food & Emissions,Food Retail Emissions,17264.443,kt CO2eq,Agrofood CO2 Emissions
Germany,DEU,Europe,High Income,51.17,10.45,2004,Food & Emissions,Food Retail Emissions,16900.805,kt CO2eq,Agrofood CO2 Emissions
Germany,DEU,Europe,High Income,51.17,10.45,2005,Food & Emissions,Food Retail Emissions,16720.584,kt CO2eq,Agrofood CO2 Emissions
Germany,DEU,Europe,High Income,51.17,10.45,2006,Food & Emissions,Food Retail Emissions,17563.387,kt CO2eq,Agrofood CO2 Emissions
Germany,DEU,Europe,High Income,51.17,10.45,2007,Food & Emissions,Food Retail Emissions,16273.483,kt CO2eq,Agrofood CO2 Emissions
Germany,DEU,Europe,High Income,51.17,10.45,2008,Food & Emissions,Food Retail Emissions,16859.782,kt CO2eq,Agrofood CO2 Emissions
Germany,DEU,Europe,High Income,51.17,10.45,2009,Food & Emissions,Food Retail Emissions,16561.203,kt CO2eq,Agrofood CO2 Emissions
Germany,DEU,Europe,High Income,51.17,10.45,2010,Food & Emissions,Food Retail Emissions,16824.404,kt CO2eq,Agrofood CO2 Emissions
Germany,DEU,Europe,High Income,51.17,10.45,2011,Food & Emissions,Food Retail Emissions,15695.099,kt CO2eq,Agrofood CO2 Emissions
Germany,DEU,Europe,High Income,51.17,10.45,2012,Food & Emissions,Food Retail Emissions,16318.646,kt CO2eq,Agrofood CO2 Emissions
Germany,DEU,Europe,High Income,51.17,10.45,2013,Food & Emissions,Food Retail Emissions,16687.269,kt CO2eq,Agrofood CO2 Emissions
Germany,DEU,Europe,High Income,51.17,10.45,2014,Food & Emissions,Food Retail Emissions,15295.63,kt CO2eq,Agrofood CO2 Emissions
Germany,DEU,Europe,High Income,51.17,10.45,2015,Food & Emissions,Food Retail Emissions,15449.652,kt CO2eq,Agrofood CO2 Emissions
Germany,DEU,Europe,High Income,51.17,10.45,2016,Food & Emissions,Food Retail Emissions,15133.973,kt CO2eq,Agrofood CO2 Emissions
Germany,DEU,Europe,High Income,51.17,10.45,2017,Food & Emissions,Food Retail Emissions,14641.903,kt CO2eq,Agrofood CO2 Emissions
Germany,DEU,Europe,High Income,51.17,10.45,2018,Food & Emissions,Food Retail Emissions,12768.095,kt CO2eq,Agrofood CO2 Emissions
Germany,DEU,Europe,High Income,51.17,10.45,2019,Food & Emissions,Food Retail Emissions,11150.864,kt CO2eq,Agrofood CO2 Emissions
Germany,DEU,Europe,High Income,51.17,10.45,2020,Food & Emissions,Food Retail Emissions,10645.234,kt CO2eq,Agrofood CO2 Emissions
India,IND,Asia,Lower Middle Income,20.59,78.96,1990,Food & Emissions,Food Retail Emissions,10158.997,kt CO2eq,Agrofood CO2 Emissions
India,IND,Asia,Lower Middle Income,20.59,78.96,1991,Food & Emissions,Food Retail Emissions,10738.9,kt CO2eq,Agrofood CO2 Emissions
India,IND,Asia,Lower Middle Income,20.59,78.96,1992,Food & Emissions,Food Retail Emissions,10783.316,kt CO2eq,Agrofood CO2 Emissions
India,IND,Asia,Lower Middle Income,20.59,78.96,1993,Food & Emissions,Food Retail Emissions,7364.213,kt CO2eq,Agrofood CO2 Emissions
India,IND,Asia,Lower Middle Income,20.59,78.96,1994,Food & Emissions,Food Retail Emissions,7982.283,kt CO2eq,Agrofood CO2 Emissions
India,IND,Asia,Lower Middle Income,20.59,78.96,1995,Food & Emissions,Food Retail Emissions,8444.544,kt CO2eq,Agrofood CO2 Emissions
India,IND,Asia,Lower Middle Income,20.59,78.96,1996,Food & Emissions,Food Retail Emissions,3578.803,kt CO2eq,Agrofood CO2 Emissions
India,IND,Asia,Lower Middle Income,20.59,78.96,1997,Food & Emissions,Food Retail Emissions,4039.648,kt CO2eq,Agrofood CO2 Emissions
India,IND,Asia,Lower Middle Income,20.59,78.96,1998,Food & Emissions,Food Retail Emissions,2823.368,kt CO2eq,Agrofood CO2 Emissions
India,IND,Asia,Lower Middle Income,20.59,78.96,1999,Food & Emissions,Food Retail Emissions,3296.04,kt CO2eq,Agrofood CO2 Emissions
India,IND,Asia,Lower Middle Income,20.59,78.96,2000,Food & Emissions,Food Retail Emissions,5391.415,kt CO2eq,Agrofood CO2 Emissions
India,IND,Asia,Lower Middle Income,20.59,78.96,2001,Food & Emissions,Food Retail Emissions,6201.706,kt CO2eq,Agrofood CO2 Emissions
India,IND,Asia,Lower Middle Income,20.59,78.96,2002,Food & Emissions,Food Retail Emissions,7140.326,kt CO2eq,Agrofood CO2 Emissions
India,IND,Asia,Lower Middle Income,20.59,78.96,2003,Food & Emissions,Food Retail Emissions,8135.498,kt CO2eq,Agrofood CO2 Emissions
India,IND,Asia,Lower Middle Income,20.59,78.96,2004,Food & Emissions,Food Retail Emissions,6929.0,kt CO2eq,Agrofood CO2 Emissions
India,IND,Asia,Lower Middle Income,20.59,78.96,2005,Food & Emissions,Food Retail Emissions,5122.685,kt CO2eq,Agrofood CO2 Emissions
India,IND,Asia,Lower Middle Income,20.59,78.96,2006,Food & Emissions,Food Retail Emissions,6435.231,kt CO2eq,Agrofood CO2 Emissions
India,IND,Asia,Lower Middle Income,20.59,78.96,2007,Food & Emissions,Food Retail Emissions,7795.121,kt CO2eq,Agrofood CO2 Emissions
India,IND,Asia,Lower Middle Income,20.59,78.96,2008,Food & Emissions,Food Retail Emissions,10598.759,kt CO2eq,Agrofood CO2 Emissions
India,IND,Asia,Lower Middle Income,20.59,78.96,2009,Food & Emissions,Food Retail Emissions,19230.9,kt CO2eq,Agrofood CO2 Emissions
India,IND,Asia,Lower Middle Income,20.59,78.96,2010,Food & Emissions,Food Retail Emissions,22654.606,kt CO2eq,Agrofood CO2 Emissions
India,IND,Asia,Lower Middle Income,20.59,78.96,2011,Food & Emissions,Food Retail Emissions,25203.134,kt CO2eq,Agrofood CO2 Emissions
India,IND,Asia,Lower Middle Income,20.59,78.96,2012,Food & Emissions,Food Retail Emissions,28118.575,kt CO2eq,Agrofood CO2 Emissions
India,IND,Asia,Lower Middle Income,20.59,78.96,2013,Food & Emissions,Food Retail Emissions,32363.091,kt CO2eq,Agrofood CO2 Emissions
India,IND,Asia,Lower Middle Income,20.59,78.96,2014,Food & Emissions,Food Retail Emissions,34720.11,kt CO2eq,Agrofood CO2 Emissions
India,IND,Asia,Lower Middle Income,20.59,78.96,2015,Food & Emissions,Food Retail Emissions,37417.287,kt CO2eq,Agrofood CO2 Emissions
India,IND,Asia,Lower Middle Income,20.59,78.96,2016,Food & Emissions,Food Retail Emissions,40709.563,kt CO2eq,Agrofood CO2 Emissions
India,IND,Asia,Lower Middle Income,20.59,78.96,2017,Food & Emissions,Food Retail Emissions,43065.416,kt CO2eq,Agrofood CO2 Emissions
India,IND,Asia,Lower Middle Income,20.59,78.96,2018,Food & Emissions,Food Retail Emissions,45318.275,kt CO2eq,Agrofood CO2 Emissions
India,IND,Asia,Lower Middle Income,20.59,78.96,2019,Food & Emissions,Food Retail Emissions,48541.097,kt CO2eq,Agrofood CO2 Emissions
India,IND,Asia,Lower Middle Income,20.59,78.96,2020,Food & Emissions,Food Retail Emissions,49469.942,kt CO2eq,Agrofood CO2 Emissions
Japan,JPN,Asia,High Income,36.2,138.25,1990,Food & Emissions,Food Retail Emissions,17272.247,kt CO2eq,Agrofood CO2 Emissions
Japan,JPN,Asia,High Income,36.2,138.25,1991,Food & Emissions,Food Retail Emissions,17951.341,kt CO2eq,Agrofood CO2 Emissions
Japan,JPN,Asia,High Income,36.2,138.25,1992,Food & Emissions,Food Retail Emissions,18814.552,kt CO2eq,Agrofood CO2 Emissions
Japan,JPN,Asia,High Income,36.2,138.25,1993,Food & Emissions,Food Retail Emissions,18325.68,kt CO2eq,Agrofood CO2 Emissions
Japan,JPN,Asia,High Income,36.2,138.25,1994,Food & Emissions,Food Retail Emissions,20671.321,kt CO2eq,Agrofood CO2 Emissions
Japan,JPN,Asia,High Income,36.2,138.25,1995,Food & Emissions,Food Retail Emissions,22136.697,kt CO2eq,Agrofood CO2 Emissions
Japan,JPN,Asia,High Income,36.2,138.25,1996,Food & Emissions,Food Retail Emissions,22580.884,kt CO2eq,Agrofood CO2 Emissions
Japan,JPN,Asia,High Income,36.2,138.25,1997,Food & Emissions,Food Retail Emissions,23776.702,kt CO2eq,Agrofood CO2 Emissions
Japan,JPN,Asia,High Income,36.2,138.25,1998,Food & Emissions,Food Retail Emissions,23259.808,kt CO2eq,Agrofood CO2 Emissions
Japan,JPN,Asia,High Income,36.2,138.25,1999,Food & Emissions,Food Retail Emissions,22876.081,kt CO2eq,Agrofood CO2 Emissions
Japan,JPN,Asia,High Income,36.2,138.25,2000,Food & Emissions,Food Retail Emissions,23924.769,kt CO2eq,Agrofood CO2 Emissions
Japan,JPN,Asia,High Income,36.2,138.25,2001,Food & Emissions,Food Retail Emissions,24250.305,kt CO2eq,Agrofood CO2 Emissions
Japan,JPN,Asia,High Income,36.2,138.25,2002,Food & Emissions,Food Retail Emissions,26237.671,kt CO2eq,Agrofood CO2 Emissions
Japan,JPN,Asia,High Income,36.2,138.25,2003,Food & Emissions,Food Retail Emissions,27014.9,kt CO2eq,Agrofood CO2 Emissions
Japan,JPN,Asia,High Income,36.2,138.25,2004,Food & Emissions,Food Retail Emissions,27280.012,kt CO2eq,Agrofood CO2 Emissions
Japan,JPN,Asia,High Income,36.2,138.25,2005,Food & Emissions,Food Retail Emissions,27110.7,kt CO2eq,Agrofood CO2 Emissions
Japan,JPN,Asia,High Income,36.2,138.25,2006,Food & Emissions,Food Retail Emissions,26792.621,kt CO2eq,Agrofood CO2 Emissions
Japan,JPN,Asia,High Income,36.2,138.25,2007,Food & Emissions,Food Retail Emissions,28586.153,kt CO2eq,Agrofood CO2 Emissions
Japan,JPN,Asia,High Income,36.2,138.25,2008,Food & Emissions,Food Retail Emissions,27893.712,kt CO2eq,Agrofood CO2 Emissions
Japan,JPN,Asia,High Income,36.2,138.25,2009,Food & Emissions,Food Retail Emissions,25604.4,kt CO2eq,Agrofood CO2 Emissions
Japan,JPN,Asia,High Income,36.2,138.25,2010,Food & Emissions,Food Retail Emissions,25925.001,kt CO2eq,Agrofood CO2 Emissions
Japan,JPN,Asia,High Income,36.2,138.25,2011,Food & Emissions,Food Retail Emissions,29227.71,kt CO2eq,Agrofood CO2 Emissions
Japan,JPN,Asia,High Income,36.2,138.25,2012,Food & Emissions,Food Retail Emissions,32193.815,kt CO2eq,Agrofood CO2 Emissions
Japan,JPN,Asia,High Income,36.2,138.25,2013,Food & Emissions,Food Retail Emissions,33516.007,kt CO2eq,Agrofood CO2 Emissions
Japan,JPN,Asia,High Income,36.2,138.25,2014,Food & Emissions,Food Retail Emissions,32837.032,kt CO2eq,Agrofood CO2 Emissions
Japan,JPN,Asia,High Income,36.2,138.25,2015,Food & Emissions,Food Retail Emissions,31379.797,kt CO2eq,Agrofood CO2 Emissions
Japan,JPN,Asia,High Income,36.2,138.25,2016,Food & Emissions,Food Retail Emissions,31375.099,kt CO2eq,Agrofood CO2 Emissions
Japan,JPN,Asia,High Income,36.2,138.25,2017,Food & Emissions,Food Retail Emissions,31397.38,kt CO2eq,Agrofood CO2 Emissions
Japan,JPN,Asia,High Income,36.2,138.25,2018,Food & Emissions,Food Retail Emissions,30736.806,kt CO2eq,Agrofood CO2 Emissions
Japan,JPN,Asia,High Income,36.2,138.25,2019,Food & Emissions,Food Retail Emissions,30195.058,kt CO2eq,Agrofood CO2 Emissions
Japan,JPN,Asia,High Income,36.2,138.25,2020,Food & Emissions,Food Retail Emissions,29270.053,kt CO2eq,Agrofood CO2 Emissions
South Korea,KOR,Asia,High Income,35.91,127.77,1990,Food & Emissions,Food Retail Emissions,4378.441,kt CO2eq,Agrofood CO2 Emissions
South Korea,KOR,Asia,High Income,35.91,127.77,1991,Food & Emissions,Food Retail Emissions,5130.05,kt CO2eq,Agrofood CO2 Emissions
South Korea,KOR,Asia,High Income,35.91,127.77,1992,Food & Emissions,Food Retail Emissions,6185.528,kt CO2eq,Agrofood CO2 Emissions
South Korea,KOR,Asia,High Income,35.91,127.77,1993,Food & Emissions,Food Retail Emissions,6992.209,kt CO2eq,Agrofood CO2 Emissions
South Korea,KOR,Asia,High Income,35.91,127.77,1994,Food & Emissions,Food Retail Emissions,8460.867,kt CO2eq,Agrofood CO2 Emissions
South Korea,KOR,Asia,High Income,35.91,127.77,1995,Food & Emissions,Food Retail Emissions,9630.025,kt CO2eq,Agrofood CO2 Emissions
South Korea,KOR,Asia,High Income,35.91,127.77,1996,Food & Emissions,Food Retail Emissions,10693.182,kt CO2eq,Agrofood CO2 Emissions
South Korea,KOR,Asia,High Income,35.91,127.77,1997,Food & Emissions,Food Retail Emissions,11936.047,kt CO2eq,Agrofood CO2 Emissions
South Korea,KOR,Asia,High Income,35.91,127.77,1998,Food & Emissions,Food Retail Emissions,9169.461,kt CO2eq,Agrofood CO2 Emissions
South Korea,KOR,Asia,High Income,35.91,127.77,1999,Food & Emissions,Food Retail Emissions,10557.506,kt CO2eq,Agrofood CO2 Emissions
South Korea,KOR,Asia,High Income,35.91,127.77,2000,Food & Emissions,Food Retail Emissions,10968.863,kt CO2eq,Agrofood CO2 Emissions
South Korea,KOR,Asia,High Income,35.91,127.77,2001,Food & Emissions,Food Retail Emissions,11461.014,kt CO2eq,Agrofood CO2 Emissions
South Korea,KOR,Asia,High Income,35.91,127.77,2002,Food & Emissions,Food Retail Emissions,11874.528,kt CO2eq,Agrofood CO2 Emissions
South Korea,KOR,Asia,High Income,35.91,127.77,2003,Food & Emissions,Food Retail Emissions,12155.546,kt CO2eq,Agrofood CO2 Emissions
South Korea,KOR,Asia,High Income,35.91,127.77,2004,Food & Emissions,Food Retail Emissions,12940.054,kt CO2eq,Agrofood CO2 Emissions
South Korea,KOR,Asia,High Income,35.91,127.77,2005,Food & Emissions,Food Retail Emissions,13355.273,kt CO2eq,Agrofood CO2 Emissions
South Korea,KOR,Asia,High Income,35.91,127.77,2006,Food & Emissions,Food Retail Emissions,12898.56,kt CO2eq,Agrofood CO2 Emissions
South Korea,KOR,Asia,High Income,35.91,127.77,2007,Food & Emissions,Food Retail Emissions,13752.786,kt CO2eq,Agrofood CO2 Emissions
South Korea,KOR,Asia,High Income,35.91,127.77,2008,Food & Emissions,Food Retail Emissions,13983.232,kt CO2eq,Agrofood CO2 Emissions
South Korea,KOR,Asia,High Income,35.91,127.77,2009,Food & Emissions,Food Retail Emissions,14634.203,kt CO2eq,Agrofood CO2 Emissions
South Korea,KOR,Asia,High Income,35.91,127.77,2010,Food & Emissions,Food Retail Emissions,16760.718,kt CO2eq,Agrofood CO2 Emissions
South Korea,KOR,Asia,High Income,35.91,127.77,2011,Food & Emissions,Food Retail Emissions,17051.242,kt CO2eq,Agrofood CO2 Emissions
South Korea,KOR,Asia,High Income,35.91,127.77,2012,Food & Emissions,Food Retail Emissions,17764.411,kt CO2eq,Agrofood CO2 Emissions
South Korea,KOR,Asia,High Income,35.91,127.77,2013,Food & Emissions,Food Retail Emissions,17311.052,kt CO2eq,Agrofood CO2 Emissions
South Korea,KOR,Asia,High Income,35.91,127.77,2014,Food & Emissions,Food Retail Emissions,16574.89,kt CO2eq,Agrofood CO2 Emissions
South Korea,KOR,Asia,High Income,35.91,127.77,2015,Food & Emissions,Food Retail Emissions,17126.675,kt CO2eq,Agrofood CO2 Emissions
South Korea,KOR,Asia,High Income,35.91,127.77,2016,Food & Emissions,Food Retail Emissions,17764.713,kt CO2eq,Agrofood CO2 Emissions
South Korea,KOR,Asia,High Income,35.91,127.77,2017,Food & Emissions,Food Retail Emissions,18992.28,kt CO2eq,Agrofood CO2 Emissions
South Korea,KOR,Asia,High Income,35.91,127.77,2018,Food & Emissions,Food Retail Emissions,18913.746,kt CO2eq,Agrofood CO2 Emissions
South Korea,KOR,Asia,High Income,35.91,127.77,2019,Food & Emissions,Food Retail Emissions,18554.288,kt CO2eq,Agrofood CO2 Emissions
South Korea,KOR,Asia,High Income,35.91,127.77,2020,Food & Emissions,Food Retail Emissions,18716.476,kt CO2eq,Agrofood CO2 Emissions
UK,GBR,Europe,High Income,55.38,-3.44,1990,Food & Emissions,Food Retail Emissions,10007.269,kt CO2eq,Agrofood CO2 Emissions
UK,GBR,Europe,High Income,55.38,-3.44,1991,Food & Emissions,Food Retail Emissions,10209.669,kt CO2eq,Agrofood CO2 Emissions
UK,GBR,Europe,High Income,55.38,-3.44,1992,Food & Emissions,Food Retail Emissions,10431.714,kt CO2eq,Agrofood CO2 Emissions
UK,GBR,Europe,High Income,55.38,-3.44,1993,Food & Emissions,Food Retail Emissions,7464.77,kt CO2eq,Agrofood CO2 Emissions
UK,GBR,Europe,High Income,55.38,-3.44,1994,Food & Emissions,Food Retail Emissions,7880.992,kt CO2eq,Agrofood CO2 Emissions
UK,GBR,Europe,High Income,55.38,-3.44,1995,Food & Emissions,Food Retail Emissions,7865.338,kt CO2eq,Agrofood CO2 Emissions
UK,GBR,Europe,High Income,55.38,-3.44,1996,Food & Emissions,Food Retail Emissions,8152.769,kt CO2eq,Agrofood CO2 Emissions
UK,GBR,Europe,High Income,55.38,-3.44,1997,Food & Emissions,Food Retail Emissions,8072.289,kt CO2eq,Agrofood CO2 Emissions
UK,GBR,Europe,High Income,55.38,-3.44,1998,Food & Emissions,Food Retail Emissions,8168.624,kt CO2eq,Agrofood CO2 Emissions
UK,GBR,Europe,High Income,55.38,-3.44,1999,Food & Emissions,Food Retail Emissions,8232.786,kt CO2eq,Agrofood CO2 Emissions
UK,GBR,Europe,High Income,55.38,-3.44,2000,Food & Emissions,Food Retail Emissions,8720.536,kt CO2eq,Agrofood CO2 Emissions
UK,GBR,Europe,High Income,55.38,-3.44,2001,Food & Emissions,Food Retail Emissions,9245.12,kt CO2eq,Agrofood CO2 Emissions
UK,GBR,Europe,High Income,55.38,-3.44,2002,Food & Emissions,Food Retail Emissions,8949.25,kt CO2eq,Agrofood CO2 Emissions
UK,GBR,Europe,High Income,55.38,-3.44,2003,Food & Emissions,Food Retail Emissions,9286.225,kt CO2eq,Agrofood CO2 Emissions
UK,GBR,Europe,High Income,55.38,-3.44,2004,Food & Emissions,Food Retail Emissions,9861.426,kt CO2eq,Agrofood CO2 Emissions
UK,GBR,Europe,High Income,55.38,-3.44,2005,Food & Emissions,Food Retail Emissions,10326.713,kt CO2eq,Agrofood CO2 Emissions
UK,GBR,Europe,High Income,55.38,-3.44,2006,Food & Emissions,Food Retail Emissions,10599.048,kt CO2eq,Agrofood CO2 Emissions
UK,GBR,Europe,High Income,55.38,-3.44,2007,Food & Emissions,Food Retail Emissions,10712.485,kt CO2eq,Agrofood CO2 Emissions
UK,GBR,Europe,High Income,55.38,-3.44,2008,Food & Emissions,Food Retail Emissions,11229.066,kt CO2eq,Agrofood CO2 Emissions
UK,GBR,Europe,High Income,55.38,-3.44,2009,Food & Emissions,Food Retail Emissions,10582.748,kt CO2eq,Agrofood CO2 Emissions
UK,GBR,Europe,High Income,55.38,-3.44,2010,Food & Emissions,Food Retail Emissions,11132.781,kt CO2eq,Agrofood CO2 Emissions
UK,GBR,Europe,High Income,55.38,-3.44,2011,Food & Emissions,Food Retail Emissions,10816.214,kt CO2eq,Agrofood CO2 Emissions
UK,GBR,Europe,High Income,55.38,-3.44,2012,Food & Emissions,Food Retail Emissions,11794.863,kt CO2eq,Agrofood CO2 Emissions
UK,GBR,Europe,High Income,55.38,-3.44,2013,Food & Emissions,Food Retail Emissions,11619.534,kt CO2eq,Agrofood CO2 Emissions
UK,GBR,Europe,High Income,55.38,-3.44,2014,Food & Emissions,Food Retail Emissions,10578.069,kt CO2eq,Agrofood CO2 Emissions
UK,GBR,Europe,High Income,55.38,-3.44,2015,Food & Emissions,Food Retail Emissions,9883.154,kt CO2eq,Agrofood CO2 Emissions
UK,GBR,Europe,High Income,55.38,-3.44,2016,Food & Emissions,Food Retail Emissions,9170.922,kt CO2eq,Agrofood CO2 Emissions
UK,GBR,Europe,High Income,55.38,-3.44,2017,Food & Emissions,Food Retail Emissions,8608.718,kt CO2eq,Agrofood CO2 Emissions
UK,GBR,Europe,High Income,55.38,-3.44,2018,Food & Emissions,Food Retail Emissions,8192.039,kt CO2eq,Agrofood CO2 Emissions
UK,GBR,Europe,High Income,55.38,-3.44,2019,Food & Emissions,Food Retail Emissions,7650.598,kt CO2eq,Agrofood CO2 Emissions
UK,GBR,Europe,High Income,55.38,-3.44,2020,Food & Emissions,Food Retail Emissions,7075.826,kt CO2eq,Agrofood CO2 Emissions
USA,USA,North America,High Income,37.09,-95.71,1990,Food & Emissions,Food Retail Emissions,44731.256,kt CO2eq,Agrofood CO2 Emissions
USA,USA,North America,High Income,37.09,-95.71,1991,Food & Emissions,Food Retail Emissions,44971.278,kt CO2eq,Agrofood CO2 Emissions
USA,USA,North America,High Income,37.09,-95.71,1992,Food & Emissions,Food Retail Emissions,45871.035,kt CO2eq,Agrofood CO2 Emissions
USA,USA,North America,High Income,37.09,-95.71,1993,Food & Emissions,Food Retail Emissions,47135.865,kt CO2eq,Agrofood CO2 Emissions
USA,USA,North America,High Income,37.09,-95.71,1994,Food & Emissions,Food Retail Emissions,48405.794,kt CO2eq,Agrofood CO2 Emissions
USA,USA,North America,High Income,37.09,-95.71,1995,Food & Emissions,Food Retail Emissions,50504.843,kt CO2eq,Agrofood CO2 Emissions
USA,USA,North America,High Income,37.09,-95.71,1996,Food & Emissions,Food Retail Emissions,53081.592,kt CO2eq,Agrofood CO2 Emissions
USA,USA,North America,High Income,37.09,-95.71,1997,Food & Emissions,Food Retail Emissions,59266.073,kt CO2eq,Agrofood CO2 Emissions
USA,USA,North America,High Income,37.09,-95.71,1998,Food & Emissions,Food Retail Emissions,60434.85,kt CO2eq,Agrofood CO2 Emissions
USA,USA,North America,High Income,37.09,-95.71,1999,Food & Emissions,Food Retail Emissions,62130.389,kt CO2eq,Agrofood CO2 Emissions
USA,USA,North America,High Income,37.09,-95.71,2000,Food & Emissions,Food Retail Emissions,64978.873,kt CO2eq,Agrofood CO2 Emissions
USA,USA,North America,High Income,37.09,-95.71,2001,Food & Emissions,Food Retail Emissions,69850.309,kt CO2eq,Agrofood CO2 Emissions
USA,USA,North America,High Income,37.09,-95.71,2002,Food & Emissions,Food Retail Emissions,66598.771,kt CO2eq,Agrofood CO2 Emissions
USA,USA,North America,High Income,37.09,-95.71,2003,Food & Emissions,Food Retail Emissions,68635.909,kt CO2eq,Agrofood CO2 Emissions
USA,USA,North America,High Income,37.09,-95.71,2004,Food & Emissions,Food Retail Emissions,70785.589,kt CO2eq,Agrofood CO2 Emissions
USA,USA,North America,High Income,37.09,-95.71,2005,Food & Emissions,Food Retail Emissions,73913.554,kt CO2eq,Agrofood CO2 Emissions
USA,USA,North America,High Income,37.09,-95.71,2006,Food & Emissions,Food Retail Emissions,74966.332,kt CO2eq,Agrofood CO2 Emissions
USA,USA,North America,High Income,37.09,-95.71,2007,Food & Emissions,Food Retail Emissions,81037.851,kt CO2eq,Agrofood CO2 Emissions
USA,USA,North America,High Income,37.09,-95.71,2008,Food & Emissions,Food Retail Emissions,84070.491,kt CO2eq,Agrofood CO2 Emissions
USA,USA,North America,High Income,37.09,-95.71,2009,Food & Emissions,Food Retail Emissions,85109.587,kt CO2eq,Agrofood CO2 Emissions
USA,USA,North America,High Income,37.09,-95.71,2010,Food & Emissions,Food Retail Emissions,89222.077,kt CO2eq,Agrofood CO2 Emissions
USA,USA,North America,High Income,37.09,-95.71,2011,Food & Emissions,Food Retail Emissions,90144.833,kt CO2eq,Agrofood CO2 Emissions
USA,USA,North America,High Income,37.09,-95.71,2012,Food & Emissions,Food Retail Emissions,88722.207,kt CO2eq,Agrofood CO2 Emissions
USA,USA,North America,High Income,37.09,-95.71,2013,Food & Emissions,Food Retail Emissions,92370.392,kt CO2eq,Agrofood CO2 Emissions
USA,USA,North America,High Income,37.09,-95.71,2014,Food & Emissions,Food Retail Emissions,94151.495,kt CO2eq,Agrofood CO2 Emissions
USA,USA,North America,High Income,37.09,-95.71,2015,Food & Emissions,Food Retail Emissions,91897.619,kt CO2eq,Agrofood CO2 Emissions
USA,USA,North America,High Income,37.09,-95.71,2016,Food & Emissions,Food Retail Emissions,90418.951,kt CO2eq,Agrofood CO2 Emissions
USA,USA,North America,High Income,37.09,-95.71,2017,Food & Emissions,Food Retail Emissions,87886.8,kt CO2eq,Agrofood CO2 Emissions
USA,USA,North America,High Income,37.09,-95.71,2018,Food & Emissions,Food Retail Emissions,87771.87,kt CO2eq,Agrofood CO2 Emissions
USA,USA,North America,High Income,37.09,-95.71,2019,Food & Emissions,Food Retail Emissions,85864.736,kt CO2eq,Agrofood CO2 Emissions
USA,USA,North America,High Income,37.09,-95.71,2020,Food & Emissions,Food Retail Emissions,82012.649,kt CO2eq,Agrofood CO2 Emissions
Australia,AUS,Oceania,High Income,-25.27,133.77,1990,Food & Emissions,Food Transport Emissions,6863.318,kt CO2eq,Agrofood CO2 Emissions
Australia,AUS,Oceania,High Income,-25.27,133.77,1991,Food & Emissions,Food Transport Emissions,6611.275,kt CO2eq,Agrofood CO2 Emissions
Australia,AUS,Oceania,High Income,-25.27,133.77,1992,Food & Emissions,Food Transport Emissions,6739.171,kt CO2eq,Agrofood CO2 Emissions
Australia,AUS,Oceania,High Income,-25.27,133.77,1993,Food & Emissions,Food Transport Emissions,6848.832,kt CO2eq,Agrofood CO2 Emissions
Australia,AUS,Oceania,High Income,-25.27,133.77,1994,Food & Emissions,Food Transport Emissions,7013.909,kt CO2eq,Agrofood CO2 Emissions
Australia,AUS,Oceania,High Income,-25.27,133.77,1995,Food & Emissions,Food Transport Emissions,7027.052,kt CO2eq,Agrofood CO2 Emissions
Australia,AUS,Oceania,High Income,-25.27,133.77,1996,Food & Emissions,Food Transport Emissions,7257.915,kt CO2eq,Agrofood CO2 Emissions
Australia,AUS,Oceania,High Income,-25.27,133.77,1997,Food & Emissions,Food Transport Emissions,7394.434,kt CO2eq,Agrofood CO2 Emissions
Australia,AUS,Oceania,High Income,-25.27,133.77,1998,Food & Emissions,Food Transport Emissions,7489.171,kt CO2eq,Agrofood CO2 Emissions
Australia,AUS,Oceania,High Income,-25.27,133.77,1999,Food & Emissions,Food Transport Emissions,7690.574,kt CO2eq,Agrofood CO2 Emissions
Australia,AUS,Oceania,High Income,-25.27,133.77,2000,Food & Emissions,Food Transport Emissions,7924.92,kt CO2eq,Agrofood CO2 Emissions
Australia,AUS,Oceania,High Income,-25.27,133.77,2001,Food & Emissions,Food Transport Emissions,7797.292,kt CO2eq,Agrofood CO2 Emissions
Australia,AUS,Oceania,High Income,-25.27,133.77,2002,Food & Emissions,Food Transport Emissions,8084.036,kt CO2eq,Agrofood CO2 Emissions
Australia,AUS,Oceania,High Income,-25.27,133.77,2003,Food & Emissions,Food Transport Emissions,8191.448,kt CO2eq,Agrofood CO2 Emissions
Australia,AUS,Oceania,High Income,-25.27,133.77,2004,Food & Emissions,Food Transport Emissions,8625.597,kt CO2eq,Agrofood CO2 Emissions
Australia,AUS,Oceania,High Income,-25.27,133.77,2005,Food & Emissions,Food Transport Emissions,8659.046,kt CO2eq,Agrofood CO2 Emissions
Australia,AUS,Oceania,High Income,-25.27,133.77,2006,Food & Emissions,Food Transport Emissions,8708.094,kt CO2eq,Agrofood CO2 Emissions
Australia,AUS,Oceania,High Income,-25.27,133.77,2007,Food & Emissions,Food Transport Emissions,8950.972,kt CO2eq,Agrofood CO2 Emissions
Australia,AUS,Oceania,High Income,-25.27,133.77,2008,Food & Emissions,Food Transport Emissions,9111.134,kt CO2eq,Agrofood CO2 Emissions
Australia,AUS,Oceania,High Income,-25.27,133.77,2009,Food & Emissions,Food Transport Emissions,9122.949,kt CO2eq,Agrofood CO2 Emissions
Australia,AUS,Oceania,High Income,-25.27,133.77,2010,Food & Emissions,Food Transport Emissions,9360.033,kt CO2eq,Agrofood CO2 Emissions
Australia,AUS,Oceania,High Income,-25.27,133.77,2011,Food & Emissions,Food Transport Emissions,9593.68,kt CO2eq,Agrofood CO2 Emissions
Australia,AUS,Oceania,High Income,-25.27,133.77,2012,Food & Emissions,Food Transport Emissions,9650.103,kt CO2eq,Agrofood CO2 Emissions
Australia,AUS,Oceania,High Income,-25.27,133.77,2013,Food & Emissions,Food Transport Emissions,9823.59,kt CO2eq,Agrofood CO2 Emissions
Australia,AUS,Oceania,High Income,-25.27,133.77,2014,Food & Emissions,Food Transport Emissions,9883.066,kt CO2eq,Agrofood CO2 Emissions
Australia,AUS,Oceania,High Income,-25.27,133.77,2015,Food & Emissions,Food Transport Emissions,10163.187,kt CO2eq,Agrofood CO2 Emissions
Australia,AUS,Oceania,High Income,-25.27,133.77,2016,Food & Emissions,Food Transport Emissions,10238.909,kt CO2eq,Agrofood CO2 Emissions
Australia,AUS,Oceania,High Income,-25.27,133.77,2017,Food & Emissions,Food Transport Emissions,10364.836,kt CO2eq,Agrofood CO2 Emissions
Australia,AUS,Oceania,High Income,-25.27,133.77,2018,Food & Emissions,Food Transport Emissions,10600.137,kt CO2eq,Agrofood CO2 Emissions
Australia,AUS,Oceania,High Income,-25.27,133.77,2019,Food & Emissions,Food Transport Emissions,10701.304,kt CO2eq,Agrofood CO2 Emissions
Australia,AUS,Oceania,High Income,-25.27,133.77,2020,Food & Emissions,Food Transport Emissions,10125.978,kt CO2eq,Agrofood CO2 Emissions
Brazil,BRA,South America,Upper Middle Income,-14.24,-51.93,1990,Food & Emissions,Food Transport Emissions,9004.341,kt CO2eq,Agrofood CO2 Emissions
Brazil,BRA,South America,Upper Middle Income,-14.24,-51.93,1991,Food & Emissions,Food Transport Emissions,9562.274,kt CO2eq,Agrofood CO2 Emissions
Brazil,BRA,South America,Upper Middle Income,-14.24,-51.93,1992,Food & Emissions,Food Transport Emissions,9852.014,kt CO2eq,Agrofood CO2 Emissions
Brazil,BRA,South America,Upper Middle Income,-14.24,-51.93,1993,Food & Emissions,Food Transport Emissions,10227.03,kt CO2eq,Agrofood CO2 Emissions
Brazil,BRA,South America,Upper Middle Income,-14.24,-51.93,1994,Food & Emissions,Food Transport Emissions,10868.385,kt CO2eq,Agrofood CO2 Emissions
Brazil,BRA,South America,Upper Middle Income,-14.24,-51.93,1995,Food & Emissions,Food Transport Emissions,11847.493,kt CO2eq,Agrofood CO2 Emissions
Brazil,BRA,South America,Upper Middle Income,-14.24,-51.93,1996,Food & Emissions,Food Transport Emissions,13144.711,kt CO2eq,Agrofood CO2 Emissions
Brazil,BRA,South America,Upper Middle Income,-14.24,-51.93,1997,Food & Emissions,Food Transport Emissions,14126.019,kt CO2eq,Agrofood CO2 Emissions
Brazil,BRA,South America,Upper Middle Income,-14.24,-51.93,1998,Food & Emissions,Food Transport Emissions,14937.045,kt CO2eq,Agrofood CO2 Emissions
Brazil,BRA,South America,Upper Middle Income,-14.24,-51.93,1999,Food & Emissions,Food Transport Emissions,14906.077,kt CO2eq,Agrofood CO2 Emissions
Brazil,BRA,South America,Upper Middle Income,-14.24,-51.93,2000,Food & Emissions,Food Transport Emissions,15084.918,kt CO2eq,Agrofood CO2 Emissions
Brazil,BRA,South America,Upper Middle Income,-14.24,-51.93,2001,Food & Emissions,Food Transport Emissions,15518.186,kt CO2eq,Agrofood CO2 Emissions
Brazil,BRA,South America,Upper Middle Income,-14.24,-51.93,2002,Food & Emissions,Food Transport Emissions,16143.462,kt CO2eq,Agrofood CO2 Emissions
Brazil,BRA,South America,Upper Middle Income,-14.24,-51.93,2003,Food & Emissions,Food Transport Emissions,16186.675,kt CO2eq,Agrofood CO2 Emissions
Brazil,BRA,South America,Upper Middle Income,-14.24,-51.93,2004,Food & Emissions,Food Transport Emissions,17101.215,kt CO2eq,Agrofood CO2 Emissions
Brazil,BRA,South America,Upper Middle Income,-14.24,-51.93,2005,Food & Emissions,Food Transport Emissions,17226.616,kt CO2eq,Agrofood CO2 Emissions
Brazil,BRA,South America,Upper Middle Income,-14.24,-51.93,2006,Food & Emissions,Food Transport Emissions,17056.694,kt CO2eq,Agrofood CO2 Emissions
Brazil,BRA,South America,Upper Middle Income,-14.24,-51.93,2007,Food & Emissions,Food Transport Emissions,17989.473,kt CO2eq,Agrofood CO2 Emissions
Brazil,BRA,South America,Upper Middle Income,-14.24,-51.93,2008,Food & Emissions,Food Transport Emissions,18907.871,kt CO2eq,Agrofood CO2 Emissions
Brazil,BRA,South America,Upper Middle Income,-14.24,-51.93,2009,Food & Emissions,Food Transport Emissions,18667.043,kt CO2eq,Agrofood CO2 Emissions
Brazil,BRA,South America,Upper Middle Income,-14.24,-51.93,2010,Food & Emissions,Food Transport Emissions,21178.468,kt CO2eq,Agrofood CO2 Emissions
Brazil,BRA,South America,Upper Middle Income,-14.24,-51.93,2011,Food & Emissions,Food Transport Emissions,23410.676,kt CO2eq,Agrofood CO2 Emissions
Brazil,BRA,South America,Upper Middle Income,-14.24,-51.93,2012,Food & Emissions,Food Transport Emissions,25266.094,kt CO2eq,Agrofood CO2 Emissions
Brazil,BRA,South America,Upper Middle Income,-14.24,-51.93,2013,Food & Emissions,Food Transport Emissions,26576.555,kt CO2eq,Agrofood CO2 Emissions
Brazil,BRA,South America,Upper Middle Income,-14.24,-51.93,2014,Food & Emissions,Food Transport Emissions,27613.212,kt CO2eq,Agrofood CO2 Emissions
Brazil,BRA,South America,Upper Middle Income,-14.24,-51.93,2015,Food & Emissions,Food Transport Emissions,26031.984,kt CO2eq,Agrofood CO2 Emissions
Brazil,BRA,South America,Upper Middle Income,-14.24,-51.93,2016,Food & Emissions,Food Transport Emissions,26243.948,kt CO2eq,Agrofood CO2 Emissions
Brazil,BRA,South America,Upper Middle Income,-14.24,-51.93,2017,Food & Emissions,Food Transport Emissions,26602.746,kt CO2eq,Agrofood CO2 Emissions
Brazil,BRA,South America,Upper Middle Income,-14.24,-51.93,2018,Food & Emissions,Food Transport Emissions,25227.064,kt CO2eq,Agrofood CO2 Emissions
Brazil,BRA,South America,Upper Middle Income,-14.24,-51.93,2019,Food & Emissions,Food Transport Emissions,25659.324,kt CO2eq,Agrofood CO2 Emissions
Brazil,BRA,South America,Upper Middle Income,-14.24,-51.93,2020,Food & Emissions,Food Transport Emissions,24813.773,kt CO2eq,Agrofood CO2 Emissions
Canada,CAN,North America,High Income,56.13,-106.35,1990,Food & Emissions,Food Transport Emissions,12569.111,kt CO2eq,Agrofood CO2 Emissions
Canada,CAN,North America,High Income,56.13,-106.35,1991,Food & Emissions,Food Transport Emissions,12156.902,kt CO2eq,Agrofood CO2 Emissions
Canada,CAN,North America,High Income,56.13,-106.35,1992,Food & Emissions,Food Transport Emissions,12393.007,kt CO2eq,Agrofood CO2 Emissions
Canada,CAN,North America,High Income,56.13,-106.35,1993,Food & Emissions,Food Transport Emissions,12432.716,kt CO2eq,Agrofood CO2 Emissions
Canada,CAN,North America,High Income,56.13,-106.35,1994,Food & Emissions,Food Transport Emissions,13019.945,kt CO2eq,Agrofood CO2 Emissions
Canada,CAN,North America,High Income,56.13,-106.35,1995,Food & Emissions,Food Transport Emissions,13207.167,kt CO2eq,Agrofood CO2 Emissions
Canada,CAN,North America,High Income,56.13,-106.35,1996,Food & Emissions,Food Transport Emissions,13399.702,kt CO2eq,Agrofood CO2 Emissions
Canada,CAN,North America,High Income,56.13,-106.35,1997,Food & Emissions,Food Transport Emissions,13846.696,kt CO2eq,Agrofood CO2 Emissions
Canada,CAN,North America,High Income,56.13,-106.35,1998,Food & Emissions,Food Transport Emissions,14114.254,kt CO2eq,Agrofood CO2 Emissions
Canada,CAN,North America,High Income,56.13,-106.35,1999,Food & Emissions,Food Transport Emissions,14522.192,kt CO2eq,Agrofood CO2 Emissions
Canada,CAN,North America,High Income,56.13,-106.35,2000,Food & Emissions,Food Transport Emissions,14546.964,kt CO2eq,Agrofood CO2 Emissions
Canada,CAN,North America,High Income,56.13,-106.35,2001,Food & Emissions,Food Transport Emissions,14552.5,kt CO2eq,Agrofood CO2 Emissions
Canada,CAN,North America,High Income,56.13,-106.35,2002,Food & Emissions,Food Transport Emissions,15667.603,kt CO2eq,Agrofood CO2 Emissions
Canada,CAN,North America,High Income,56.13,-106.35,2003,Food & Emissions,Food Transport Emissions,16080.968,kt CO2eq,Agrofood CO2 Emissions
Canada,CAN,North America,High Income,56.13,-106.35,2004,Food & Emissions,Food Transport Emissions,16484.31,kt CO2eq,Agrofood CO2 Emissions
Canada,CAN,North America,High Income,56.13,-106.35,2005,Food & Emissions,Food Transport Emissions,16774.155,kt CO2eq,Agrofood CO2 Emissions
Canada,CAN,North America,High Income,56.13,-106.35,2006,Food & Emissions,Food Transport Emissions,16751.407,kt CO2eq,Agrofood CO2 Emissions
Canada,CAN,North America,High Income,56.13,-106.35,2007,Food & Emissions,Food Transport Emissions,17787.412,kt CO2eq,Agrofood CO2 Emissions
Canada,CAN,North America,High Income,56.13,-106.35,2008,Food & Emissions,Food Transport Emissions,17911.963,kt CO2eq,Agrofood CO2 Emissions
Canada,CAN,North America,High Income,56.13,-106.35,2009,Food & Emissions,Food Transport Emissions,17746.992,kt CO2eq,Agrofood CO2 Emissions
Canada,CAN,North America,High Income,56.13,-106.35,2010,Food & Emissions,Food Transport Emissions,18678.054,kt CO2eq,Agrofood CO2 Emissions
Canada,CAN,North America,High Income,56.13,-106.35,2011,Food & Emissions,Food Transport Emissions,19045.273,kt CO2eq,Agrofood CO2 Emissions
Canada,CAN,North America,High Income,56.13,-106.35,2012,Food & Emissions,Food Transport Emissions,19077.388,kt CO2eq,Agrofood CO2 Emissions
Canada,CAN,North America,High Income,56.13,-106.35,2013,Food & Emissions,Food Transport Emissions,19470.691,kt CO2eq,Agrofood CO2 Emissions
Canada,CAN,North America,High Income,56.13,-106.35,2014,Food & Emissions,Food Transport Emissions,19302.655,kt CO2eq,Agrofood CO2 Emissions
Canada,CAN,North America,High Income,56.13,-106.35,2015,Food & Emissions,Food Transport Emissions,19170.652,kt CO2eq,Agrofood CO2 Emissions
Canada,CAN,North America,High Income,56.13,-106.35,2016,Food & Emissions,Food Transport Emissions,19074.066,kt CO2eq,Agrofood CO2 Emissions
Canada,CAN,North America,High Income,56.13,-106.35,2017,Food & Emissions,Food Transport Emissions,19778.551,kt CO2eq,Agrofood CO2 Emissions
Canada,CAN,North America,High Income,56.13,-106.35,2018,Food & Emissions,Food Transport Emissions,20336.338,kt CO2eq,Agrofood CO2 Emissions
Canada,CAN,North America,High Income,56.13,-106.35,2019,Food & Emissions,Food Transport Emissions,19186.858,kt CO2eq,Agrofood CO2 Emissions
Canada,CAN,North America,High Income,56.13,-106.35,2020,Food & Emissions,Food Transport Emissions,17448.974,kt CO2eq,Agrofood CO2 Emissions
France,FRA,Europe,High Income,46.23,2.21,1990,Food & Emissions,Food Transport Emissions,10317.951,kt CO2eq,Agrofood CO2 Emissions
France,FRA,Europe,High Income,46.23,2.21,1991,Food & Emissions,Food Transport Emissions,10770.006,kt CO2eq,Agrofood CO2 Emissions
France,FRA,Europe,High Income,46.23,2.21,1992,Food & Emissions,Food Transport Emissions,9101.684,kt CO2eq,Agrofood CO2 Emissions
France,FRA,Europe,High Income,46.23,2.21,1993,Food & Emissions,Food Transport Emissions,9058.679,kt CO2eq,Agrofood CO2 Emissions
France,FRA,Europe,High Income,46.23,2.21,1994,Food & Emissions,Food Transport Emissions,9103.778,kt CO2eq,Agrofood CO2 Emissions
France,FRA,Europe,High Income,46.23,2.21,1995,Food & Emissions,Food Transport Emissions,9223.491,kt CO2eq,Agrofood CO2 Emissions
France,FRA,Europe,High Income,46.23,2.21,1996,Food & Emissions,Food Transport Emissions,9227.352,kt CO2eq,Agrofood CO2 Emissions
France,FRA,Europe,High Income,46.23,2.21,1997,Food & Emissions,Food Transport Emissions,9482.705,kt CO2eq,Agrofood CO2 Emissions
France,FRA,Europe,High Income,46.23,2.21,1998,Food & Emissions,Food Transport Emissions,10176.815,kt CO2eq,Agrofood CO2 Emissions
France,FRA,Europe,High Income,46.23,2.21,1999,Food & Emissions,Food Transport Emissions,10591.737,kt CO2eq,Agrofood CO2 Emissions
France,FRA,Europe,High Income,46.23,2.21,2000,Food & Emissions,Food Transport Emissions,10747.206,kt CO2eq,Agrofood CO2 Emissions
France,FRA,Europe,High Income,46.23,2.21,2001,Food & Emissions,Food Transport Emissions,10842.514,kt CO2eq,Agrofood CO2 Emissions
France,FRA,Europe,High Income,46.23,2.21,2002,Food & Emissions,Food Transport Emissions,11011.863,kt CO2eq,Agrofood CO2 Emissions
France,FRA,Europe,High Income,46.23,2.21,2003,Food & Emissions,Food Transport Emissions,10969.583,kt CO2eq,Agrofood CO2 Emissions
France,FRA,Europe,High Income,46.23,2.21,2004,Food & Emissions,Food Transport Emissions,11011.122,kt CO2eq,Agrofood CO2 Emissions
France,FRA,Europe,High Income,46.23,2.21,2005,Food & Emissions,Food Transport Emissions,10887.185,kt CO2eq,Agrofood CO2 Emissions
France,FRA,Europe,High Income,46.23,2.21,2006,Food & Emissions,Food Transport Emissions,10973.815,kt CO2eq,Agrofood CO2 Emissions
France,FRA,Europe,High Income,46.23,2.21,2007,Food & Emissions,Food Transport Emissions,11136.318,kt CO2eq,Agrofood CO2 Emissions
France,FRA,Europe,High Income,46.23,2.21,2008,Food & Emissions,Food Transport Emissions,10985.399,kt CO2eq,Agrofood CO2 Emissions
France,FRA,Europe,High Income,46.23,2.21,2009,Food & Emissions,Food Transport Emissions,10843.653,kt CO2eq,Agrofood CO2 Emissions
France,FRA,Europe,High Income,46.23,2.21,2010,Food & Emissions,Food Transport Emissions,10843.681,kt CO2eq,Agrofood CO2 Emissions
France,FRA,Europe,High Income,46.23,2.21,2011,Food & Emissions,Food Transport Emissions,11077.078,kt CO2eq,Agrofood CO2 Emissions
France,FRA,Europe,High Income,46.23,2.21,2012,Food & Emissions,Food Transport Emissions,11083.081,kt CO2eq,Agrofood CO2 Emissions
France,FRA,Europe,High Income,46.23,2.21,2013,Food & Emissions,Food Transport Emissions,11024.922,kt CO2eq,Agrofood CO2 Emissions
France,FRA,Europe,High Income,46.23,2.21,2014,Food & Emissions,Food Transport Emissions,11102.639,kt CO2eq,Agrofood CO2 Emissions
France,FRA,Europe,High Income,46.23,2.21,2015,Food & Emissions,Food Transport Emissions,11229.37,kt CO2eq,Agrofood CO2 Emissions
France,FRA,Europe,High Income,46.23,2.21,2016,Food & Emissions,Food Transport Emissions,11267.177,kt CO2eq,Agrofood CO2 Emissions
France,FRA,Europe,High Income,46.23,2.21,2017,Food & Emissions,Food Transport Emissions,11359.558,kt CO2eq,Agrofood CO2 Emissions
France,FRA,Europe,High Income,46.23,2.21,2018,Food & Emissions,Food Transport Emissions,11073.485,kt CO2eq,Agrofood CO2 Emissions
France,FRA,Europe,High Income,46.23,2.21,2019,Food & Emissions,Food Transport Emissions,10980.773,kt CO2eq,Agrofood CO2 Emissions
France,FRA,Europe,High Income,46.23,2.21,2020,Food & Emissions,Food Transport Emissions,9491.815,kt CO2eq,Agrofood CO2 Emissions
Germany,DEU,Europe,High Income,51.17,10.45,1990,Food & Emissions,Food Transport Emissions,12253.178,kt CO2eq,Agrofood CO2 Emissions
Germany,DEU,Europe,High Income,51.17,10.45,1991,Food & Emissions,Food Transport Emissions,12524.521,kt CO2eq,Agrofood CO2 Emissions
Germany,DEU,Europe,High Income,51.17,10.45,1992,Food & Emissions,Food Transport Emissions,12704.764,kt CO2eq,Agrofood CO2 Emissions
Germany,DEU,Europe,High Income,51.17,10.45,1993,Food & Emissions,Food Transport Emissions,12864.79,kt CO2eq,Agrofood CO2 Emissions
Germany,DEU,Europe,High Income,51.17,10.45,1994,Food & Emissions,Food Transport Emissions,12661.512,kt CO2eq,Agrofood CO2 Emissions
Germany,DEU,Europe,High Income,51.17,10.45,1995,Food & Emissions,Food Transport Emissions,12810.282,kt CO2eq,Agrofood CO2 Emissions
Germany,DEU,Europe,High Income,51.17,10.45,1996,Food & Emissions,Food Transport Emissions,12902.445,kt CO2eq,Agrofood CO2 Emissions
Germany,DEU,Europe,High Income,51.17,10.45,1997,Food & Emissions,Food Transport Emissions,12961.879,kt CO2eq,Agrofood CO2 Emissions
Germany,DEU,Europe,High Income,51.17,10.45,1998,Food & Emissions,Food Transport Emissions,13197.205,kt CO2eq,Agrofood CO2 Emissions
Germany,DEU,Europe,High Income,51.17,10.45,1999,Food & Emissions,Food Transport Emissions,13572.246,kt CO2eq,Agrofood CO2 Emissions
Germany,DEU,Europe,High Income,51.17,10.45,2000,Food & Emissions,Food Transport Emissions,13263.473,kt CO2eq,Agrofood CO2 Emissions
Germany,DEU,Europe,High Income,51.17,10.45,2001,Food & Emissions,Food Transport Emissions,13001.854,kt CO2eq,Agrofood CO2 Emissions
Germany,DEU,Europe,High Income,51.17,10.45,2002,Food & Emissions,Food Transport Emissions,12835.902,kt CO2eq,Agrofood CO2 Emissions
Germany,DEU,Europe,High Income,51.17,10.45,2003,Food & Emissions,Food Transport Emissions,12473.027,kt CO2eq,Agrofood CO2 Emissions
Germany,DEU,Europe,High Income,51.17,10.45,2004,Food & Emissions,Food Transport Emissions,12541.39,kt CO2eq,Agrofood CO2 Emissions
Germany,DEU,Europe,High Income,51.17,10.45,2005,Food & Emissions,Food Transport Emissions,12070.575,kt CO2eq,Agrofood CO2 Emissions
Germany,DEU,Europe,High Income,51.17,10.45,2006,Food & Emissions,Food Transport Emissions,12055.32,kt CO2eq,Agrofood CO2 Emissions
Germany,DEU,Europe,High Income,51.17,10.45,2007,Food & Emissions,Food Transport Emissions,11789.937,kt CO2eq,Agrofood CO2 Emissions
Germany,DEU,Europe,High Income,51.17,10.45,2008,Food & Emissions,Food Transport Emissions,11944.264,kt CO2eq,Agrofood CO2 Emissions
Germany,DEU,Europe,High Income,51.17,10.45,2009,Food & Emissions,Food Transport Emissions,12020.721,kt CO2eq,Agrofood CO2 Emissions
Germany,DEU,Europe,High Income,51.17,10.45,2010,Food & Emissions,Food Transport Emissions,12183.695,kt CO2eq,Agrofood CO2 Emissions
Germany,DEU,Europe,High Income,51.17,10.45,2011,Food & Emissions,Food Transport Emissions,12389.878,kt CO2eq,Agrofood CO2 Emissions
Germany,DEU,Europe,High Income,51.17,10.45,2012,Food & Emissions,Food Transport Emissions,12295.974,kt CO2eq,Agrofood CO2 Emissions
Germany,DEU,Europe,High Income,51.17,10.45,2013,Food & Emissions,Food Transport Emissions,12558.889,kt CO2eq,Agrofood CO2 Emissions
Germany,DEU,Europe,High Income,51.17,10.45,2014,Food & Emissions,Food Transport Emissions,12747.454,kt CO2eq,Agrofood CO2 Emissions
Germany,DEU,Europe,High Income,51.17,10.45,2015,Food & Emissions,Food Transport Emissions,12933.531,kt CO2eq,Agrofood CO2 Emissions
Germany,DEU,Europe,High Income,51.17,10.45,2016,Food & Emissions,Food Transport Emissions,13191.187,kt CO2eq,Agrofood CO2 Emissions
Germany,DEU,Europe,High Income,51.17,10.45,2017,Food & Emissions,Food Transport Emissions,13383.486,kt CO2eq,Agrofood CO2 Emissions
Germany,DEU,Europe,High Income,51.17,10.45,2018,Food & Emissions,Food Transport Emissions,12921.379,kt CO2eq,Agrofood CO2 Emissions
Germany,DEU,Europe,High Income,51.17,10.45,2019,Food & Emissions,Food Transport Emissions,13043.612,kt CO2eq,Agrofood CO2 Emissions
Germany,DEU,Europe,High Income,51.17,10.45,2020,Food & Emissions,Food Transport Emissions,11992.87,kt CO2eq,Agrofood CO2 Emissions
India,IND,Asia,Lower Middle Income,20.59,78.96,1990,Food & Emissions,Food Transport Emissions,9715.177,kt CO2eq,Agrofood CO2 Emissions
India,IND,Asia,Lower Middle Income,20.59,78.96,1991,Food & Emissions,Food Transport Emissions,10253.587,kt CO2eq,Agrofood CO2 Emissions
India,IND,Asia,Lower Middle Income,20.59,78.96,1992,Food & Emissions,Food Transport Emissions,10120.964,kt CO2eq,Agrofood CO2 Emissions
India,IND,Asia,Lower Middle Income,20.59,78.96,1993,Food & Emissions,Food Transport Emissions,10263.654,kt CO2eq,Agrofood CO2 Emissions
India,IND,Asia,Lower Middle Income,20.59,78.96,1994,Food & Emissions,Food Transport Emissions,10534.44,kt CO2eq,Agrofood CO2 Emissions
India,IND,Asia,Lower Middle Income,20.59,78.96,1995,Food & Emissions,Food Transport Emissions,10802.195,kt CO2eq,Agrofood CO2 Emissions
India,IND,Asia,Lower Middle Income,20.59,78.96,1996,Food & Emissions,Food Transport Emissions,12702.987,kt CO2eq,Agrofood CO2 Emissions
India,IND,Asia,Lower Middle Income,20.59,78.96,1997,Food & Emissions,Food Transport Emissions,13956.561,kt CO2eq,Agrofood CO2 Emissions
India,IND,Asia,Lower Middle Income,20.59,78.96,1998,Food & Emissions,Food Transport Emissions,13848.625,kt CO2eq,Agrofood CO2 Emissions
India,IND,Asia,Lower Middle Income,20.59,78.96,1999,Food & Emissions,Food Transport Emissions,14399.955,kt CO2eq,Agrofood CO2 Emissions
India,IND,Asia,Lower Middle Income,20.59,78.96,2000,Food & Emissions,Food Transport Emissions,10753.336,kt CO2eq,Agrofood CO2 Emissions
India,IND,Asia,Lower Middle Income,20.59,78.96,2001,Food & Emissions,Food Transport Emissions,10695.555,kt CO2eq,Agrofood CO2 Emissions
India,IND,Asia,Lower Middle Income,20.59,78.96,2002,Food & Emissions,Food Transport Emissions,11132.177,kt CO2eq,Agrofood CO2 Emissions
India,IND,Asia,Lower Middle Income,20.59,78.96,2003,Food & Emissions,Food Transport Emissions,11220.854,kt CO2eq,Agrofood CO2 Emissions
India,IND,Asia,Lower Middle Income,20.59,78.96,2004,Food & Emissions,Food Transport Emissions,11555.965,kt CO2eq,Agrofood CO2 Emissions
India,IND,Asia,Lower Middle Income,20.59,78.96,2005,Food & Emissions,Food Transport Emissions,11179.842,kt CO2eq,Agrofood CO2 Emissions
India,IND,Asia,Lower Middle Income,20.59,78.96,2006,Food & Emissions,Food Transport Emissions,12403.786,kt CO2eq,Agrofood CO2 Emissions
India,IND,Asia,Lower Middle Income,20.59,78.96,2007,Food & Emissions,Food Transport Emissions,6039.183,kt CO2eq,Agrofood CO2 Emissions
India,IND,Asia,Lower Middle Income,20.59,78.96,2008,Food & Emissions,Food Transport Emissions,6761.347,kt CO2eq,Agrofood CO2 Emissions
India,IND,Asia,Lower Middle Income,20.59,78.96,2009,Food & Emissions,Food Transport Emissions,7491.162,kt CO2eq,Agrofood CO2 Emissions
India,IND,Asia,Lower Middle Income,20.59,78.96,2010,Food & Emissions,Food Transport Emissions,7873.56,kt CO2eq,Agrofood CO2 Emissions
India,IND,Asia,Lower Middle Income,20.59,78.96,2011,Food & Emissions,Food Transport Emissions,8257.81,kt CO2eq,Agrofood CO2 Emissions
India,IND,Asia,Lower Middle Income,20.59,78.96,2012,Food & Emissions,Food Transport Emissions,8475.039,kt CO2eq,Agrofood CO2 Emissions
India,IND,Asia,Lower Middle Income,20.59,78.96,2013,Food & Emissions,Food Transport Emissions,24705.175,kt CO2eq,Agrofood CO2 Emissions
India,IND,Asia,Lower Middle Income,20.59,78.96,2014,Food & Emissions,Food Transport Emissions,25679.008,kt CO2eq,Agrofood CO2 Emissions
India,IND,Asia,Lower Middle Income,20.59,78.96,2015,Food & Emissions,Food Transport Emissions,28160.652,kt CO2eq,Agrofood CO2 Emissions
India,IND,Asia,Lower Middle Income,20.59,78.96,2016,Food & Emissions,Food Transport Emissions,29360.061,kt CO2eq,Agrofood CO2 Emissions
India,IND,Asia,Lower Middle Income,20.59,78.96,2017,Food & Emissions,Food Transport Emissions,11341.801,kt CO2eq,Agrofood CO2 Emissions
India,IND,Asia,Lower Middle Income,20.59,78.96,2018,Food & Emissions,Food Transport Emissions,15234.027,kt CO2eq,Agrofood CO2 Emissions
India,IND,Asia,Lower Middle Income,20.59,78.96,2019,Food & Emissions,Food Transport Emissions,14273.394,kt CO2eq,Agrofood CO2 Emissions
India,IND,Asia,Lower Middle Income,20.59,78.96,2020,Food & Emissions,Food Transport Emissions,12139.414,kt CO2eq,Agrofood CO2 Emissions
Japan,JPN,Asia,High Income,36.2,138.25,1990,Food & Emissions,Food Transport Emissions,22759.462,kt CO2eq,Agrofood CO2 Emissions
Japan,JPN,Asia,High Income,36.2,138.25,1991,Food & Emissions,Food Transport Emissions,23839.816,kt CO2eq,Agrofood CO2 Emissions
Japan,JPN,Asia,High Income,36.2,138.25,1992,Food & Emissions,Food Transport Emissions,24320.611,kt CO2eq,Agrofood CO2 Emissions
Japan,JPN,Asia,High Income,36.2,138.25,1993,Food & Emissions,Food Transport Emissions,24858.414,kt CO2eq,Agrofood CO2 Emissions
Japan,JPN,Asia,High Income,36.2,138.25,1994,Food & Emissions,Food Transport Emissions,26166.261,kt CO2eq,Agrofood CO2 Emissions
Japan,JPN,Asia,High Income,36.2,138.25,1995,Food & Emissions,Food Transport Emissions,26947.886,kt CO2eq,Agrofood CO2 Emissions
Japan,JPN,Asia,High Income,36.2,138.25,1996,Food & Emissions,Food Transport Emissions,27586.435,kt CO2eq,Agrofood CO2 Emissions
Japan,JPN,Asia,High Income,36.2,138.25,1997,Food & Emissions,Food Transport Emissions,27724.611,kt CO2eq,Agrofood CO2 Emissions
Japan,JPN,Asia,High Income,36.2,138.25,1998,Food & Emissions,Food Transport Emissions,27715.826,kt CO2eq,Agrofood CO2 Emissions
Japan,JPN,Asia,High Income,36.2,138.25,1999,Food & Emissions,Food Transport Emissions,27907.046,kt CO2eq,Agrofood CO2 Emissions
Japan,JPN,Asia,High Income,36.2,138.25,2000,Food & Emissions,Food Transport Emissions,27842.173,kt CO2eq,Agrofood CO2 Emissions
Japan,JPN,Asia,High Income,36.2,138.25,2001,Food & Emissions,Food Transport Emissions,28093.546,kt CO2eq,Agrofood CO2 Emissions
Japan,JPN,Asia,High Income,36.2,138.25,2002,Food & Emissions,Food Transport Emissions,27562.266,kt CO2eq,Agrofood CO2 Emissions
Japan,JPN,Asia,High Income,36.2,138.25,2003,Food & Emissions,Food Transport Emissions,27312.756,kt CO2eq,Agrofood CO2 Emissions
Japan,JPN,Asia,High Income,36.2,138.25,2004,Food & Emissions,Food Transport Emissions,27412.248,kt CO2eq,Agrofood CO2 Emissions
Japan,JPN,Asia,High Income,36.2,138.25,2005,Food & Emissions,Food Transport Emissions,27089.562,kt CO2eq,Agrofood CO2 Emissions
Japan,JPN,Asia,High Income,36.2,138.25,2006,Food & Emissions,Food Transport Emissions,26630.473,kt CO2eq,Agrofood CO2 Emissions
Japan,JPN,Asia,High Income,36.2,138.25,2007,Food & Emissions,Food Transport Emissions,25877.358,kt CO2eq,Agrofood CO2 Emissions
Japan,JPN,Asia,High Income,36.2,138.25,2008,Food & Emissions,Food Transport Emissions,24960.191,kt CO2eq,Agrofood CO2 Emissions
Japan,JPN,Asia,High Income,36.2,138.25,2009,Food & Emissions,Food Transport Emissions,24369.89,kt CO2eq,Agrofood CO2 Emissions
Japan,JPN,Asia,High Income,36.2,138.25,2010,Food & Emissions,Food Transport Emissions,24648.244,kt CO2eq,Agrofood CO2 Emissions
Japan,JPN,Asia,High Income,36.2,138.25,2011,Food & Emissions,Food Transport Emissions,24053.753,kt CO2eq,Agrofood CO2 Emissions
Japan,JPN,Asia,High Income,36.2,138.25,2012,Food & Emissions,Food Transport Emissions,23749.192,kt CO2eq,Agrofood CO2 Emissions
Japan,JPN,Asia,High Income,36.2,138.25,2013,Food & Emissions,Food Transport Emissions,23440.527,kt CO2eq,Agrofood CO2 Emissions
Japan,JPN,Asia,High Income,36.2,138.25,2014,Food & Emissions,Food Transport Emissions,22787.003,kt CO2eq,Agrofood CO2 Emissions
Japan,JPN,Asia,High Income,36.2,138.25,2015,Food & Emissions,Food Transport Emissions,22788.28,kt CO2eq,Agrofood CO2 Emissions
Japan,JPN,Asia,High Income,36.2,138.25,2016,Food & Emissions,Food Transport Emissions,22539.07,kt CO2eq,Agrofood CO2 Emissions
Japan,JPN,Asia,High Income,36.2,138.25,2017,Food & Emissions,Food Transport Emissions,22352.01,kt CO2eq,Agrofood CO2 Emissions
Japan,JPN,Asia,High Income,36.2,138.25,2018,Food & Emissions,Food Transport Emissions,22083.744,kt CO2eq,Agrofood CO2 Emissions
Japan,JPN,Asia,High Income,36.2,138.25,2019,Food & Emissions,Food Transport Emissions,21634.078,kt CO2eq,Agrofood CO2 Emissions
Japan,JPN,Asia,High Income,36.2,138.25,2020,Food & Emissions,Food Transport Emissions,20014.77,kt CO2eq,Agrofood CO2 Emissions
South Korea,KOR,Asia,High Income,35.91,127.77,1990,Food & Emissions,Food Transport Emissions,4158.486,kt CO2eq,Agrofood CO2 Emissions
South Korea,KOR,Asia,High Income,35.91,127.77,1991,Food & Emissions,Food Transport Emissions,4748.842,kt CO2eq,Agrofood CO2 Emissions
South Korea,KOR,Asia,High Income,35.91,127.77,1992,Food & Emissions,Food Transport Emissions,5388.402,kt CO2eq,Agrofood CO2 Emissions
South Korea,KOR,Asia,High Income,35.91,127.77,1993,Food & Emissions,Food Transport Emissions,6099.258,kt CO2eq,Agrofood CO2 Emissions
South Korea,KOR,Asia,High Income,35.91,127.77,1994,Food & Emissions,Food Transport Emissions,6515.444,kt CO2eq,Agrofood CO2 Emissions
South Korea,KOR,Asia,High Income,35.91,127.77,1995,Food & Emissions,Food Transport Emissions,7324.492,kt CO2eq,Agrofood CO2 Emissions
South Korea,KOR,Asia,High Income,35.91,127.77,1996,Food & Emissions,Food Transport Emissions,7881.38,kt CO2eq,Agrofood CO2 Emissions
South Korea,KOR,Asia,High Income,35.91,127.77,1997,Food & Emissions,Food Transport Emissions,7990.398,kt CO2eq,Agrofood CO2 Emissions
South Korea,KOR,Asia,High Income,35.91,127.77,1998,Food & Emissions,Food Transport Emissions,6669.424,kt CO2eq,Agrofood CO2 Emissions
South Korea,KOR,Asia,High Income,35.91,127.77,1999,Food & Emissions,Food Transport Emissions,7300.237,kt CO2eq,Agrofood CO2 Emissions
South Korea,KOR,Asia,High Income,35.91,127.77,2000,Food & Emissions,Food Transport Emissions,7971.42,kt CO2eq,Agrofood CO2 Emissions
South Korea,KOR,Asia,High Income,35.91,127.77,2001,Food & Emissions,Food Transport Emissions,8304.841,kt CO2eq,Agrofood CO2 Emissions
South Korea,KOR,Asia,High Income,35.91,127.77,2002,Food & Emissions,Food Transport Emissions,8892.725,kt CO2eq,Agrofood CO2 Emissions
South Korea,KOR,Asia,High Income,35.91,127.77,2003,Food & Emissions,Food Transport Emissions,9151.692,kt CO2eq,Agrofood CO2 Emissions
South Korea,KOR,Asia,High Income,35.91,127.77,2004,Food & Emissions,Food Transport Emissions,9195.83,kt CO2eq,Agrofood CO2 Emissions
South Korea,KOR,Asia,High Income,35.91,127.77,2005,Food & Emissions,Food Transport Emissions,9224.557,kt CO2eq,Agrofood CO2 Emissions
South Korea,KOR,Asia,High Income,35.91,127.77,2006,Food & Emissions,Food Transport Emissions,9328.597,kt CO2eq,Agrofood CO2 Emissions
South Korea,KOR,Asia,High Income,35.91,127.77,2007,Food & Emissions,Food Transport Emissions,9630.396,kt CO2eq,Agrofood CO2 Emissions
South Korea,KOR,Asia,High Income,35.91,127.77,2008,Food & Emissions,Food Transport Emissions,9408.316,kt CO2eq,Agrofood CO2 Emissions
South Korea,KOR,Asia,High Income,35.91,127.77,2009,Food & Emissions,Food Transport Emissions,9556.762,kt CO2eq,Agrofood CO2 Emissions
South Korea,KOR,Asia,High Income,35.91,127.77,2010,Food & Emissions,Food Transport Emissions,9772.42,kt CO2eq,Agrofood CO2 Emissions
South Korea,KOR,Asia,High Income,35.91,127.77,2011,Food & Emissions,Food Transport Emissions,9643.741,kt CO2eq,Agrofood CO2 Emissions
South Korea,KOR,Asia,High Income,35.91,127.77,2012,Food & Emissions,Food Transport Emissions,9840.259,kt CO2eq,Agrofood CO2 Emissions
South Korea,KOR,Asia,High Income,35.91,127.77,2013,Food & Emissions,Food Transport Emissions,10282.07,kt CO2eq,Agrofood CO2 Emissions
South Korea,KOR,Asia,High Income,35.91,127.77,2014,Food & Emissions,Food Transport Emissions,10362.868,kt CO2eq,Agrofood CO2 Emissions
South Korea,KOR,Asia,High Income,35.91,127.77,2015,Food & Emissions,Food Transport Emissions,10975.399,kt CO2eq,Agrofood CO2 Emissions
South Korea,KOR,Asia,High Income,35.91,127.77,2016,Food & Emissions,Food Transport Emissions,11301.651,kt CO2eq,Agrofood CO2 Emissions
South Korea,KOR,Asia,High Income,35.91,127.77,2017,Food & Emissions,Food Transport Emissions,11544.589,kt CO2eq,Agrofood CO2 Emissions
South Korea,KOR,Asia,High Income,35.91,127.77,2018,Food & Emissions,Food Transport Emissions,11397.464,kt CO2eq,Agrofood CO2 Emissions
South Korea,KOR,Asia,High Income,35.91,127.77,2019,Food & Emissions,Food Transport Emissions,11987.992,kt CO2eq,Agrofood CO2 Emissions
South Korea,KOR,Asia,High Income,35.91,127.77,2020,Food & Emissions,Food Transport Emissions,11225.782,kt CO2eq,Agrofood CO2 Emissions
UK,GBR,Europe,High Income,55.38,-3.44,1990,Food & Emissions,Food Transport Emissions,10182.358,kt CO2eq,Agrofood CO2 Emissions
UK,GBR,Europe,High Income,55.38,-3.44,1991,Food & Emissions,Food Transport Emissions,10064.598,kt CO2eq,Agrofood CO2 Emissions
UK,GBR,Europe,High Income,55.38,-3.44,1992,Food & Emissions,Food Transport Emissions,10178.634,kt CO2eq,Agrofood CO2 Emissions
UK,GBR,Europe,High Income,55.38,-3.44,1993,Food & Emissions,Food Transport Emissions,8977.732,kt CO2eq,Agrofood CO2 Emissions
UK,GBR,Europe,High Income,55.38,-3.44,1994,Food & Emissions,Food Transport Emissions,8974.396,kt CO2eq,Agrofood CO2 Emissions
UK,GBR,Europe,High Income,55.38,-3.44,1995,Food & Emissions,Food Transport Emissions,8893.92,kt CO2eq,Agrofood CO2 Emissions
UK,GBR,Europe,High Income,55.38,-3.44,1996,Food & Emissions,Food Transport Emissions,9238.009,kt CO2eq,Agrofood CO2 Emissions
UK,GBR,Europe,High Income,55.38,-3.44,1997,Food & Emissions,Food Transport Emissions,9308.973,kt CO2eq,Agrofood CO2 Emissions
UK,GBR,Europe,High Income,55.38,-3.44,1998,Food & Emissions,Food Transport Emissions,9276.597,kt CO2eq,Agrofood CO2 Emissions
UK,GBR,Europe,High Income,55.38,-3.44,1999,Food & Emissions,Food Transport Emissions,9599.817,kt CO2eq,Agrofood CO2 Emissions
UK,GBR,Europe,High Income,55.38,-3.44,2000,Food & Emissions,Food Transport Emissions,9484.759,kt CO2eq,Agrofood CO2 Emissions
UK,GBR,Europe,High Income,55.38,-3.44,2001,Food & Emissions,Food Transport Emissions,9447.763,kt CO2eq,Agrofood CO2 Emissions
UK,GBR,Europe,High Income,55.38,-3.44,2002,Food & Emissions,Food Transport Emissions,9578.763,kt CO2eq,Agrofood CO2 Emissions
UK,GBR,Europe,High Income,55.38,-3.44,2003,Food & Emissions,Food Transport Emissions,9712.027,kt CO2eq,Agrofood CO2 Emissions
UK,GBR,Europe,High Income,55.38,-3.44,2004,Food & Emissions,Food Transport Emissions,9846.208,kt CO2eq,Agrofood CO2 Emissions
UK,GBR,Europe,High Income,55.38,-3.44,2005,Food & Emissions,Food Transport Emissions,9968.456,kt CO2eq,Agrofood CO2 Emissions
UK,GBR,Europe,High Income,55.38,-3.44,2006,Food & Emissions,Food Transport Emissions,10136.939,kt CO2eq,Agrofood CO2 Emissions
UK,GBR,Europe,High Income,55.38,-3.44,2007,Food & Emissions,Food Transport Emissions,10276.695,kt CO2eq,Agrofood CO2 Emissions
UK,GBR,Europe,High Income,55.38,-3.44,2008,Food & Emissions,Food Transport Emissions,9929.846,kt CO2eq,Agrofood CO2 Emissions
UK,GBR,Europe,High Income,55.38,-3.44,2009,Food & Emissions,Food Transport Emissions,9689.472,kt CO2eq,Agrofood CO2 Emissions
UK,GBR,Europe,High Income,55.38,-3.44,2010,Food & Emissions,Food Transport Emissions,9671.199,kt CO2eq,Agrofood CO2 Emissions
UK,GBR,Europe,High Income,55.38,-3.44,2011,Food & Emissions,Food Transport Emissions,9560.714,kt CO2eq,Agrofood CO2 Emissions
UK,GBR,Europe,High Income,55.38,-3.44,2012,Food & Emissions,Food Transport Emissions,9523.512,kt CO2eq,Agrofood CO2 Emissions
UK,GBR,Europe,High Income,55.38,-3.44,2013,Food & Emissions,Food Transport Emissions,9532.271,kt CO2eq,Agrofood CO2 Emissions
UK,GBR,Europe,High Income,55.38,-3.44,2014,Food & Emissions,Food Transport Emissions,9711.687,kt CO2eq,Agrofood CO2 Emissions
UK,GBR,Europe,High Income,55.38,-3.44,2015,Food & Emissions,Food Transport Emissions,9901.771,kt CO2eq,Agrofood CO2 Emissions
UK,GBR,Europe,High Income,55.38,-3.44,2016,Food & Emissions,Food Transport Emissions,10125.83,kt CO2eq,Agrofood CO2 Emissions
UK,GBR,Europe,High Income,55.38,-3.44,2017,Food & Emissions,Food Transport Emissions,10147.4,kt CO2eq,Agrofood CO2 Emissions
UK,GBR,Europe,High Income,55.38,-3.44,2018,Food & Emissions,Food Transport Emissions,10115.742,kt CO2eq,Agrofood CO2 Emissions
UK,GBR,Europe,High Income,55.38,-3.44,2019,Food & Emissions,Food Transport Emissions,10024.211,kt CO2eq,Agrofood CO2 Emissions
UK,GBR,Europe,High Income,55.38,-3.44,2020,Food & Emissions,Food Transport Emissions,8251.625,kt CO2eq,Agrofood CO2 Emissions
USA,USA,North America,High Income,37.09,-95.71,1990,Food & Emissions,Food Transport Emissions,45410.267,kt CO2eq,Agrofood CO2 Emissions
USA,USA,North America,High Income,37.09,-95.71,1991,Food & Emissions,Food Transport Emissions,44566.941,kt CO2eq,Agrofood CO2 Emissions
USA,USA,North America,High Income,37.09,-95.71,1992,Food & Emissions,Food Transport Emissions,46198.593,kt CO2eq,Agrofood CO2 Emissions
USA,USA,North America,High Income,37.09,-95.71,1993,Food & Emissions,Food Transport Emissions,45175.674,kt CO2eq,Agrofood CO2 Emissions
USA,USA,North America,High Income,37.09,-95.71,1994,Food & Emissions,Food Transport Emissions,46739.089,kt CO2eq,Agrofood CO2 Emissions
USA,USA,North America,High Income,37.09,-95.71,1995,Food & Emissions,Food Transport Emissions,48222.885,kt CO2eq,Agrofood CO2 Emissions
USA,USA,North America,High Income,37.09,-95.71,1996,Food & Emissions,Food Transport Emissions,49281.074,kt CO2eq,Agrofood CO2 Emissions
USA,USA,North America,High Income,37.09,-95.71,1997,Food & Emissions,Food Transport Emissions,49947.164,kt CO2eq,Agrofood CO2 Emissions
USA,USA,North America,High Income,37.09,-95.71,1998,Food & Emissions,Food Transport Emissions,51078.776,kt CO2eq,Agrofood CO2 Emissions
USA,USA,North America,High Income,37.09,-95.71,1999,Food & Emissions,Food Transport Emissions,52539.525,kt CO2eq,Agrofood CO2 Emissions
USA,USA,North America,High Income,37.09,-95.71,2000,Food & Emissions,Food Transport Emissions,53934.186,kt CO2eq,Agrofood CO2 Emissions
USA,USA,North America,High Income,37.09,-95.71,2001,Food & Emissions,Food Transport Emissions,54213.626,kt CO2eq,Agrofood CO2 Emissions
USA,USA,North America,High Income,37.09,-95.71,2002,Food & Emissions,Food Transport Emissions,55804.326,kt CO2eq,Agrofood CO2 Emissions
USA,USA,North America,High Income,37.09,-95.71,2003,Food & Emissions,Food Transport Emissions,57283.641,kt CO2eq,Agrofood CO2 Emissions
USA,USA,North America,High Income,37.09,-95.71,2004,Food & Emissions,Food Transport Emissions,58559.26,kt CO2eq,Agrofood CO2 Emissions
USA,USA,North America,High Income,37.09,-95.71,2005,Food & Emissions,Food Transport Emissions,60081.03,kt CO2eq,Agrofood CO2 Emissions
USA,USA,North America,High Income,37.09,-95.71,2006,Food & Emissions,Food Transport Emissions,61485.27,kt CO2eq,Agrofood CO2 Emissions
USA,USA,North America,High Income,37.09,-95.71,2007,Food & Emissions,Food Transport Emissions,62048.167,kt CO2eq,Agrofood CO2 Emissions
USA,USA,North America,High Income,37.09,-95.71,2008,Food & Emissions,Food Transport Emissions,59106.555,kt CO2eq,Agrofood CO2 Emissions
USA,USA,North America,High Income,37.09,-95.71,2009,Food & Emissions,Food Transport Emissions,56779.488,kt CO2eq,Agrofood CO2 Emissions
USA,USA,North America,High Income,37.09,-95.71,2010,Food & Emissions,Food Transport Emissions,59172.615,kt CO2eq,Agrofood CO2 Emissions
USA,USA,North America,High Income,37.09,-95.71,2011,Food & Emissions,Food Transport Emissions,59653.928,kt CO2eq,Agrofood CO2 Emissions
USA,USA,North America,High Income,37.09,-95.71,2012,Food & Emissions,Food Transport Emissions,58428.967,kt CO2eq,Agrofood CO2 Emissions
USA,USA,North America,High Income,37.09,-95.71,2013,Food & Emissions,Food Transport Emissions,60908.383,kt CO2eq,Agrofood CO2 Emissions
USA,USA,North America,High Income,37.09,-95.71,2014,Food & Emissions,Food Transport Emissions,61312.236,kt CO2eq,Agrofood CO2 Emissions
USA,USA,North America,High Income,37.09,-95.71,2015,Food & Emissions,Food Transport Emissions,64147.018,kt CO2eq,Agrofood CO2 Emissions
USA,USA,North America,High Income,37.09,-95.71,2016,Food & Emissions,Food Transport Emissions,64980.677,kt CO2eq,Agrofood CO2 Emissions
USA,USA,North America,High Income,37.09,-95.71,2017,Food & Emissions,Food Transport Emissions,65488.497,kt CO2eq,Agrofood CO2 Emissions
USA,USA,North America,High Income,37.09,-95.71,2018,Food & Emissions,Food Transport Emissions,67945.765,kt CO2eq,Agrofood CO2 Emissions
USA,USA,North America,High Income,37.09,-95.71,2019,Food & Emissions,Food Transport Emissions,67843.576,kt CO2eq,Agrofood CO2 Emissions
USA,USA,North America,High Income,37.09,-95.71,2020,Food & Emissions,Food Transport Emissions,60066.484,kt CO2eq,Agrofood CO2 Emissions
Australia,AUS,Oceania,High Income,-25.27,133.77,1990,Food & Emissions,Meat Consumption per Capita,0.0,kg per capita,OECD Meat Consumption
Australia,AUS,Oceania,High Income,-25.27,133.77,1990,Food & Emissions,Meat Consumption per Capita,0.0,kg per capita,OECD Meat Consumption
Australia,AUS,Oceania,High Income,-25.27,133.77,1990,Food & Emissions,Meat Consumption per Capita,21.947,kg per capita,OECD Meat Consumption
Australia,AUS,Oceania,High Income,-25.27,133.77,1990,Food & Emissions,Meat Consumption per Capita,18.923,kg per capita,OECD Meat Consumption
Australia,AUS,Oceania,High Income,-25.27,133.77,1991,Food & Emissions,Meat Consumption per Capita,27.808,kg per capita,OECD Meat Consumption
Australia,AUS,Oceania,High Income,-25.27,133.77,1991,Food & Emissions,Meat Consumption per Capita,14.451,kg per capita,OECD Meat Consumption
Australia,AUS,Oceania,High Income,-25.27,133.77,1991,Food & Emissions,Meat Consumption per Capita,22.243,kg per capita,OECD Meat Consumption
Australia,AUS,Oceania,High Income,-25.27,133.77,1991,Food & Emissions,Meat Consumption per Capita,19.323,kg per capita,OECD Meat Consumption
Australia,AUS,Oceania,High Income,-25.27,133.77,1992,Food & Emissions,Meat Consumption per Capita,26.278,kg per capita,OECD Meat Consumption
Australia,AUS,Oceania,High Income,-25.27,133.77,1992,Food & Emissions,Meat Consumption per Capita,15.183,kg per capita,OECD Meat Consumption
Australia,AUS,Oceania,High Income,-25.27,133.77,1992,Food & Emissions,Meat Consumption per Capita,22.329,kg per capita,OECD Meat Consumption
Australia,AUS,Oceania,High Income,-25.27,133.77,1992,Food & Emissions,Meat Consumption per Capita,17.875,kg per capita,OECD Meat Consumption
Australia,AUS,Oceania,High Income,-25.27,133.77,1993,Food & Emissions,Meat Consumption per Capita,26.244,kg per capita,OECD Meat Consumption
Australia,AUS,Oceania,High Income,-25.27,133.77,1993,Food & Emissions,Meat Consumption per Capita,15.01,kg per capita,OECD Meat Consumption
Australia,AUS,Oceania,High Income,-25.27,133.77,1993,Food & Emissions,Meat Consumption per Capita,23.693,kg per capita,OECD Meat Consumption
Australia,AUS,Oceania,High Income,-25.27,133.77,1993,Food & Emissions,Meat Consumption per Capita,17.407,kg per capita,OECD Meat Consumption
Australia,AUS,Oceania,High Income,-25.27,133.77,1994,Food & Emissions,Meat Consumption per Capita,25.541,kg per capita,OECD Meat Consumption
Australia,AUS,Oceania,High Income,-25.27,133.77,1994,Food & Emissions,Meat Consumption per Capita,15.573,kg per capita,OECD Meat Consumption
Australia,AUS,Oceania,High Income,-25.27,133.77,1994,Food & Emissions,Meat Consumption per Capita,24.358,kg per capita,OECD Meat Consumption
Australia,AUS,Oceania,High Income,-25.27,133.77,1994,Food & Emissions,Meat Consumption per Capita,18.417,kg per capita,OECD Meat Consumption
Australia,AUS,Oceania,High Income,-25.27,133.77,1995,Food & Emissions,Meat Consumption per Capita,25.408,kg per capita,OECD Meat Consumption
Australia,AUS,Oceania,High Income,-25.27,133.77,1995,Food & Emissions,Meat Consumption per Capita,15.58,kg per capita,OECD Meat Consumption
Australia,AUS,Oceania,High Income,-25.27,133.77,1995,Food & Emissions,Meat Consumption per Capita,24.105,kg per capita,OECD Meat Consumption
Australia,AUS,Oceania,High Income,-25.27,133.77,1995,Food & Emissions,Meat Consumption per Capita,15.045,kg per capita,OECD Meat Consumption
Australia,AUS,Oceania,High Income,-25.27,133.77,1996,Food & Emissions,Meat Consumption per Capita,27.329,kg per capita,OECD Meat Consumption
Australia,AUS,Oceania,High Income,-25.27,133.77,1996,Food & Emissions,Meat Consumption per Capita,14.413,kg per capita,OECD Meat Consumption
Australia,AUS,Oceania,High Income,-25.27,133.77,1996,Food & Emissions,Meat Consumption per Capita,24.504,kg per capita,OECD Meat Consumption
Australia,AUS,Oceania,High Income,-25.27,133.77,1996,Food & Emissions,Meat Consumption per Capita,14.729,kg per capita,OECD Meat Consumption
Australia,AUS,Oceania,High Income,-25.27,133.77,1997,Food & Emissions,Meat Consumption per Capita,28.874,kg per capita,OECD Meat Consumption
Australia,AUS,Oceania,High Income,-25.27,133.77,1997,Food & Emissions,Meat Consumption per Capita,14.793,kg per capita,OECD Meat Consumption
Australia,AUS,Oceania,High Income,-25.27,133.77,1997,Food & Emissions,Meat Consumption per Capita,25.679,kg per capita,OECD Meat Consumption
Australia,AUS,Oceania,High Income,-25.27,133.77,1997,Food & Emissions,Meat Consumption per Capita,14.997,kg per capita,OECD Meat Consumption
Australia,AUS,Oceania,High Income,-25.27,133.77,1998,Food & Emissions,Meat Consumption per Capita,26.653,kg per capita,OECD Meat Consumption
Australia,AUS,Oceania,High Income,-25.27,133.77,1998,Food & Emissions,Meat Consumption per Capita,15.193,kg per capita,OECD Meat Consumption
Australia,AUS,Oceania,High Income,-25.27,133.77,1998,Food & Emissions,Meat Consumption per Capita,27.527,kg per capita,OECD Meat Consumption
Australia,AUS,Oceania,High Income,-25.27,133.77,1998,Food & Emissions,Meat Consumption per Capita,15.412,kg per capita,OECD Meat Consumption
Australia,AUS,Oceania,High Income,-25.27,133.77,1999,Food & Emissions,Meat Consumption per Capita,27.982,kg per capita,OECD Meat Consumption
Australia,AUS,Oceania,High Income,-25.27,133.77,1999,Food & Emissions,Meat Consumption per Capita,15.132,kg per capita,OECD Meat Consumption
Australia,AUS,Oceania,High Income,-25.27,133.77,1999,Food & Emissions,Meat Consumption per Capita,27.889,kg per capita,OECD Meat Consumption
Australia,AUS,Oceania,High Income,-25.27,133.77,1999,Food & Emissions,Meat Consumption per Capita,15.189,kg per capita,OECD Meat Consumption
Australia,AUS,Oceania,High Income,-25.27,133.77,2000,Food & Emissions,Meat Consumption per Capita,26.412,kg per capita,OECD Meat Consumption
Australia,AUS,Oceania,High Income,-25.27,133.77,2000,Food & Emissions,Meat Consumption per Capita,15.14,kg per capita,OECD Meat Consumption
Australia,AUS,Oceania,High Income,-25.27,133.77,2000,Food & Emissions,Meat Consumption per Capita,29.566,kg per capita,OECD Meat Consumption
Australia,AUS,Oceania,High Income,-25.27,133.77,2000,Food & Emissions,Meat Consumption per Capita,16.304,kg per capita,OECD Meat Consumption
Australia,AUS,Oceania,High Income,-25.27,133.77,2001,Food & Emissions,Meat Consumption per Capita,24.511,kg per capita,OECD Meat Consumption
Australia,AUS,Oceania,High Income,-25.27,133.77,2001,Food & Emissions,Meat Consumption per Capita,15.239,kg per capita,OECD Meat Consumption
Australia,AUS,Oceania,High Income,-25.27,133.77,2001,Food & Emissions,Meat Consumption per Capita,29.113,kg per capita,OECD Meat Consumption
Australia,AUS,Oceania,High Income,-25.27,133.77,2001,Food & Emissions,Meat Consumption per Capita,14.92,kg per capita,OECD Meat Consumption
Australia,AUS,Oceania,High Income,-25.27,133.77,2002,Food & Emissions,Meat Consumption per Capita,25.167,kg per capita,OECD Meat Consumption
Australia,AUS,Oceania,High Income,-25.27,133.77,2002,Food & Emissions,Meat Consumption per Capita,15.995,kg per capita,OECD Meat Consumption
Australia,AUS,Oceania,High Income,-25.27,133.77,2002,Food & Emissions,Meat Consumption per Capita,32.37,kg per capita,OECD Meat Consumption
Australia,AUS,Oceania,High Income,-25.27,133.77,2002,Food & Emissions,Meat Consumption per Capita,13.727,kg per capita,OECD Meat Consumption
Australia,AUS,Oceania,High Income,-25.27,133.77,2003,Food & Emissions,Meat Consumption per Capita,25.862,kg per capita,OECD Meat Consumption
Australia,AUS,Oceania,High Income,-25.27,133.77,2003,Food & Emissions,Meat Consumption per Capita,17.448,kg per capita,OECD Meat Consumption
Australia,AUS,Oceania,High Income,-25.27,133.77,2003,Food & Emissions,Meat Consumption per Capita,31.291,kg per capita,OECD Meat Consumption
Australia,AUS,Oceania,High Income,-25.27,133.77,2003,Food & Emissions,Meat Consumption per Capita,12.108,kg per capita,OECD Meat Consumption
Australia,AUS,Oceania,High Income,-25.27,133.77,2004,Food & Emissions,Meat Consumption per Capita,28.62,kg per capita,OECD Meat Consumption
Australia,AUS,Oceania,High Income,-25.27,133.77,2004,Food & Emissions,Meat Consumption per Capita,17.735,kg per capita,OECD Meat Consumption
Australia,AUS,Oceania,High Income,-25.27,133.77,2004,Food & Emissions,Meat Consumption per Capita,32.697,kg per capita,OECD Meat Consumption
Australia,AUS,Oceania,High Income,-25.27,133.77,2004,Food & Emissions,Meat Consumption per Capita,11.943,kg per capita,OECD Meat Consumption
Australia,AUS,Oceania,High Income,-25.27,133.77,2005,Food & Emissions,Meat Consumption per Capita,27.109,kg per capita,OECD Meat Consumption
Australia,AUS,Oceania,High Income,-25.27,133.77,2005,Food & Emissions,Meat Consumption per Capita,18.653,kg per capita,OECD Meat Consumption
Australia,AUS,Oceania,High Income,-25.27,133.77,2005,Food & Emissions,Meat Consumption per Capita,33.991,kg per capita,OECD Meat Consumption
Australia,AUS,Oceania,High Income,-25.27,133.77,2005,Food & Emissions,Meat Consumption per Capita,11.956,kg per capita,OECD Meat Consumption
Australia,AUS,Oceania,High Income,-25.27,133.77,2006,Food & Emissions,Meat Consumption per Capita,26.968,kg per capita,OECD Meat Consumption
Australia,AUS,Oceania,High Income,-25.27,133.77,2006,Food & Emissions,Meat Consumption per Capita,17.987,kg per capita,OECD Meat Consumption
Australia,AUS,Oceania,High Income,-25.27,133.77,2006,Food & Emissions,Meat Consumption per Capita,35.106,kg per capita,OECD Meat Consumption
Australia,AUS,Oceania,High Income,-25.27,133.77,2006,Food & Emissions,Meat Consumption per Capita,12.342,kg per capita,OECD Meat Consumption
Australia,AUS,Oceania,High Income,-25.27,133.77,2007,Food & Emissions,Meat Consumption per Capita,24.131,kg per capita,OECD Meat Consumption
Australia,AUS,Oceania,High Income,-25.27,133.77,2007,Food & Emissions,Meat Consumption per Capita,19.708,kg per capita,OECD Meat Consumption
Australia,AUS,Oceania,High Income,-25.27,133.77,2007,Food & Emissions,Meat Consumption per Capita,34.719,kg per capita,OECD Meat Consumption
Australia,AUS,Oceania,High Income,-25.27,133.77,2007,Food & Emissions,Meat Consumption per Capita,12.568,kg per capita,OECD Meat Consumption
Australia,AUS,Oceania,High Income,-25.27,133.77,2008,Food & Emissions,Meat Consumption per Capita,23.331,kg per capita,OECD Meat Consumption
Australia,AUS,Oceania,High Income,-25.27,133.77,2008,Food & Emissions,Meat Consumption per Capita,19.307,kg per capita,OECD Meat Consumption
Australia,AUS,Oceania,High Income,-25.27,133.77,2008,Food & Emissions,Meat Consumption per Capita,33.245,kg per capita,OECD Meat Consumption
Australia,AUS,Oceania,High Income,-25.27,133.77,2008,Food & Emissions,Meat Consumption per Capita,10.987,kg per capita,OECD Meat Consumption
Australia,AUS,Oceania,High Income,-25.27,133.77,2009,Food & Emissions,Meat Consumption per Capita,23.467,kg per capita,OECD Meat Consumption
Australia,AUS,Oceania,High Income,-25.27,133.77,2009,Food & Emissions,Meat Consumption per Capita,19.898,kg per capita,OECD Meat Consumption
Australia,AUS,Oceania,High Income,-25.27,133.77,2009,Food & Emissions,Meat Consumption per Capita,33.597,kg per capita,OECD Meat Consumption
Australia,AUS,Oceania,High Income,-25.27,133.77,2009,Food & Emissions,Meat Consumption per Capita,10.339,kg per capita,OECD Meat Consumption
Australia,AUS,Oceania,High Income,-25.27,133.77,2010,Food & Emissions,Meat Consumption per Capita,25.349,kg per capita,OECD Meat Consumption
Australia,AUS,Oceania,High Income,-25.27,133.77,2010,Food & Emissions,Meat Consumption per Capita,20.196,kg per capita,OECD Meat Consumption
Australia,AUS,Oceania,High Income,-25.27,133.77,2010,Food & Emissions,Meat Consumption per Capita,37.703,kg per capita,OECD Meat Consumption
Australia,AUS,Oceania,High Income,-25.27,133.77,2010,Food & Emissions,Meat Consumption per Capita,8.987,kg per capita,OECD Meat Consumption
Australia,AUS,Oceania,High Income,-25.27,133.77,2011,Food & Emissions,Meat Consumption per Capita,23.348,kg per capita,OECD Meat Consumption
Australia,AUS,Oceania,High Income,-25.27,133.77,2011,Food & Emissions,Meat Consumption per Capita,19.675,kg per capita,OECD Meat Consumption
Australia,AUS,Oceania,High Income,-25.27,133.77,2011,Food & Emissions,Meat Consumption per Capita,39.602,kg per capita,OECD Meat Consumption
Australia,AUS,Oceania,High Income,-25.27,133.77,2011,Food & Emissions,Meat Consumption per Capita,8.067,kg per capita,OECD Meat Consumption
Australia,AUS,Oceania,High Income,-25.27,133.77,2012,Food & Emissions,Meat Consumption per Capita,22.515,kg per capita,OECD Meat Consumption
Australia,AUS,Oceania,High Income,-25.27,133.77,2012,Food & Emissions,Meat Consumption per Capita,20.61,kg per capita,OECD Meat Consumption
Australia,AUS,Oceania,High Income,-25.27,133.77,2012,Food & Emissions,Meat Consumption per Capita,40.464,kg per capita,OECD Meat Consumption
Australia,AUS,Oceania,High Income,-25.27,133.77,2012,Food & Emissions,Meat Consumption per Capita,8.754,kg per capita,OECD Meat Consumption
Australia,AUS,Oceania,High Income,-25.27,133.77,2013,Food & Emissions,Meat Consumption per Capita,23.851,kg per capita,OECD Meat Consumption
Australia,AUS,Oceania,High Income,-25.27,133.77,2013,Food & Emissions,Meat Consumption per Capita,20.09,kg per capita,OECD Meat Consumption
Australia,AUS,Oceania,High Income,-25.27,133.77,2013,Food & Emissions,Meat Consumption per Capita,40.342,kg per capita,OECD Meat Consumption
Australia,AUS,Oceania,High Income,-25.27,133.77,2013,Food & Emissions,Meat Consumption per Capita,8.762,kg per capita,OECD Meat Consumption
Australia,AUS,Oceania,High Income,-25.27,133.77,2014,Food & Emissions,Meat Consumption per Capita,22.704,kg per capita,OECD Meat Consumption
Australia,AUS,Oceania,High Income,-25.27,133.77,2014,Food & Emissions,Meat Consumption per Capita,20.113,kg per capita,OECD Meat Consumption
Australia,AUS,Oceania,High Income,-25.27,133.77,2014,Food & Emissions,Meat Consumption per Capita,41.059,kg per capita,OECD Meat Consumption
Australia,AUS,Oceania,High Income,-25.27,133.77,2014,Food & Emissions,Meat Consumption per Capita,8.159,kg per capita,OECD Meat Consumption
Australia,AUS,Oceania,High Income,-25.27,133.77,2015,Food & Emissions,Meat Consumption per Capita,20.634,kg per capita,OECD Meat Consumption
Australia,AUS,Oceania,High Income,-25.27,133.77,2015,Food & Emissions,Meat Consumption per Capita,22.023,kg per capita,OECD Meat Consumption
Australia,AUS,Oceania,High Income,-25.27,133.77,2015,Food & Emissions,Meat Consumption per Capita,42.269,kg per capita,OECD Meat Consumption
Australia,AUS,Oceania,High Income,-25.27,133.77,2015,Food & Emissions,Meat Consumption per Capita,9.398,kg per capita,OECD Meat Consumption
Australia,AUS,Oceania,High Income,-25.27,133.77,2016,Food & Emissions,Meat Consumption per Capita,19.456,kg per capita,OECD Meat Consumption
Australia,AUS,Oceania,High Income,-25.27,133.77,2016,Food & Emissions,Meat Consumption per Capita,21.489,kg per capita,OECD Meat Consumption
Australia,AUS,Oceania,High Income,-25.27,133.77,2016,Food & Emissions,Meat Consumption per Capita,44.781,kg per capita,OECD Meat Consumption
Australia,AUS,Oceania,High Income,-25.27,133.77,2016,Food & Emissions,Meat Consumption per Capita,8.555,kg per capita,OECD Meat Consumption
Australia,AUS,Oceania,High Income,-25.27,133.77,2017,Food & Emissions,Meat Consumption per Capita,18.715,kg per capita,OECD Meat Consumption
Australia,AUS,Oceania,High Income,-25.27,133.77,2017,Food & Emissions,Meat Consumption per Capita,22.01,kg per capita,OECD Meat Consumption
Australia,AUS,Oceania,High Income,-25.27,133.77,2017,Food & Emissions,Meat Consumption per Capita,43.565,kg per capita,OECD Meat Consumption
Australia,AUS,Oceania,High Income,-25.27,133.77,2017,Food & Emissions,Meat Consumption per Capita,7.774,kg per capita,OECD Meat Consumption
Australia,AUS,Oceania,High Income,-25.27,133.77,2018,Food & Emissions,Meat Consumption per Capita,18.911,kg per capita,OECD Meat Consumption
Australia,AUS,Oceania,High Income,-25.27,133.77,2018,Food & Emissions,Meat Consumption per Capita,21.906,kg per capita,OECD Meat Consumption
Australia,AUS,Oceania,High Income,-25.27,133.77,2018,Food & Emissions,Meat Consumption per Capita,44.128,kg per capita,OECD Meat Consumption
Australia,AUS,Oceania,High Income,-25.27,133.77,2018,Food & Emissions,Meat Consumption per Capita,7.282,kg per capita,OECD Meat Consumption
Australia,AUS,Oceania,High Income,-25.27,133.77,2019,Food & Emissions,Meat Consumption per Capita,18.306,kg per capita,OECD Meat Consumption
Australia,AUS,Oceania,High Income,-25.27,133.77,2019,Food & Emissions,Meat Consumption per Capita,22.286,kg per capita,OECD Meat Consumption
Australia,AUS,Oceania,High Income,-25.27,133.77,2019,Food & Emissions,Meat Consumption per Capita,44.767,kg per capita,OECD Meat Consumption
Australia,AUS,Oceania,High Income,-25.27,133.77,2019,Food & Emissions,Meat Consumption per Capita,7.209,kg per capita,OECD Meat Consumption
Australia,AUS,Oceania,High Income,-25.27,133.77,2020,Food & Emissions,Meat Consumption per Capita,16.742,kg per capita,OECD Meat Consumption
Australia,AUS,Oceania,High Income,-25.27,133.77,2020,Food & Emissions,Meat Consumption per Capita,22.64,kg per capita,OECD Meat Consumption
Australia,AUS,Oceania,High Income,-25.27,133.77,2020,Food & Emissions,Meat Consumption per Capita,44.223,kg per capita,OECD Meat Consumption
Australia,AUS,Oceania,High Income,-25.27,133.77,2020,Food & Emissions,Meat Consumption per Capita,7.223,kg per capita,OECD Meat Consumption
Australia,AUS,Oceania,High Income,-25.27,133.77,2021,Food & Emissions,Meat Consumption per Capita,16.639,kg per capita,OECD Meat Consumption
Australia,AUS,Oceania,High Income,-25.27,133.77,2021,Food & Emissions,Meat Consumption per Capita,22.627,kg per capita,OECD Meat Consumption
Australia,AUS,Oceania,High Income,-25.27,133.77,2021,Food & Emissions,Meat Consumption per Capita,44.399,kg per capita,OECD Meat Consumption
Australia,AUS,Oceania,High Income,-25.27,133.77,2021,Food & Emissions,Meat Consumption per Capita,7.317,kg per capita,OECD Meat Consumption
Australia,AUS,Oceania,High Income,-25.27,133.77,2022,Food & Emissions,Meat Consumption per Capita,17.957,kg per capita,OECD Meat Consumption
Australia,AUS,Oceania,High Income,-25.27,133.77,2022,Food & Emissions,Meat Consumption per Capita,22.595,kg per capita,OECD Meat Consumption
Australia,AUS,Oceania,High Income,-25.27,133.77,2022,Food & Emissions,Meat Consumption per Capita,44.509,kg per capita,OECD Meat Consumption
Australia,AUS,Oceania,High Income,-25.27,133.77,2022,Food & Emissions,Meat Consumption per Capita,7.252,kg per capita,OECD Meat Consumption
Australia,AUS,Oceania,High Income,-25.27,133.77,2023,Food & Emissions,Meat Consumption per Capita,18.487,kg per capita,OECD Meat Consumption
Australia,AUS,Oceania,High Income,-25.27,133.77,2023,Food & Emissions,Meat Consumption per Capita,22.607,kg per capita,OECD Meat Consumption
Australia,AUS,Oceania,High Income,-25.27,133.77,2023,Food & Emissions,Meat Consumption per Capita,44.511,kg per capita,OECD Meat Consumption
Australia,AUS,Oceania,High Income,-25.27,133.77,2023,Food & Emissions,Meat Consumption per Capita,7.2,kg per capita,OECD Meat Consumption
Australia,AUS,Oceania,High Income,-25.27,133.77,2024,Food & Emissions,Meat Consumption per Capita,18.316,kg per capita,OECD Meat Consumption
Australia,AUS,Oceania,High Income,-25.27,133.77,2024,Food & Emissions,Meat Consumption per Capita,22.672,kg per capita,OECD Meat Consumption
Australia,AUS,Oceania,High Income,-25.27,133.77,2024,Food & Emissions,Meat Consumption per Capita,44.575,kg per capita,OECD Meat Consumption
Australia,AUS,Oceania,High Income,-25.27,133.77,2024,Food & Emissions,Meat Consumption per Capita,7.151,kg per capita,OECD Meat Consumption
Australia,AUS,Oceania,High Income,-25.27,133.77,2025,Food & Emissions,Meat Consumption per Capita,18.142,kg per capita,OECD Meat Consumption
Australia,AUS,Oceania,High Income,-25.27,133.77,2025,Food & Emissions,Meat Consumption per Capita,22.754,kg per capita,OECD Meat Consumption
Australia,AUS,Oceania,High Income,-25.27,133.77,2025,Food & Emissions,Meat Consumption per Capita,44.626,kg per capita,OECD Meat Consumption
Australia,AUS,Oceania,High Income,-25.27,133.77,2025,Food & Emissions,Meat Consumption per Capita,7.145,kg per capita,OECD Meat Consumption
Australia,AUS,Oceania,High Income,-25.27,133.77,2026,Food & Emissions,Meat Consumption per Capita,17.98,kg per capita,OECD Meat Consumption
Australia,AUS,Oceania,High Income,-25.27,133.77,2026,Food & Emissions,Meat Consumption per Capita,22.859,kg per capita,OECD Meat Consumption
Australia,AUS,Oceania,High Income,-25.27,133.77,2026,Food & Emissions,Meat Consumption per Capita,44.657,kg per capita,OECD Meat Consumption
Australia,AUS,Oceania,High Income,-25.27,133.77,2026,Food & Emissions,Meat Consumption per Capita,7.132,kg per capita,OECD Meat Consumption
Australia,AUS,Oceania,High Income,-25.27,133.77,2027,Food & Emissions,Meat Consumption per Capita,17.845,kg per capita,OECD Meat Consumption
Australia,AUS,Oceania,High Income,-25.27,133.77,2027,Food & Emissions,Meat Consumption per Capita,22.932,kg per capita,OECD Meat Consumption
Australia,AUS,Oceania,High Income,-25.27,133.77,2027,Food & Emissions,Meat Consumption per Capita,44.709,kg per capita,OECD Meat Consumption
Australia,AUS,Oceania,High Income,-25.27,133.77,2027,Food & Emissions,Meat Consumption per Capita,7.124,kg per capita,OECD Meat Consumption
Australia,AUS,Oceania,High Income,-25.27,133.77,2028,Food & Emissions,Meat Consumption per Capita,17.488,kg per capita,OECD Meat Consumption
Australia,AUS,Oceania,High Income,-25.27,133.77,2028,Food & Emissions,Meat Consumption per Capita,23.035,kg per capita,OECD Meat Consumption
Australia,AUS,Oceania,High Income,-25.27,133.77,2028,Food & Emissions,Meat Consumption per Capita,44.781,kg per capita,OECD Meat Consumption
Australia,AUS,Oceania,High Income,-25.27,133.77,2028,Food & Emissions,Meat Consumption per Capita,7.147,kg per capita,OECD Meat Consumption
Brazil,BRA,South America,Upper Middle Income,-14.24,-51.93,1990,Food & Emissions,Meat Consumption per Capita,20.819,kg per capita,OECD Meat Consumption
Brazil,BRA,South America,Upper Middle Income,-14.24,-51.93,1990,Food & Emissions,Meat Consumption per Capita,5.549,kg per capita,OECD Meat Consumption
Brazil,BRA,South America,Upper Middle Income,-14.24,-51.93,1990,Food & Emissions,Meat Consumption per Capita,12.484,kg per capita,OECD Meat Consumption
Brazil,BRA,South America,Upper Middle Income,-14.24,-51.93,1990,Food & Emissions,Meat Consumption per Capita,0.674,kg per capita,OECD Meat Consumption
Brazil,BRA,South America,Upper Middle Income,-14.24,-51.93,1991,Food & Emissions,Meat Consumption per Capita,20.635,kg per capita,OECD Meat Consumption
Brazil,BRA,South America,Upper Middle Income,-14.24,-51.93,1991,Food & Emissions,Meat Consumption per Capita,5.705,kg per capita,OECD Meat Consumption
Brazil,BRA,South America,Upper Middle Income,-14.24,-51.93,1991,Food & Emissions,Meat Consumption per Capita,13.785,kg per capita,OECD Meat Consumption
Brazil,BRA,South America,Upper Middle Income,-14.24,-51.93,1991,Food & Emissions,Meat Consumption per Capita,0.671,kg per capita,OECD Meat Consumption
Brazil,BRA,South America,Upper Middle Income,-14.24,-51.93,1992,Food & Emissions,Meat Consumption per Capita,20.502,kg per capita,OECD Meat Consumption
Brazil,BRA,South America,Upper Middle Income,-14.24,-51.93,1992,Food & Emissions,Meat Consumption per Capita,5.797,kg per capita,OECD Meat Consumption
Brazil,BRA,South America,Upper Middle Income,-14.24,-51.93,1992,Food & Emissions,Meat Consumption per Capita,14.648,kg per capita,OECD Meat Consumption
Brazil,BRA,South America,Upper Middle Income,-14.24,-51.93,1992,Food & Emissions,Meat Consumption per Capita,0.666,kg per capita,OECD Meat Consumption
Brazil,BRA,South America,Upper Middle Income,-14.24,-51.93,1993,Food & Emissions,Meat Consumption per Capita,20.776,kg per capita,OECD Meat Consumption
Brazil,BRA,South America,Upper Middle Income,-14.24,-51.93,1993,Food & Emissions,Meat Consumption per Capita,5.993,kg per capita,OECD Meat Consumption
Brazil,BRA,South America,Upper Middle Income,-14.24,-51.93,1993,Food & Emissions,Meat Consumption per Capita,15.171,kg per capita,OECD Meat Consumption
Brazil,BRA,South America,Upper Middle Income,-14.24,-51.93,1993,Food & Emissions,Meat Consumption per Capita,0.688,kg per capita,OECD Meat Consumption
Brazil,BRA,South America,Upper Middle Income,-14.24,-51.93,1994,Food & Emissions,Meat Consumption per Capita,23.219,kg per capita,OECD Meat Consumption
Brazil,BRA,South America,Upper Middle Income,-14.24,-51.93,1994,Food & Emissions,Meat Consumption per Capita,6.193,kg per capita,OECD Meat Consumption
Brazil,BRA,South America,Upper Middle Income,-14.24,-51.93,1994,Food & Emissions,Meat Consumption per Capita,16.573,kg per capita,OECD Meat Consumption
Brazil,BRA,South America,Upper Middle Income,-14.24,-51.93,1994,Food & Emissions,Meat Consumption per Capita,0.663,kg per capita,OECD Meat Consumption
Brazil,BRA,South America,Upper Middle Income,-14.24,-51.93,1995,Food & Emissions,Meat Consumption per Capita,25.862,kg per capita,OECD Meat Consumption
Brazil,BRA,South America,Upper Middle Income,-14.24,-51.93,1995,Food & Emissions,Meat Consumption per Capita,6.748,kg per capita,OECD Meat Consumption
Brazil,BRA,South America,Upper Middle Income,-14.24,-51.93,1995,Food & Emissions,Meat Consumption per Capita,20.126,kg per capita,OECD Meat Consumption
Brazil,BRA,South America,Upper Middle Income,-14.24,-51.93,1995,Food & Emissions,Meat Consumption per Capita,0.7,kg per capita,OECD Meat Consumption
Brazil,BRA,South America,Upper Middle Income,-14.24,-51.93,1996,Food & Emissions,Meat Consumption per Capita,26.42,kg per capita,OECD Meat Consumption
Brazil,BRA,South America,Upper Middle Income,-14.24,-51.93,1996,Food & Emissions,Meat Consumption per Capita,7.309,kg per capita,OECD Meat Consumption
Brazil,BRA,South America,Upper Middle Income,-14.24,-51.93,1996,Food & Emissions,Meat Consumption per Capita,19.094,kg per capita,OECD Meat Consumption
Brazil,BRA,South America,Upper Middle Income,-14.24,-51.93,1996,Food & Emissions,Meat Consumption per Capita,0.552,kg per capita,OECD Meat Consumption
Brazil,BRA,South America,Upper Middle Income,-14.24,-51.93,1997,Food & Emissions,Meat Consumption per Capita,24.663,kg per capita,OECD Meat Consumption
Brazil,BRA,South America,Upper Middle Income,-14.24,-51.93,1997,Food & Emissions,Meat Consumption per Capita,6.797,kg per capita,OECD Meat Consumption
Brazil,BRA,South America,Upper Middle Income,-14.24,-51.93,1997,Food & Emissions,Meat Consumption per Capita,20.574,kg per capita,OECD Meat Consumption
Brazil,BRA,South America,Upper Middle Income,-14.24,-51.93,1997,Food & Emissions,Meat Consumption per Capita,0.561,kg per capita,OECD Meat Consumption
Brazil,BRA,South America,Upper Middle Income,-14.24,-51.93,1998,Food & Emissions,Meat Consumption per Capita,23.404,kg per capita,OECD Meat Consumption
Brazil,BRA,South America,Upper Middle Income,-14.24,-51.93,1998,Food & Emissions,Meat Consumption per Capita,7.21,kg per capita,OECD Meat Consumption
Brazil,BRA,South America,Upper Middle Income,-14.24,-51.93,1998,Food & Emissions,Meat Consumption per Capita,22.434,kg per capita,OECD Meat Consumption
Brazil,BRA,South America,Upper Middle Income,-14.24,-51.93,1998,Food & Emissions,Meat Consumption per Capita,0.562,kg per capita,OECD Meat Consumption
Brazil,BRA,South America,Upper Middle Income,-14.24,-51.93,1999,Food & Emissions,Meat Consumption per Capita,24.89,kg per capita,OECD Meat Consumption
Brazil,BRA,South America,Upper Middle Income,-14.24,-51.93,1999,Food & Emissions,Meat Consumption per Capita,7.227,kg per capita,OECD Meat Consumption
Brazil,BRA,South America,Upper Middle Income,-14.24,-51.93,1999,Food & Emissions,Meat Consumption per Capita,24.759,kg per capita,OECD Meat Consumption
Brazil,BRA,South America,Upper Middle Income,-14.24,-51.93,1999,Food & Emissions,Meat Consumption per Capita,0.582,kg per capita,OECD Meat Consumption
Brazil,BRA,South America,Upper Middle Income,-14.24,-51.93,2000,Food & Emissions,Meat Consumption per Capita,25.165,kg per capita,OECD Meat Consumption
Brazil,BRA,South America,Upper Middle Income,-14.24,-51.93,2000,Food & Emissions,Meat Consumption per Capita,10.729,kg per capita,OECD Meat Consumption
Brazil,BRA,South America,Upper Middle Income,-14.24,-51.93,2000,Food & Emissions,Meat Consumption per Capita,25.985,kg per capita,OECD Meat Consumption
Brazil,BRA,South America,Upper Middle Income,-14.24,-51.93,2000,Food & Emissions,Meat Consumption per Capita,0.549,kg per capita,OECD Meat Consumption
Brazil,BRA,South America,Upper Middle Income,-14.24,-51.93,2001,Food & Emissions,Meat Consumption per Capita,24.915,kg per capita,OECD Meat Consumption
Brazil,BRA,South America,Upper Middle Income,-14.24,-51.93,2001,Food & Emissions,Meat Consumption per Capita,10.962,kg per capita,OECD Meat Consumption
Brazil,BRA,South America,Upper Middle Income,-14.24,-51.93,2001,Food & Emissions,Meat Consumption per Capita,25.047,kg per capita,OECD Meat Consumption
Brazil,BRA,South America,Upper Middle Income,-14.24,-51.93,2001,Food & Emissions,Meat Consumption per Capita,0.519,kg per capita,OECD Meat Consumption
Brazil,BRA,South America,Upper Middle Income,-14.24,-51.93,2002,Food & Emissions,Meat Consumption per Capita,25.611,kg per capita,OECD Meat Consumption
Brazil,BRA,South America,Upper Middle Income,-14.24,-51.93,2002,Food & Emissions,Meat Consumption per Capita,10.474,kg per capita,OECD Meat Consumption
Brazil,BRA,South America,Upper Middle Income,-14.24,-51.93,2002,Food & Emissions,Meat Consumption per Capita,27.039,kg per capita,OECD Meat Consumption
Brazil,BRA,South America,Upper Middle Income,-14.24,-51.93,2002,Food & Emissions,Meat Consumption per Capita,0.496,kg per capita,OECD Meat Consumption
Brazil,BRA,South America,Upper Middle Income,-14.24,-51.93,2003,Food & Emissions,Meat Consumption per Capita,29.586,kg per capita,OECD Meat Consumption
Brazil,BRA,South America,Upper Middle Income,-14.24,-51.93,2003,Food & Emissions,Meat Consumption per Capita,9.549,kg per capita,OECD Meat Consumption
Brazil,BRA,South America,Upper Middle Income,-14.24,-51.93,2003,Food & Emissions,Meat Consumption per Capita,28.491,kg per capita,OECD Meat Consumption
Brazil,BRA,South America,Upper Middle Income,-14.24,-51.93,2003,Food & Emissions,Meat Consumption per Capita,0.485,kg per capita,OECD Meat Consumption
Brazil,BRA,South America,Upper Middle Income,-14.24,-51.93,2004,Food & Emissions,Meat Consumption per Capita,27.568,kg per capita,OECD Meat Consumption
Brazil,BRA,South America,Upper Middle Income,-14.24,-51.93,2004,Food & Emissions,Meat Consumption per Capita,9.048,kg per capita,OECD Meat Consumption
Brazil,BRA,South America,Upper Middle Income,-14.24,-51.93,2004,Food & Emissions,Meat Consumption per Capita,30.032,kg per capita,OECD Meat Consumption
Brazil,BRA,South America,Upper Middle Income,-14.24,-51.93,2004,Food & Emissions,Meat Consumption per Capita,0.516,kg per capita,OECD Meat Consumption
Brazil,BRA,South America,Upper Middle Income,-14.24,-51.93,2005,Food & Emissions,Meat Consumption per Capita,29.597,kg per capita,OECD Meat Consumption
Brazil,BRA,South America,Upper Middle Income,-14.24,-51.93,2005,Food & Emissions,Meat Consumption per Capita,8.861,kg per capita,OECD Meat Consumption
Brazil,BRA,South America,Upper Middle Income,-14.24,-51.93,2005,Food & Emissions,Meat Consumption per Capita,24.326,kg per capita,OECD Meat Consumption
Brazil,BRA,South America,Upper Middle Income,-14.24,-51.93,2005,Food & Emissions,Meat Consumption per Capita,0.518,kg per capita,OECD Meat Consumption
Brazil,BRA,South America,Upper Middle Income,-14.24,-51.93,2006,Food & Emissions,Meat Consumption per Capita,31.938,kg per capita,OECD Meat Consumption
Brazil,BRA,South America,Upper Middle Income,-14.24,-51.93,2006,Food & Emissions,Meat Consumption per Capita,10.121,kg per capita,OECD Meat Consumption
Brazil,BRA,South America,Upper Middle Income,-14.24,-51.93,2006,Food & Emissions,Meat Consumption per Capita,26.144,kg per capita,OECD Meat Consumption
Brazil,BRA,South America,Upper Middle Income,-14.24,-51.93,2006,Food & Emissions,Meat Consumption per Capita,0.528,kg per capita,OECD Meat Consumption
Brazil,BRA,South America,Upper Middle Income,-14.24,-51.93,2007,Food & Emissions,Meat Consumption per Capita,30.614,kg per capita,OECD Meat Consumption
Brazil,BRA,South America,Upper Middle Income,-14.24,-51.93,2007,Food & Emissions,Meat Consumption per Capita,9.95,kg per capita,OECD Meat Consumption
Brazil,BRA,South America,Upper Middle Income,-14.24,-51.93,2007,Food & Emissions,Meat Consumption per Capita,27.454,kg per capita,OECD Meat Consumption
Brazil,BRA,South America,Upper Middle Income,-14.24,-51.93,2007,Food & Emissions,Meat Consumption per Capita,0.528,kg per capita,OECD Meat Consumption
Brazil,BRA,South America,Upper Middle Income,-14.24,-51.93,2008,Food & Emissions,Meat Consumption per Capita,26.855,kg per capita,OECD Meat Consumption
Brazil,BRA,South America,Upper Middle Income,-14.24,-51.93,2008,Food & Emissions,Meat Consumption per Capita,10.297,kg per capita,OECD Meat Consumption
Brazil,BRA,South America,Upper Middle Income,-14.24,-51.93,2008,Food & Emissions,Meat Consumption per Capita,31.359,kg per capita,OECD Meat Consumption
Brazil,BRA,South America,Upper Middle Income,-14.24,-51.93,2008,Food & Emissions,Meat Consumption per Capita,0.53,kg per capita,OECD Meat Consumption
Brazil,BRA,South America,Upper Middle Income,-14.24,-51.93,2009,Food & Emissions,Meat Consumption per Capita,25.54,kg per capita,OECD Meat Consumption
Brazil,BRA,South America,Upper Middle Income,-14.24,-51.93,2009,Food & Emissions,Meat Consumption per Capita,10.598,kg per capita,OECD Meat Consumption
Brazil,BRA,South America,Upper Middle Income,-14.24,-51.93,2009,Food & Emissions,Meat Consumption per Capita,30.04,kg per capita,OECD Meat Consumption
Brazil,BRA,South America,Upper Middle Income,-14.24,-51.93,2009,Food & Emissions,Meat Consumption per Capita,0.521,kg per capita,OECD Meat Consumption
Brazil,BRA,South America,Upper Middle Income,-14.24,-51.93,2010,Food & Emissions,Meat Consumption per Capita,26.18,kg per capita,OECD Meat Consumption
Brazil,BRA,South America,Upper Middle Income,-14.24,-51.93,2010,Food & Emissions,Meat Consumption per Capita,10.95,kg per capita,OECD Meat Consumption
Brazil,BRA,South America,Upper Middle Income,-14.24,-51.93,2010,Food & Emissions,Meat Consumption per Capita,38.8,kg per capita,OECD Meat Consumption
Brazil,BRA,South America,Upper Middle Income,-14.24,-51.93,2010,Food & Emissions,Meat Consumption per Capita,0.526,kg per capita,OECD Meat Consumption
Brazil,BRA,South America,Upper Middle Income,-14.24,-51.93,2011,Food & Emissions,Meat Consumption per Capita,25.751,kg per capita,OECD Meat Consumption
Brazil,BRA,South America,Upper Middle Income,-14.24,-51.93,2011,Food & Emissions,Meat Consumption per Capita,11.581,kg per capita,OECD Meat Consumption
Brazil,BRA,South America,Upper Middle Income,-14.24,-51.93,2011,Food & Emissions,Meat Consumption per Capita,40.262,kg per capita,OECD Meat Consumption
Brazil,BRA,South America,Upper Middle Income,-14.24,-51.93,2011,Food & Emissions,Meat Consumption per Capita,0.524,kg per capita,OECD Meat Consumption
Brazil,BRA,South America,Upper Middle Income,-14.24,-51.93,2012,Food & Emissions,Meat Consumption per Capita,25.995,kg per capita,OECD Meat Consumption
Brazil,BRA,South America,Upper Middle Income,-14.24,-51.93,2012,Food & Emissions,Meat Consumption per Capita,11.595,kg per capita,OECD Meat Consumption
Brazil,BRA,South America,Upper Middle Income,-14.24,-51.93,2012,Food & Emissions,Meat Consumption per Capita,39.582,kg per capita,OECD Meat Consumption
Brazil,BRA,South America,Upper Middle Income,-14.24,-51.93,2012,Food & Emissions,Meat Consumption per Capita,0.53,kg per capita,OECD Meat Consumption
Brazil,BRA,South America,Upper Middle Income,-14.24,-51.93,2013,Food & Emissions,Meat Consumption per Capita,27.577,kg per capita,OECD Meat Consumption
Brazil,BRA,South America,Upper Middle Income,-14.24,-51.93,2013,Food & Emissions,Meat Consumption per Capita,11.452,kg per capita,OECD Meat Consumption
Brazil,BRA,South America,Upper Middle Income,-14.24,-51.93,2013,Food & Emissions,Meat Consumption per Capita,39.044,kg per capita,OECD Meat Consumption
Brazil,BRA,South America,Upper Middle Income,-14.24,-51.93,2013,Food & Emissions,Meat Consumption per Capita,0.542,kg per capita,OECD Meat Consumption
Brazil,BRA,South America,Upper Middle Income,-14.24,-51.93,2014,Food & Emissions,Meat Consumption per Capita,25.856,kg per capita,OECD Meat Consumption
Brazil,BRA,South America,Upper Middle Income,-14.24,-51.93,2014,Food & Emissions,Meat Consumption per Capita,12.224,kg per capita,OECD Meat Consumption
Brazil,BRA,South America,Upper Middle Income,-14.24,-51.93,2014,Food & Emissions,Meat Consumption per Capita,39.457,kg per capita,OECD Meat Consumption
Brazil,BRA,South America,Upper Middle Income,-14.24,-51.93,2014,Food & Emissions,Meat Consumption per Capita,0.543,kg per capita,OECD Meat Consumption
Brazil,BRA,South America,Upper Middle Income,-14.24,-51.93,2015,Food & Emissions,Meat Consumption per Capita,24.787,kg per capita,OECD Meat Consumption
Brazil,BRA,South America,Upper Middle Income,-14.24,-51.93,2015,Food & Emissions,Meat Consumption per Capita,12.099,kg per capita,OECD Meat Consumption
Brazil,BRA,South America,Upper Middle Income,-14.24,-51.93,2015,Food & Emissions,Meat Consumption per Capita,40.673,kg per capita,OECD Meat Consumption
Brazil,BRA,South America,Upper Middle Income,-14.24,-51.93,2015,Food & Emissions,Meat Consumption per Capita,0.552,kg per capita,OECD Meat Consumption
Brazil,BRA,South America,Upper Middle Income,-14.24,-51.93,2016,Food & Emissions,Meat Consumption per Capita,25.209,kg per capita,OECD Meat Consumption
Brazil,BRA,South America,Upper Middle Income,-14.24,-51.93,2016,Food & Emissions,Meat Consumption per Capita,11.618,kg per capita,OECD Meat Consumption
Brazil,BRA,South America,Upper Middle Income,-14.24,-51.93,2016,Food & Emissions,Meat Consumption per Capita,40.027,kg per capita,OECD Meat Consumption
Brazil,BRA,South America,Upper Middle Income,-14.24,-51.93,2016,Food & Emissions,Meat Consumption per Capita,0.547,kg per capita,OECD Meat Consumption
Brazil,BRA,South America,Upper Middle Income,-14.24,-51.93,2017,Food & Emissions,Meat Consumption per Capita,25.197,kg per capita,OECD Meat Consumption
Brazil,BRA,South America,Upper Middle Income,-14.24,-51.93,2017,Food & Emissions,Meat Consumption per Capita,12.065,kg per capita,OECD Meat Consumption
Brazil,BRA,South America,Upper Middle Income,-14.24,-51.93,2017,Food & Emissions,Meat Consumption per Capita,40.622,kg per capita,OECD Meat Consumption
Brazil,BRA,South America,Upper Middle Income,-14.24,-51.93,2017,Food & Emissions,Meat Consumption per Capita,0.551,kg per capita,OECD Meat Consumption
Brazil,BRA,South America,Upper Middle Income,-14.24,-51.93,2018,Food & Emissions,Meat Consumption per Capita,24.473,kg per capita,OECD Meat Consumption
Brazil,BRA,South America,Upper Middle Income,-14.24,-51.93,2018,Food & Emissions,Meat Consumption per Capita,12.335,kg per capita,OECD Meat Consumption
Brazil,BRA,South America,Upper Middle Income,-14.24,-51.93,2018,Food & Emissions,Meat Consumption per Capita,39.812,kg per capita,OECD Meat Consumption
Brazil,BRA,South America,Upper Middle Income,-14.24,-51.93,2018,Food & Emissions,Meat Consumption per Capita,0.558,kg per capita,OECD Meat Consumption
Brazil,BRA,South America,Upper Middle Income,-14.24,-51.93,2019,Food & Emissions,Meat Consumption per Capita,24.591,kg per capita,OECD Meat Consumption
Brazil,BRA,South America,Upper Middle Income,-14.24,-51.93,2019,Food & Emissions,Meat Consumption per Capita,12.271,kg per capita,OECD Meat Consumption
Brazil,BRA,South America,Upper Middle Income,-14.24,-51.93,2019,Food & Emissions,Meat Consumption per Capita,40.261,kg per capita,OECD Meat Consumption
Brazil,BRA,South America,Upper Middle Income,-14.24,-51.93,2019,Food & Emissions,Meat Consumption per Capita,0.55,kg per capita,OECD Meat Consumption
Brazil,BRA,South America,Upper Middle Income,-14.24,-51.93,2020,Food & Emissions,Meat Consumption per Capita,24.792,kg per capita,OECD Meat Consumption
Brazil,BRA,South America,Upper Middle Income,-14.24,-51.93,2020,Food & Emissions,Meat Consumption per Capita,12.328,kg per capita,OECD Meat Consumption
Brazil,BRA,South America,Upper Middle Income,-14.24,-51.93,2020,Food & Emissions,Meat Consumption per Capita,40.738,kg per capita,OECD Meat Consumption
Brazil,BRA,South America,Upper Middle Income,-14.24,-51.93,2020,Food & Emissions,Meat Consumption per Capita,0.548,kg per capita,OECD Meat Consumption
Brazil,BRA,South America,Upper Middle Income,-14.24,-51.93,2021,Food & Emissions,Meat Consumption per Capita,24.708,kg per capita,OECD Meat Consumption
Brazil,BRA,South America,Upper Middle Income,-14.24,-51.93,2021,Food & Emissions,Meat Consumption per Capita,12.515,kg per capita,OECD Meat Consumption
Brazil,BRA,South America,Upper Middle Income,-14.24,-51.93,2021,Food & Emissions,Meat Consumption per Capita,40.602,kg per capita,OECD Meat Consumption
Brazil,BRA,South America,Upper Middle Income,-14.24,-51.93,2021,Food & Emissions,Meat Consumption per Capita,0.547,kg per capita,OECD Meat Consumption
Brazil,BRA,South America,Upper Middle Income,-14.24,-51.93,2022,Food & Emissions,Meat Consumption per Capita,24.651,kg per capita,OECD Meat Consumption
Brazil,BRA,South America,Upper Middle Income,-14.24,-51.93,2022,Food & Emissions,Meat Consumption per Capita,12.718,kg per capita,OECD Meat Consumption
Brazil,BRA,South America,Upper Middle Income,-14.24,-51.93,2022,Food & Emissions,Meat Consumption per Capita,39.955,kg per capita,OECD Meat Consumption
Brazil,BRA,South America,Upper Middle Income,-14.24,-51.93,2022,Food & Emissions,Meat Consumption per Capita,0.546,kg per capita,OECD Meat Consumption
Brazil,BRA,South America,Upper Middle Income,-14.24,-51.93,2023,Food & Emissions,Meat Consumption per Capita,24.573,kg per capita,OECD Meat Consumption
Brazil,BRA,South America,Upper Middle Income,-14.24,-51.93,2023,Food & Emissions,Meat Consumption per Capita,12.802,kg per capita,OECD Meat Consumption
Brazil,BRA,South America,Upper Middle Income,-14.24,-51.93,2023,Food & Emissions,Meat Consumption per Capita,39.963,kg per capita,OECD Meat Consumption
Brazil,BRA,South America,Upper Middle Income,-14.24,-51.93,2023,Food & Emissions,Meat Consumption per Capita,0.545,kg per capita,OECD Meat Consumption
Brazil,BRA,South America,Upper Middle Income,-14.24,-51.93,2024,Food & Emissions,Meat Consumption per Capita,24.479,kg per capita,OECD Meat Consumption
Brazil,BRA,South America,Upper Middle Income,-14.24,-51.93,2024,Food & Emissions,Meat Consumption per Capita,12.847,kg per capita,OECD Meat Consumption
Brazil,BRA,South America,Upper Middle Income,-14.24,-51.93,2024,Food & Emissions,Meat Consumption per Capita,39.931,kg per capita,OECD Meat Consumption
Brazil,BRA,South America,Upper Middle Income,-14.24,-51.93,2024,Food & Emissions,Meat Consumption per Capita,0.544,kg per capita,OECD Meat Consumption
Brazil,BRA,South America,Upper Middle Income,-14.24,-51.93,2025,Food & Emissions,Meat Consumption per Capita,24.417,kg per capita,OECD Meat Consumption
Brazil,BRA,South America,Upper Middle Income,-14.24,-51.93,2025,Food & Emissions,Meat Consumption per Capita,12.908,kg per capita,OECD Meat Consumption
Brazil,BRA,South America,Upper Middle Income,-14.24,-51.93,2025,Food & Emissions,Meat Consumption per Capita,39.9,kg per capita,OECD Meat Consumption
Brazil,BRA,South America,Upper Middle Income,-14.24,-51.93,2025,Food & Emissions,Meat Consumption per Capita,0.544,kg per capita,OECD Meat Consumption
Brazil,BRA,South America,Upper Middle Income,-14.24,-51.93,2026,Food & Emissions,Meat Consumption per Capita,24.388,kg per capita,OECD Meat Consumption
Brazil,BRA,South America,Upper Middle Income,-14.24,-51.93,2026,Food & Emissions,Meat Consumption per Capita,12.971,kg per capita,OECD Meat Consumption
Brazil,BRA,South America,Upper Middle Income,-14.24,-51.93,2026,Food & Emissions,Meat Consumption per Capita,39.876,kg per capita,OECD Meat Consumption
Brazil,BRA,South America,Upper Middle Income,-14.24,-51.93,2026,Food & Emissions,Meat Consumption per Capita,0.543,kg per capita,OECD Meat Consumption
Brazil,BRA,South America,Upper Middle Income,-14.24,-51.93,2027,Food & Emissions,Meat Consumption per Capita,24.362,kg per capita,OECD Meat Consumption
Brazil,BRA,South America,Upper Middle Income,-14.24,-51.93,2027,Food & Emissions,Meat Consumption per Capita,13.002,kg per capita,OECD Meat Consumption
Brazil,BRA,South America,Upper Middle Income,-14.24,-51.93,2027,Food & Emissions,Meat Consumption per Capita,39.87,kg per capita,OECD Meat Consumption
Brazil,BRA,South America,Upper Middle Income,-14.24,-51.93,2027,Food & Emissions,Meat Consumption per Capita,0.543,kg per capita,OECD Meat Consumption
Brazil,BRA,South America,Upper Middle Income,-14.24,-51.93,2028,Food & Emissions,Meat Consumption per Capita,24.337,kg per capita,OECD Meat Consumption
Brazil,BRA,South America,Upper Middle Income,-14.24,-51.93,2028,Food & Emissions,Meat Consumption per Capita,13.027,kg per capita,OECD Meat Consumption
Brazil,BRA,South America,Upper Middle Income,-14.24,-51.93,2028,Food & Emissions,Meat Consumption per Capita,40.052,kg per capita,OECD Meat Consumption
Brazil,BRA,South America,Upper Middle Income,-14.24,-51.93,2028,Food & Emissions,Meat Consumption per Capita,0.542,kg per capita,OECD Meat Consumption
Canada,CAN,North America,High Income,56.13,-106.35,1990,Food & Emissions,Meat Consumption per Capita,24.865,kg per capita,OECD Meat Consumption
Canada,CAN,North America,High Income,56.13,-106.35,1990,Food & Emissions,Meat Consumption per Capita,20.484,kg per capita,OECD Meat Consumption
Canada,CAN,North America,High Income,56.13,-106.35,1990,Food & Emissions,Meat Consumption per Capita,24.286,kg per capita,OECD Meat Consumption
Canada,CAN,North America,High Income,56.13,-106.35,1990,Food & Emissions,Meat Consumption per Capita,0.73,kg per capita,OECD Meat Consumption
Canada,CAN,North America,High Income,56.13,-106.35,1991,Food & Emissions,Meat Consumption per Capita,24.32,kg per capita,OECD Meat Consumption
Canada,CAN,North America,High Income,56.13,-106.35,1991,Food & Emissions,Meat Consumption per Capita,20.254,kg per capita,OECD Meat Consumption
Canada,CAN,North America,High Income,56.13,-106.35,1991,Food & Emissions,Meat Consumption per Capita,24.259,kg per capita,OECD Meat Consumption
Canada,CAN,North America,High Income,56.13,-106.35,1991,Food & Emissions,Meat Consumption per Capita,0.763,kg per capita,OECD Meat Consumption
Canada,CAN,North America,High Income,56.13,-106.35,1992,Food & Emissions,Meat Consumption per Capita,23.696,kg per capita,OECD Meat Consumption
Canada,CAN,North America,High Income,56.13,-106.35,1992,Food & Emissions,Meat Consumption per Capita,22.216,kg per capita,OECD Meat Consumption
Canada,CAN,North America,High Income,56.13,-106.35,1992,Food & Emissions,Meat Consumption per Capita,24.286,kg per capita,OECD Meat Consumption
Canada,CAN,North America,High Income,56.13,-106.35,1992,Food & Emissions,Meat Consumption per Capita,0.74,kg per capita,OECD Meat Consumption
Canada,CAN,North America,High Income,56.13,-106.35,1993,Food & Emissions,Meat Consumption per Capita,22.675,kg per capita,OECD Meat Consumption
Canada,CAN,North America,High Income,56.13,-106.35,1993,Food & Emissions,Meat Consumption per Capita,21.625,kg per capita,OECD Meat Consumption
Canada,CAN,North America,High Income,56.13,-106.35,1993,Food & Emissions,Meat Consumption per Capita,24.895,kg per capita,OECD Meat Consumption
Canada,CAN,North America,High Income,56.13,-106.35,1993,Food & Emissions,Meat Consumption per Capita,0.752,kg per capita,OECD Meat Consumption
Canada,CAN,North America,High Income,56.13,-106.35,1994,Food & Emissions,Meat Consumption per Capita,23.094,kg per capita,OECD Meat Consumption
Canada,CAN,North America,High Income,56.13,-106.35,1994,Food & Emissions,Meat Consumption per Capita,22.24,kg per capita,OECD Meat Consumption
Canada,CAN,North America,High Income,56.13,-106.35,1994,Food & Emissions,Meat Consumption per Capita,26.493,kg per capita,OECD Meat Consumption
Canada,CAN,North America,High Income,56.13,-106.35,1994,Food & Emissions,Meat Consumption per Capita,0.722,kg per capita,OECD Meat Consumption
Canada,CAN,North America,High Income,56.13,-106.35,1995,Food & Emissions,Meat Consumption per Capita,23.177,kg per capita,OECD Meat Consumption
Canada,CAN,North America,High Income,56.13,-106.35,1995,Food & Emissions,Meat Consumption per Capita,21.77,kg per capita,OECD Meat Consumption
Canada,CAN,North America,High Income,56.13,-106.35,1995,Food & Emissions,Meat Consumption per Capita,26.175,kg per capita,OECD Meat Consumption
Canada,CAN,North America,High Income,56.13,-106.35,1995,Food & Emissions,Meat Consumption per Capita,0.713,kg per capita,OECD Meat Consumption
Canada,CAN,North America,High Income,56.13,-106.35,1996,Food & Emissions,Meat Consumption per Capita,22.92,kg per capita,OECD Meat Consumption
Canada,CAN,North America,High Income,56.13,-106.35,1996,Food & Emissions,Meat Consumption per Capita,20.364,kg per capita,OECD Meat Consumption
Canada,CAN,North America,High Income,56.13,-106.35,1996,Food & Emissions,Meat Consumption per Capita,25.983,kg per capita,OECD Meat Consumption
Canada,CAN,North America,High Income,56.13,-106.35,1996,Food & Emissions,Meat Consumption per Capita,0.663,kg per capita,OECD Meat Consumption
Canada,CAN,North America,High Income,56.13,-106.35,1997,Food & Emissions,Meat Consumption per Capita,22.982,kg per capita,OECD Meat Consumption
Canada,CAN,North America,High Income,56.13,-106.35,1997,Food & Emissions,Meat Consumption per Capita,19.927,kg per capita,OECD Meat Consumption
Canada,CAN,North America,High Income,56.13,-106.35,1997,Food & Emissions,Meat Consumption per Capita,26.472,kg per capita,OECD Meat Consumption
Canada,CAN,North America,High Income,56.13,-106.35,1997,Food & Emissions,Meat Consumption per Capita,0.651,kg per capita,OECD Meat Consumption
Canada,CAN,North America,High Income,56.13,-106.35,1998,Food & Emissions,Meat Consumption per Capita,23.258,kg per capita,OECD Meat Consumption
Canada,CAN,North America,High Income,56.13,-106.35,1998,Food & Emissions,Meat Consumption per Capita,22.478,kg per capita,OECD Meat Consumption
Canada,CAN,North America,High Income,56.13,-106.35,1998,Food & Emissions,Meat Consumption per Capita,27.066,kg per capita,OECD Meat Consumption
Canada,CAN,North America,High Income,56.13,-106.35,1998,Food & Emissions,Meat Consumption per Capita,0.729,kg per capita,OECD Meat Consumption
Canada,CAN,North America,High Income,56.13,-106.35,1999,Food & Emissions,Meat Consumption per Capita,23.682,kg per capita,OECD Meat Consumption
Canada,CAN,North America,High Income,56.13,-106.35,1999,Food & Emissions,Meat Consumption per Capita,23.552,kg per capita,OECD Meat Consumption
Canada,CAN,North America,High Income,56.13,-106.35,1999,Food & Emissions,Meat Consumption per Capita,28.254,kg per capita,OECD Meat Consumption
Canada,CAN,North America,High Income,56.13,-106.35,1999,Food & Emissions,Meat Consumption per Capita,0.753,kg per capita,OECD Meat Consumption
Canada,CAN,North America,High Income,56.13,-106.35,2000,Food & Emissions,Meat Consumption per Capita,23.298,kg per capita,OECD Meat Consumption
Canada,CAN,North America,High Income,56.13,-106.35,2000,Food & Emissions,Meat Consumption per Capita,22.469,kg per capita,OECD Meat Consumption
Canada,CAN,North America,High Income,56.13,-106.35,2000,Food & Emissions,Meat Consumption per Capita,29.564,kg per capita,OECD Meat Consumption
Canada,CAN,North America,High Income,56.13,-106.35,2000,Food & Emissions,Meat Consumption per Capita,0.829,kg per capita,OECD Meat Consumption
Canada,CAN,North America,High Income,56.13,-106.35,2001,Food & Emissions,Meat Consumption per Capita,22.395,kg per capita,OECD Meat Consumption
Canada,CAN,North America,High Income,56.13,-106.35,2001,Food & Emissions,Meat Consumption per Capita,22.699,kg per capita,OECD Meat Consumption
Canada,CAN,North America,High Income,56.13,-106.35,2001,Food & Emissions,Meat Consumption per Capita,30.748,kg per capita,OECD Meat Consumption
Canada,CAN,North America,High Income,56.13,-106.35,2001,Food & Emissions,Meat Consumption per Capita,0.91,kg per capita,OECD Meat Consumption
Canada,CAN,North America,High Income,56.13,-106.35,2002,Food & Emissions,Meat Consumption per Capita,22.313,kg per capita,OECD Meat Consumption
Canada,CAN,North America,High Income,56.13,-106.35,2002,Food & Emissions,Meat Consumption per Capita,21.852,kg per capita,OECD Meat Consumption
Canada,CAN,North America,High Income,56.13,-106.35,2002,Food & Emissions,Meat Consumption per Capita,31.07,kg per capita,OECD Meat Consumption
Canada,CAN,North America,High Income,56.13,-106.35,2002,Food & Emissions,Meat Consumption per Capita,0.909,kg per capita,OECD Meat Consumption
Canada,CAN,North America,High Income,56.13,-106.35,2003,Food & Emissions,Meat Consumption per Capita,23.551,kg per capita,OECD Meat Consumption
Canada,CAN,North America,High Income,56.13,-106.35,2003,Food & Emissions,Meat Consumption per Capita,19.724,kg per capita,OECD Meat Consumption
Canada,CAN,North America,High Income,56.13,-106.35,2003,Food & Emissions,Meat Consumption per Capita,31.198,kg per capita,OECD Meat Consumption
Canada,CAN,North America,High Income,56.13,-106.35,2003,Food & Emissions,Meat Consumption per Capita,0.952,kg per capita,OECD Meat Consumption
Canada,CAN,North America,High Income,56.13,-106.35,2004,Food & Emissions,Meat Consumption per Capita,22.616,kg per capita,OECD Meat Consumption
Canada,CAN,North America,High Income,56.13,-106.35,2004,Food & Emissions,Meat Consumption per Capita,20.917,kg per capita,OECD Meat Consumption
Canada,CAN,North America,High Income,56.13,-106.35,2004,Food & Emissions,Meat Consumption per Capita,31.424,kg per capita,OECD Meat Consumption
Canada,CAN,North America,High Income,56.13,-106.35,2004,Food & Emissions,Meat Consumption per Capita,0.973,kg per capita,OECD Meat Consumption
Canada,CAN,North America,High Income,56.13,-106.35,2005,Food & Emissions,Meat Consumption per Capita,21.91,kg per capita,OECD Meat Consumption
Canada,CAN,North America,High Income,56.13,-106.35,2005,Food & Emissions,Meat Consumption per Capita,18.078,kg per capita,OECD Meat Consumption
Canada,CAN,North America,High Income,56.13,-106.35,2005,Food & Emissions,Meat Consumption per Capita,31.567,kg per capita,OECD Meat Consumption
Canada,CAN,North America,High Income,56.13,-106.35,2005,Food & Emissions,Meat Consumption per Capita,0.982,kg per capita,OECD Meat Consumption
Canada,CAN,North America,High Income,56.13,-106.35,2006,Food & Emissions,Meat Consumption per Capita,21.639,kg per capita,OECD Meat Consumption
Canada,CAN,North America,High Income,56.13,-106.35,2006,Food & Emissions,Meat Consumption per Capita,18.38,kg per capita,OECD Meat Consumption
Canada,CAN,North America,High Income,56.13,-106.35,2006,Food & Emissions,Meat Consumption per Capita,31.822,kg per capita,OECD Meat Consumption
Canada,CAN,North America,High Income,56.13,-106.35,2006,Food & Emissions,Meat Consumption per Capita,1.065,kg per capita,OECD Meat Consumption
Canada,CAN,North America,High Income,56.13,-106.35,2007,Food & Emissions,Meat Consumption per Capita,22.086,kg per capita,OECD Meat Consumption
Canada,CAN,North America,High Income,56.13,-106.35,2007,Food & Emissions,Meat Consumption per Capita,19.641,kg per capita,OECD Meat Consumption
Canada,CAN,North America,High Income,56.13,-106.35,2007,Food & Emissions,Meat Consumption per Capita,31.924,kg per capita,OECD Meat Consumption
Canada,CAN,North America,High Income,56.13,-106.35,2007,Food & Emissions,Meat Consumption per Capita,1.07,kg per capita,OECD Meat Consumption
Canada,CAN,North America,High Income,56.13,-106.35,2008,Food & Emissions,Meat Consumption per Capita,21.43,kg per capita,OECD Meat Consumption
Canada,CAN,North America,High Income,56.13,-106.35,2008,Food & Emissions,Meat Consumption per Capita,18.663,kg per capita,OECD Meat Consumption
Canada,CAN,North America,High Income,56.13,-106.35,2008,Food & Emissions,Meat Consumption per Capita,32.018,kg per capita,OECD Meat Consumption
Canada,CAN,North America,High Income,56.13,-106.35,2008,Food & Emissions,Meat Consumption per Capita,1.023,kg per capita,OECD Meat Consumption
Canada,CAN,North America,High Income,56.13,-106.35,2009,Food & Emissions,Meat Consumption per Capita,20.407,kg per capita,OECD Meat Consumption
Canada,CAN,North America,High Income,56.13,-106.35,2009,Food & Emissions,Meat Consumption per Capita,18.458,kg per capita,OECD Meat Consumption
Canada,CAN,North America,High Income,56.13,-106.35,2009,Food & Emissions,Meat Consumption per Capita,31.638,kg per capita,OECD Meat Consumption
Canada,CAN,North America,High Income,56.13,-106.35,2009,Food & Emissions,Meat Consumption per Capita,1.012,kg per capita,OECD Meat Consumption
Canada,CAN,North America,High Income,56.13,-106.35,2010,Food & Emissions,Meat Consumption per Capita,20.293,kg per capita,OECD Meat Consumption
Canada,CAN,North America,High Income,56.13,-106.35,2010,Food & Emissions,Meat Consumption per Capita,17.27,kg per capita,OECD Meat Consumption
Canada,CAN,North America,High Income,56.13,-106.35,2010,Food & Emissions,Meat Consumption per Capita,31.322,kg per capita,OECD Meat Consumption
Canada,CAN,North America,High Income,56.13,-106.35,2010,Food & Emissions,Meat Consumption per Capita,0.952,kg per capita,OECD Meat Consumption
Canada,CAN,North America,High Income,56.13,-106.35,2011,Food & Emissions,Meat Consumption per Capita,19.804,kg per capita,OECD Meat Consumption
Canada,CAN,North America,High Income,56.13,-106.35,2011,Food & Emissions,Meat Consumption per Capita,16.741,kg per capita,OECD Meat Consumption
Canada,CAN,North America,High Income,56.13,-106.35,2011,Food & Emissions,Meat Consumption per Capita,30.328,kg per capita,OECD Meat Consumption
Canada,CAN,North America,High Income,56.13,-106.35,2011,Food & Emissions,Meat Consumption per Capita,0.931,kg per capita,OECD Meat Consumption
Canada,CAN,North America,High Income,56.13,-106.35,2012,Food & Emissions,Meat Consumption per Capita,20.025,kg per capita,OECD Meat Consumption
Canada,CAN,North America,High Income,56.13,-106.35,2012,Food & Emissions,Meat Consumption per Capita,17.445,kg per capita,OECD Meat Consumption
Canada,CAN,North America,High Income,56.13,-106.35,2012,Food & Emissions,Meat Consumption per Capita,30.083,kg per capita,OECD Meat Consumption
Canada,CAN,North America,High Income,56.13,-106.35,2012,Food & Emissions,Meat Consumption per Capita,0.847,kg per capita,OECD Meat Consumption
Canada,CAN,North America,High Income,56.13,-106.35,2013,Food & Emissions,Meat Consumption per Capita,19.836,kg per capita,OECD Meat Consumption
Canada,CAN,North America,High Income,56.13,-106.35,2013,Food & Emissions,Meat Consumption per Capita,16.345,kg per capita,OECD Meat Consumption
Canada,CAN,North America,High Income,56.13,-106.35,2013,Food & Emissions,Meat Consumption per Capita,30.388,kg per capita,OECD Meat Consumption
Canada,CAN,North America,High Income,56.13,-106.35,2013,Food & Emissions,Meat Consumption per Capita,0.878,kg per capita,OECD Meat Consumption
Canada,CAN,North America,High Income,56.13,-106.35,2014,Food & Emissions,Meat Consumption per Capita,19.209,kg per capita,OECD Meat Consumption
Canada,CAN,North America,High Income,56.13,-106.35,2014,Food & Emissions,Meat Consumption per Capita,16.12,kg per capita,OECD Meat Consumption
Canada,CAN,North America,High Income,56.13,-106.35,2014,Food & Emissions,Meat Consumption per Capita,31.215,kg per capita,OECD Meat Consumption
Canada,CAN,North America,High Income,56.13,-106.35,2014,Food & Emissions,Meat Consumption per Capita,0.922,kg per capita,OECD Meat Consumption
Canada,CAN,North America,High Income,56.13,-106.35,2015,Food & Emissions,Meat Consumption per Capita,17.671,kg per capita,OECD Meat Consumption
Canada,CAN,North America,High Income,56.13,-106.35,2015,Food & Emissions,Meat Consumption per Capita,18.032,kg per capita,OECD Meat Consumption
Canada,CAN,North America,High Income,56.13,-106.35,2015,Food & Emissions,Meat Consumption per Capita,32.627,kg per capita,OECD Meat Consumption
Canada,CAN,North America,High Income,56.13,-106.35,2015,Food & Emissions,Meat Consumption per Capita,0.916,kg per capita,OECD Meat Consumption
Canada,CAN,North America,High Income,56.13,-106.35,2016,Food & Emissions,Meat Consumption per Capita,18.053,kg per capita,OECD Meat Consumption
Canada,CAN,North America,High Income,56.13,-106.35,2016,Food & Emissions,Meat Consumption per Capita,16.248,kg per capita,OECD Meat Consumption
Canada,CAN,North America,High Income,56.13,-106.35,2016,Food & Emissions,Meat Consumption per Capita,33.273,kg per capita,OECD Meat Consumption
Canada,CAN,North America,High Income,56.13,-106.35,2016,Food & Emissions,Meat Consumption per Capita,0.93,kg per capita,OECD Meat Consumption
Canada,CAN,North America,High Income,56.13,-106.35,2017,Food & Emissions,Meat Consumption per Capita,18.073,kg per capita,OECD Meat Consumption
Canada,CAN,North America,High Income,56.13,-106.35,2017,Food & Emissions,Meat Consumption per Capita,16.006,kg per capita,OECD Meat Consumption
Canada,CAN,North America,High Income,56.13,-106.35,2017,Food & Emissions,Meat Consumption per Capita,33.554,kg per capita,OECD Meat Consumption
Canada,CAN,North America,High Income,56.13,-106.35,2017,Food & Emissions,Meat Consumption per Capita,0.969,kg per capita,OECD Meat Consumption
Canada,CAN,North America,High Income,56.13,-106.35,2018,Food & Emissions,Meat Consumption per Capita,17.966,kg per capita,OECD Meat Consumption
Canada,CAN,North America,High Income,56.13,-106.35,2018,Food & Emissions,Meat Consumption per Capita,16.045,kg per capita,OECD Meat Consumption
Canada,CAN,North America,High Income,56.13,-106.35,2018,Food & Emissions,Meat Consumption per Capita,33.789,kg per capita,OECD Meat Consumption
Canada,CAN,North America,High Income,56.13,-106.35,2018,Food & Emissions,Meat Consumption per Capita,0.951,kg per capita,OECD Meat Consumption
Canada,CAN,North America,High Income,56.13,-106.35,2019,Food & Emissions,Meat Consumption per Capita,17.645,kg per capita,OECD Meat Consumption
Canada,CAN,North America,High Income,56.13,-106.35,2019,Food & Emissions,Meat Consumption per Capita,15.741,kg per capita,OECD Meat Consumption
Canada,CAN,North America,High Income,56.13,-106.35,2019,Food & Emissions,Meat Consumption per Capita,33.871,kg per capita,OECD Meat Consumption
Canada,CAN,North America,High Income,56.13,-106.35,2019,Food & Emissions,Meat Consumption per Capita,0.89,kg per capita,OECD Meat Consumption
Canada,CAN,North America,High Income,56.13,-106.35,2020,Food & Emissions,Meat Consumption per Capita,17.37,kg per capita,OECD Meat Consumption
Canada,CAN,North America,High Income,56.13,-106.35,2020,Food & Emissions,Meat Consumption per Capita,15.876,kg per capita,OECD Meat Consumption
Canada,CAN,North America,High Income,56.13,-106.35,2020,Food & Emissions,Meat Consumption per Capita,33.717,kg per capita,OECD Meat Consumption
Canada,CAN,North America,High Income,56.13,-106.35,2020,Food & Emissions,Meat Consumption per Capita,0.929,kg per capita,OECD Meat Consumption
Canada,CAN,North America,High Income,56.13,-106.35,2021,Food & Emissions,Meat Consumption per Capita,17.259,kg per capita,OECD Meat Consumption
Canada,CAN,North America,High Income,56.13,-106.35,2021,Food & Emissions,Meat Consumption per Capita,15.791,kg per capita,OECD Meat Consumption
Canada,CAN,North America,High Income,56.13,-106.35,2021,Food & Emissions,Meat Consumption per Capita,34.018,kg per capita,OECD Meat Consumption
Canada,CAN,North America,High Income,56.13,-106.35,2021,Food & Emissions,Meat Consumption per Capita,0.922,kg per capita,OECD Meat Consumption
Canada,CAN,North America,High Income,56.13,-106.35,2022,Food & Emissions,Meat Consumption per Capita,17.028,kg per capita,OECD Meat Consumption
Canada,CAN,North America,High Income,56.13,-106.35,2022,Food & Emissions,Meat Consumption per Capita,15.698,kg per capita,OECD Meat Consumption
Canada,CAN,North America,High Income,56.13,-106.35,2022,Food & Emissions,Meat Consumption per Capita,34.002,kg per capita,OECD Meat Consumption
Canada,CAN,North America,High Income,56.13,-106.35,2022,Food & Emissions,Meat Consumption per Capita,0.925,kg per capita,OECD Meat Consumption
Canada,CAN,North America,High Income,56.13,-106.35,2023,Food & Emissions,Meat Consumption per Capita,16.921,kg per capita,OECD Meat Consumption
Canada,CAN,North America,High Income,56.13,-106.35,2023,Food & Emissions,Meat Consumption per Capita,15.69,kg per capita,OECD Meat Consumption
Canada,CAN,North America,High Income,56.13,-106.35,2023,Food & Emissions,Meat Consumption per Capita,34.314,kg per capita,OECD Meat Consumption
Canada,CAN,North America,High Income,56.13,-106.35,2023,Food & Emissions,Meat Consumption per Capita,0.922,kg per capita,OECD Meat Consumption
Canada,CAN,North America,High Income,56.13,-106.35,2024,Food & Emissions,Meat Consumption per Capita,16.884,kg per capita,OECD Meat Consumption
Canada,CAN,North America,High Income,56.13,-106.35,2024,Food & Emissions,Meat Consumption per Capita,15.661,kg per capita,OECD Meat Consumption
Canada,CAN,North America,High Income,56.13,-106.35,2024,Food & Emissions,Meat Consumption per Capita,34.428,kg per capita,OECD Meat Consumption
Canada,CAN,North America,High Income,56.13,-106.35,2024,Food & Emissions,Meat Consumption per Capita,0.917,kg per capita,OECD Meat Consumption
Canada,CAN,North America,High Income,56.13,-106.35,2025,Food & Emissions,Meat Consumption per Capita,16.807,kg per capita,OECD Meat Consumption
Canada,CAN,North America,High Income,56.13,-106.35,2025,Food & Emissions,Meat Consumption per Capita,15.614,kg per capita,OECD Meat Consumption
Canada,CAN,North America,High Income,56.13,-106.35,2025,Food & Emissions,Meat Consumption per Capita,34.539,kg per capita,OECD Meat Consumption
Canada,CAN,North America,High Income,56.13,-106.35,2025,Food & Emissions,Meat Consumption per Capita,0.915,kg per capita,OECD Meat Consumption
Canada,CAN,North America,High Income,56.13,-106.35,2026,Food & Emissions,Meat Consumption per Capita,16.741,kg per capita,OECD Meat Consumption
Canada,CAN,North America,High Income,56.13,-106.35,2026,Food & Emissions,Meat Consumption per Capita,15.58,kg per capita,OECD Meat Consumption
Canada,CAN,North America,High Income,56.13,-106.35,2026,Food & Emissions,Meat Consumption per Capita,34.524,kg per capita,OECD Meat Consumption
Canada,CAN,North America,High Income,56.13,-106.35,2026,Food & Emissions,Meat Consumption per Capita,0.912,kg per capita,OECD Meat Consumption
Canada,CAN,North America,High Income,56.13,-106.35,2027,Food & Emissions,Meat Consumption per Capita,16.672,kg per capita,OECD Meat Consumption
Canada,CAN,North America,High Income,56.13,-106.35,2027,Food & Emissions,Meat Consumption per Capita,15.559,kg per capita,OECD Meat Consumption
Canada,CAN,North America,High Income,56.13,-106.35,2027,Food & Emissions,Meat Consumption per Capita,34.655,kg per capita,OECD Meat Consumption
Canada,CAN,North America,High Income,56.13,-106.35,2027,Food & Emissions,Meat Consumption per Capita,0.911,kg per capita,OECD Meat Consumption
Canada,CAN,North America,High Income,56.13,-106.35,2028,Food & Emissions,Meat Consumption per Capita,16.673,kg per capita,OECD Meat Consumption
Canada,CAN,North America,High Income,56.13,-106.35,2028,Food & Emissions,Meat Consumption per Capita,15.471,kg per capita,OECD Meat Consumption
Canada,CAN,North America,High Income,56.13,-106.35,2028,Food & Emissions,Meat Consumption per Capita,34.752,kg per capita,OECD Meat Consumption
Canada,CAN,North America,High Income,56.13,-106.35,2028,Food & Emissions,Meat Consumption per Capita,0.908,kg per capita,OECD Meat Consumption
India,IND,Asia,Lower Middle Income,20.59,78.96,1990,Food & Emissions,Meat Consumption per Capita,1.65,kg per capita,OECD Meat Consumption
India,IND,Asia,Lower Middle Income,20.59,78.96,1990,Food & Emissions,Meat Consumption per Capita,0.37,kg per capita,OECD Meat Consumption
India,IND,Asia,Lower Middle Income,20.59,78.96,1990,Food & Emissions,Meat Consumption per Capita,0.396,kg per capita,OECD Meat Consumption
India,IND,Asia,Lower Middle Income,20.59,78.96,1990,Food & Emissions,Meat Consumption per Capita,0.61,kg per capita,OECD Meat Consumption
India,IND,Asia,Lower Middle Income,20.59,78.96,1991,Food & Emissions,Meat Consumption per Capita,1.623,kg per capita,OECD Meat Consumption
India,IND,Asia,Lower Middle Income,20.59,78.96,1991,Food & Emissions,Meat Consumption per Capita,0.375,kg per capita,OECD Meat Consumption
India,IND,Asia,Lower Middle Income,20.59,78.96,1991,Food & Emissions,Meat Consumption per Capita,0.518,kg per capita,OECD Meat Consumption
India,IND,Asia,Lower Middle Income,20.59,78.96,1991,Food & Emissions,Meat Consumption per Capita,0.606,kg per capita,OECD Meat Consumption
India,IND,Asia,Lower Middle Income,20.59,78.96,1992,Food & Emissions,Meat Consumption per Capita,1.616,kg per capita,OECD Meat Consumption
India,IND,Asia,Lower Middle Income,20.59,78.96,1992,Food & Emissions,Meat Consumption per Capita,0.383,kg per capita,OECD Meat Consumption
India,IND,Asia,Lower Middle Income,20.59,78.96,1992,Food & Emissions,Meat Consumption per Capita,0.525,kg per capita,OECD Meat Consumption
India,IND,Asia,Lower Middle Income,20.59,78.96,1992,Food & Emissions,Meat Consumption per Capita,0.601,kg per capita,OECD Meat Consumption
India,IND,Asia,Lower Middle Income,20.59,78.96,1993,Food & Emissions,Meat Consumption per Capita,1.576,kg per capita,OECD Meat Consumption
India,IND,Asia,Lower Middle Income,20.59,78.96,1993,Food & Emissions,Meat Consumption per Capita,0.378,kg per capita,OECD Meat Consumption
India,IND,Asia,Lower Middle Income,20.59,78.96,1993,Food & Emissions,Meat Consumption per Capita,0.579,kg per capita,OECD Meat Consumption
India,IND,Asia,Lower Middle Income,20.59,78.96,1993,Food & Emissions,Meat Consumption per Capita,0.594,kg per capita,OECD Meat Consumption
India,IND,Asia,Lower Middle Income,20.59,78.96,1994,Food & Emissions,Meat Consumption per Capita,1.542,kg per capita,OECD Meat Consumption
India,IND,Asia,Lower Middle Income,20.59,78.96,1994,Food & Emissions,Meat Consumption per Capita,0.373,kg per capita,OECD Meat Consumption
India,IND,Asia,Lower Middle Income,20.59,78.96,1994,Food & Emissions,Meat Consumption per Capita,0.584,kg per capita,OECD Meat Consumption
India,IND,Asia,Lower Middle Income,20.59,78.96,1994,Food & Emissions,Meat Consumption per Capita,0.585,kg per capita,OECD Meat Consumption
India,IND,Asia,Lower Middle Income,20.59,78.96,1995,Food & Emissions,Meat Consumption per Capita,1.488,kg per capita,OECD Meat Consumption
India,IND,Asia,Lower Middle Income,20.59,78.96,1995,Food & Emissions,Meat Consumption per Capita,0.369,kg per capita,OECD Meat Consumption
India,IND,Asia,Lower Middle Income,20.59,78.96,1995,Food & Emissions,Meat Consumption per Capita,0.588,kg per capita,OECD Meat Consumption
India,IND,Asia,Lower Middle Income,20.59,78.96,1995,Food & Emissions,Meat Consumption per Capita,0.6,kg per capita,OECD Meat Consumption
India,IND,Asia,Lower Middle Income,20.59,78.96,1996,Food & Emissions,Meat Consumption per Capita,1.468,kg per capita,OECD Meat Consumption
India,IND,Asia,Lower Middle Income,20.59,78.96,1996,Food & Emissions,Meat Consumption per Capita,0.445,kg per capita,OECD Meat Consumption
India,IND,Asia,Lower Middle Income,20.59,78.96,1996,Food & Emissions,Meat Consumption per Capita,0.593,kg per capita,OECD Meat Consumption
India,IND,Asia,Lower Middle Income,20.59,78.96,1996,Food & Emissions,Meat Consumption per Capita,0.596,kg per capita,OECD Meat Consumption
India,IND,Asia,Lower Middle Income,20.59,78.96,1997,Food & Emissions,Meat Consumption per Capita,1.435,kg per capita,OECD Meat Consumption
India,IND,Asia,Lower Middle Income,20.59,78.96,1997,Food & Emissions,Meat Consumption per Capita,0.363,kg per capita,OECD Meat Consumption
India,IND,Asia,Lower Middle Income,20.59,78.96,1997,Food & Emissions,Meat Consumption per Capita,0.586,kg per capita,OECD Meat Consumption
India,IND,Asia,Lower Middle Income,20.59,78.96,1997,Food & Emissions,Meat Consumption per Capita,0.594,kg per capita,OECD Meat Consumption
India,IND,Asia,Lower Middle Income,20.59,78.96,1998,Food & Emissions,Meat Consumption per Capita,1.427,kg per capita,OECD Meat Consumption
India,IND,Asia,Lower Middle Income,20.59,78.96,1998,Food & Emissions,Meat Consumption per Capita,0.356,kg per capita,OECD Meat Consumption
India,IND,Asia,Lower Middle Income,20.59,78.96,1998,Food & Emissions,Meat Consumption per Capita,0.639,kg per capita,OECD Meat Consumption
India,IND,Asia,Lower Middle Income,20.59,78.96,1998,Food & Emissions,Meat Consumption per Capita,0.588,kg per capita,OECD Meat Consumption
India,IND,Asia,Lower Middle Income,20.59,78.96,1999,Food & Emissions,Meat Consumption per Capita,1.396,kg per capita,OECD Meat Consumption
India,IND,Asia,Lower Middle Income,20.59,78.96,1999,Food & Emissions,Meat Consumption per Capita,0.35,kg per capita,OECD Meat Consumption
India,IND,Asia,Lower Middle Income,20.59,78.96,1999,Food & Emissions,Meat Consumption per Capita,0.689,kg per capita,OECD Meat Consumption
India,IND,Asia,Lower Middle Income,20.59,78.96,1999,Food & Emissions,Meat Consumption per Capita,0.58,kg per capita,OECD Meat Consumption
India,IND,Asia,Lower Middle Income,20.59,78.96,2000,Food & Emissions,Meat Consumption per Capita,1.299,kg per capita,OECD Meat Consumption
India,IND,Asia,Lower Middle Income,20.59,78.96,2000,Food & Emissions,Meat Consumption per Capita,0.345,kg per capita,OECD Meat Consumption
India,IND,Asia,Lower Middle Income,20.59,78.96,2000,Food & Emissions,Meat Consumption per Capita,0.755,kg per capita,OECD Meat Consumption
India,IND,Asia,Lower Middle Income,20.59,78.96,2000,Food & Emissions,Meat Consumption per Capita,0.567,kg per capita,OECD Meat Consumption
India,IND,Asia,Lower Middle Income,20.59,78.96,2001,Food & Emissions,Meat Consumption per Capita,1.31,kg per capita,OECD Meat Consumption
India,IND,Asia,Lower Middle Income,20.59,78.96,2001,Food & Emissions,Meat Consumption per Capita,0.34,kg per capita,OECD Meat Consumption
India,IND,Asia,Lower Middle Income,20.59,78.96,2001,Food & Emissions,Meat Consumption per Capita,0.791,kg per capita,OECD Meat Consumption
India,IND,Asia,Lower Middle Income,20.59,78.96,2001,Food & Emissions,Meat Consumption per Capita,0.566,kg per capita,OECD Meat Consumption
India,IND,Asia,Lower Middle Income,20.59,78.96,2002,Food & Emissions,Meat Consumption per Capita,1.257,kg per capita,OECD Meat Consumption
India,IND,Asia,Lower Middle Income,20.59,78.96,2002,Food & Emissions,Meat Consumption per Capita,0.335,kg per capita,OECD Meat Consumption
India,IND,Asia,Lower Middle Income,20.59,78.96,2002,Food & Emissions,Meat Consumption per Capita,0.91,kg per capita,OECD Meat Consumption
India,IND,Asia,Lower Middle Income,20.59,78.96,2002,Food & Emissions,Meat Consumption per Capita,0.559,kg per capita,OECD Meat Consumption
India,IND,Asia,Lower Middle Income,20.59,78.96,2003,Food & Emissions,Meat Consumption per Capita,1.18,kg per capita,OECD Meat Consumption
India,IND,Asia,Lower Middle Income,20.59,78.96,2003,Food & Emissions,Meat Consumption per Capita,0.331,kg per capita,OECD Meat Consumption
India,IND,Asia,Lower Middle Income,20.59,78.96,2003,Food & Emissions,Meat Consumption per Capita,0.986,kg per capita,OECD Meat Consumption
India,IND,Asia,Lower Middle Income,20.59,78.96,2003,Food & Emissions,Meat Consumption per Capita,0.545,kg per capita,OECD Meat Consumption
India,IND,Asia,Lower Middle Income,20.59,78.96,2004,Food & Emissions,Meat Consumption per Capita,1.156,kg per capita,OECD Meat Consumption
India,IND,Asia,Lower Middle Income,20.59,78.96,2004,Food & Emissions,Meat Consumption per Capita,0.307,kg per capita,OECD Meat Consumption
India,IND,Asia,Lower Middle Income,20.59,78.96,2004,Food & Emissions,Meat Consumption per Capita,1.047,kg per capita,OECD Meat Consumption
India,IND,Asia,Lower Middle Income,20.59,78.96,2004,Food & Emissions,Meat Consumption per Capita,0.559,kg per capita,OECD Meat Consumption
India,IND,Asia,Lower Middle Income,20.59,78.96,2005,Food & Emissions,Meat Consumption per Capita,1.089,kg per capita,OECD Meat Consumption
India,IND,Asia,Lower Middle Income,20.59,78.96,2005,Food & Emissions,Meat Consumption per Capita,0.29,kg per capita,OECD Meat Consumption
India,IND,Asia,Lower Middle Income,20.59,78.96,2005,Food & Emissions,Meat Consumption per Capita,1.107,kg per capita,OECD Meat Consumption
India,IND,Asia,Lower Middle Income,20.59,78.96,2005,Food & Emissions,Meat Consumption per Capita,0.57,kg per capita,OECD Meat Consumption
India,IND,Asia,Lower Middle Income,20.59,78.96,2006,Food & Emissions,Meat Consumption per Capita,1.064,kg per capita,OECD Meat Consumption
India,IND,Asia,Lower Middle Income,20.59,78.96,2006,Food & Emissions,Meat Consumption per Capita,0.271,kg per capita,OECD Meat Consumption
India,IND,Asia,Lower Middle Income,20.59,78.96,2006,Food & Emissions,Meat Consumption per Capita,1.177,kg per capita,OECD Meat Consumption
India,IND,Asia,Lower Middle Income,20.59,78.96,2006,Food & Emissions,Meat Consumption per Capita,0.581,kg per capita,OECD Meat Consumption
India,IND,Asia,Lower Middle Income,20.59,78.96,2007,Food & Emissions,Meat Consumption per Capita,1.071,kg per capita,OECD Meat Consumption
India,IND,Asia,Lower Middle Income,20.59,78.96,2007,Food & Emissions,Meat Consumption per Capita,0.254,kg per capita,OECD Meat Consumption
India,IND,Asia,Lower Middle Income,20.59,78.96,2007,Food & Emissions,Meat Consumption per Capita,1.335,kg per capita,OECD Meat Consumption
India,IND,Asia,Lower Middle Income,20.59,78.96,2007,Food & Emissions,Meat Consumption per Capita,0.591,kg per capita,OECD Meat Consumption
India,IND,Asia,Lower Middle Income,20.59,78.96,2008,Food & Emissions,Meat Consumption per Capita,1.066,kg per capita,OECD Meat Consumption
India,IND,Asia,Lower Middle Income,20.59,78.96,2008,Food & Emissions,Meat Consumption per Capita,0.247,kg per capita,OECD Meat Consumption
India,IND,Asia,Lower Middle Income,20.59,78.96,2008,Food & Emissions,Meat Consumption per Capita,1.409,kg per capita,OECD Meat Consumption
India,IND,Asia,Lower Middle Income,20.59,78.96,2008,Food & Emissions,Meat Consumption per Capita,0.568,kg per capita,OECD Meat Consumption
India,IND,Asia,Lower Middle Income,20.59,78.96,2009,Food & Emissions,Meat Consumption per Capita,1.094,kg per capita,OECD Meat Consumption
India,IND,Asia,Lower Middle Income,20.59,78.96,2009,Food & Emissions,Meat Consumption per Capita,0.243,kg per capita,OECD Meat Consumption
India,IND,Asia,Lower Middle Income,20.59,78.96,2009,Food & Emissions,Meat Consumption per Capita,1.536,kg per capita,OECD Meat Consumption
India,IND,Asia,Lower Middle Income,20.59,78.96,2009,Food & Emissions,Meat Consumption per Capita,0.518,kg per capita,OECD Meat Consumption
India,IND,Asia,Lower Middle Income,20.59,78.96,2010,Food & Emissions,Meat Consumption per Capita,0.936,kg per capita,OECD Meat Consumption
India,IND,Asia,Lower Middle Income,20.59,78.96,2010,Food & Emissions,Meat Consumption per Capita,0.234,kg per capita,OECD Meat Consumption
India,IND,Asia,Lower Middle Income,20.59,78.96,2010,Food & Emissions,Meat Consumption per Capita,1.588,kg per capita,OECD Meat Consumption
India,IND,Asia,Lower Middle Income,20.59,78.96,2010,Food & Emissions,Meat Consumption per Capita,0.543,kg per capita,OECD Meat Consumption
India,IND,Asia,Lower Middle Income,20.59,78.96,2011,Food & Emissions,Meat Consumption per Capita,0.752,kg per capita,OECD Meat Consumption
India,IND,Asia,Lower Middle Income,20.59,78.96,2011,Food & Emissions,Meat Consumption per Capita,0.228,kg per capita,OECD Meat Consumption
India,IND,Asia,Lower Middle Income,20.59,78.96,2011,Food & Emissions,Meat Consumption per Capita,1.768,kg per capita,OECD Meat Consumption
India,IND,Asia,Lower Middle Income,20.59,78.96,2011,Food & Emissions,Meat Consumption per Capita,0.532,kg per capita,OECD Meat Consumption
India,IND,Asia,Lower Middle Income,20.59,78.96,2012,Food & Emissions,Meat Consumption per Capita,0.67,kg per capita,OECD Meat Consumption
India,IND,Asia,Lower Middle Income,20.59,78.96,2012,Food & Emissions,Meat Consumption per Capita,0.221,kg per capita,OECD Meat Consumption
India,IND,Asia,Lower Middle Income,20.59,78.96,2012,Food & Emissions,Meat Consumption per Capita,1.886,kg per capita,OECD Meat Consumption
India,IND,Asia,Lower Middle Income,20.59,78.96,2012,Food & Emissions,Meat Consumption per Capita,0.518,kg per capita,OECD Meat Consumption
India,IND,Asia,Lower Middle Income,20.59,78.96,2013,Food & Emissions,Meat Consumption per Capita,0.457,kg per capita,OECD Meat Consumption
India,IND,Asia,Lower Middle Income,20.59,78.96,2013,Food & Emissions,Meat Consumption per Capita,0.216,kg per capita,OECD Meat Consumption
India,IND,Asia,Lower Middle Income,20.59,78.96,2013,Food & Emissions,Meat Consumption per Capita,1.977,kg per capita,OECD Meat Consumption
India,IND,Asia,Lower Middle Income,20.59,78.96,2013,Food & Emissions,Meat Consumption per Capita,0.5,kg per capita,OECD Meat Consumption
India,IND,Asia,Lower Middle Income,20.59,78.96,2014,Food & Emissions,Meat Consumption per Capita,0.348,kg per capita,OECD Meat Consumption
India,IND,Asia,Lower Middle Income,20.59,78.96,2014,Food & Emissions,Meat Consumption per Capita,0.211,kg per capita,OECD Meat Consumption
India,IND,Asia,Lower Middle Income,20.59,78.96,2014,Food & Emissions,Meat Consumption per Capita,2.085,kg per capita,OECD Meat Consumption
India,IND,Asia,Lower Middle Income,20.59,78.96,2014,Food & Emissions,Meat Consumption per Capita,0.488,kg per capita,OECD Meat Consumption
India,IND,Asia,Lower Middle Income,20.59,78.96,2015,Food & Emissions,Meat Consumption per Capita,0.449,kg per capita,OECD Meat Consumption
India,IND,Asia,Lower Middle Income,20.59,78.96,2015,Food & Emissions,Meat Consumption per Capita,0.205,kg per capita,OECD Meat Consumption
India,IND,Asia,Lower Middle Income,20.59,78.96,2015,Food & Emissions,Meat Consumption per Capita,2.207,kg per capita,OECD Meat Consumption
India,IND,Asia,Lower Middle Income,20.59,78.96,2015,Food & Emissions,Meat Consumption per Capita,0.477,kg per capita,OECD Meat Consumption
India,IND,Asia,Lower Middle Income,20.59,78.96,2016,Food & Emissions,Meat Consumption per Capita,0.468,kg per capita,OECD Meat Consumption
India,IND,Asia,Lower Middle Income,20.59,78.96,2016,Food & Emissions,Meat Consumption per Capita,0.186,kg per capita,OECD Meat Consumption
India,IND,Asia,Lower Middle Income,20.59,78.96,2016,Food & Emissions,Meat Consumption per Capita,2.278,kg per capita,OECD Meat Consumption
India,IND,Asia,Lower Middle Income,20.59,78.96,2016,Food & Emissions,Meat Consumption per Capita,0.48,kg per capita,OECD Meat Consumption
India,IND,Asia,Lower Middle Income,20.59,78.96,2017,Food & Emissions,Meat Consumption per Capita,0.427,kg per capita,OECD Meat Consumption
India,IND,Asia,Lower Middle Income,20.59,78.96,2017,Food & Emissions,Meat Consumption per Capita,0.178,kg per capita,OECD Meat Consumption
India,IND,Asia,Lower Middle Income,20.59,78.96,2017,Food & Emissions,Meat Consumption per Capita,2.327,kg per capita,OECD Meat Consumption
India,IND,Asia,Lower Middle Income,20.59,78.96,2017,Food & Emissions,Meat Consumption per Capita,0.467,kg per capita,OECD Meat Consumption
India,IND,Asia,Lower Middle Income,20.59,78.96,2018,Food & Emissions,Meat Consumption per Capita,0.517,kg per capita,OECD Meat Consumption
India,IND,Asia,Lower Middle Income,20.59,78.96,2018,Food & Emissions,Meat Consumption per Capita,0.173,kg per capita,OECD Meat Consumption
India,IND,Asia,Lower Middle Income,20.59,78.96,2018,Food & Emissions,Meat Consumption per Capita,2.405,kg per capita,OECD Meat Consumption
India,IND,Asia,Lower Middle Income,20.59,78.96,2018,Food & Emissions,Meat Consumption per Capita,0.464,kg per capita,OECD Meat Consumption
India,IND,Asia,Lower Middle Income,20.59,78.96,2019,Food & Emissions,Meat Consumption per Capita,0.53,kg per capita,OECD Meat Consumption
India,IND,Asia,Lower Middle Income,20.59,78.96,2019,Food & Emissions,Meat Consumption per Capita,0.168,kg per capita,OECD Meat Consumption
India,IND,Asia,Lower Middle Income,20.59,78.96,2019,Food & Emissions,Meat Consumption per Capita,2.455,kg per capita,OECD Meat Consumption
India,IND,Asia,Lower Middle Income,20.59,78.96,2019,Food & Emissions,Meat Consumption per Capita,0.462,kg per capita,OECD Meat Consumption
India,IND,Asia,Lower Middle Income,20.59,78.96,2020,Food & Emissions,Meat Consumption per Capita,0.535,kg per capita,OECD Meat Consumption
India,IND,Asia,Lower Middle Income,20.59,78.96,2020,Food & Emissions,Meat Consumption per Capita,0.169,kg per capita,OECD Meat Consumption
India,IND,Asia,Lower Middle Income,20.59,78.96,2020,Food & Emissions,Meat Consumption per Capita,2.517,kg per capita,OECD Meat Consumption
India,IND,Asia,Lower Middle Income,20.59,78.96,2020,Food & Emissions,Meat Consumption per Capita,0.465,kg per capita,OECD Meat Consumption
India,IND,Asia,Lower Middle Income,20.59,78.96,2021,Food & Emissions,Meat Consumption per Capita,0.537,kg per capita,OECD Meat Consumption
India,IND,Asia,Lower Middle Income,20.59,78.96,2021,Food & Emissions,Meat Consumption per Capita,0.167,kg per capita,OECD Meat Consumption
India,IND,Asia,Lower Middle Income,20.59,78.96,2021,Food & Emissions,Meat Consumption per Capita,2.586,kg per capita,OECD Meat Consumption
India,IND,Asia,Lower Middle Income,20.59,78.96,2021,Food & Emissions,Meat Consumption per Capita,0.465,kg per capita,OECD Meat Consumption
India,IND,Asia,Lower Middle Income,20.59,78.96,2022,Food & Emissions,Meat Consumption per Capita,0.539,kg per capita,OECD Meat Consumption
India,IND,Asia,Lower Middle Income,20.59,78.96,2022,Food & Emissions,Meat Consumption per Capita,0.167,kg per capita,OECD Meat Consumption
India,IND,Asia,Lower Middle Income,20.59,78.96,2022,Food & Emissions,Meat Consumption per Capita,2.652,kg per capita,OECD Meat Consumption
India,IND,Asia,Lower Middle Income,20.59,78.96,2022,Food & Emissions,Meat Consumption per Capita,0.464,kg per capita,OECD Meat Consumption
India,IND,Asia,Lower Middle Income,20.59,78.96,2023,Food & Emissions,Meat Consumption per Capita,0.542,kg per capita,OECD Meat Consumption
India,IND,Asia,Lower Middle Income,20.59,78.96,2023,Food & Emissions,Meat Consumption per Capita,0.165,kg per capita,OECD Meat Consumption
India,IND,Asia,Lower Middle Income,20.59,78.96,2023,Food & Emissions,Meat Consumption per Capita,2.721,kg per capita,OECD Meat Consumption
India,IND,Asia,Lower Middle Income,20.59,78.96,2023,Food & Emissions,Meat Consumption per Capita,0.463,kg per capita,OECD Meat Consumption
India,IND,Asia,Lower Middle Income,20.59,78.96,2024,Food & Emissions,Meat Consumption per Capita,0.543,kg per capita,OECD Meat Consumption
India,IND,Asia,Lower Middle Income,20.59,78.96,2024,Food & Emissions,Meat Consumption per Capita,0.163,kg per capita,OECD Meat Consumption
India,IND,Asia,Lower Middle Income,20.59,78.96,2024,Food & Emissions,Meat Consumption per Capita,2.786,kg per capita,OECD Meat Consumption
India,IND,Asia,Lower Middle Income,20.59,78.96,2024,Food & Emissions,Meat Consumption per Capita,0.463,kg per capita,OECD Meat Consumption
India,IND,Asia,Lower Middle Income,20.59,78.96,2025,Food & Emissions,Meat Consumption per Capita,0.546,kg per capita,OECD Meat Consumption
India,IND,Asia,Lower Middle Income,20.59,78.96,2025,Food & Emissions,Meat Consumption per Capita,0.162,kg per capita,OECD Meat Consumption
India,IND,Asia,Lower Middle Income,20.59,78.96,2025,Food & Emissions,Meat Consumption per Capita,2.859,kg per capita,OECD Meat Consumption
India,IND,Asia,Lower Middle Income,20.59,78.96,2025,Food & Emissions,Meat Consumption per Capita,0.463,kg per capita,OECD Meat Consumption
India,IND,Asia,Lower Middle Income,20.59,78.96,2026,Food & Emissions,Meat Consumption per Capita,0.549,kg per capita,OECD Meat Consumption
India,IND,Asia,Lower Middle Income,20.59,78.96,2026,Food & Emissions,Meat Consumption per Capita,0.161,kg per capita,OECD Meat Consumption
India,IND,Asia,Lower Middle Income,20.59,78.96,2026,Food & Emissions,Meat Consumption per Capita,2.934,kg per capita,OECD Meat Consumption
India,IND,Asia,Lower Middle Income,20.59,78.96,2026,Food & Emissions,Meat Consumption per Capita,0.463,kg per capita,OECD Meat Consumption
India,IND,Asia,Lower Middle Income,20.59,78.96,2027,Food & Emissions,Meat Consumption per Capita,0.551,kg per capita,OECD Meat Consumption
India,IND,Asia,Lower Middle Income,20.59,78.96,2027,Food & Emissions,Meat Consumption per Capita,0.16,kg per capita,OECD Meat Consumption
India,IND,Asia,Lower Middle Income,20.59,78.96,2027,Food & Emissions,Meat Consumption per Capita,3.009,kg per capita,OECD Meat Consumption
India,IND,Asia,Lower Middle Income,20.59,78.96,2027,Food & Emissions,Meat Consumption per Capita,0.463,kg per capita,OECD Meat Consumption
India,IND,Asia,Lower Middle Income,20.59,78.96,2028,Food & Emissions,Meat Consumption per Capita,0.553,kg per capita,OECD Meat Consumption
India,IND,Asia,Lower Middle Income,20.59,78.96,2028,Food & Emissions,Meat Consumption per Capita,0.159,kg per capita,OECD Meat Consumption
India,IND,Asia,Lower Middle Income,20.59,78.96,2028,Food & Emissions,Meat Consumption per Capita,3.086,kg per capita,OECD Meat Consumption
India,IND,Asia,Lower Middle Income,20.59,78.96,2028,Food & Emissions,Meat Consumption per Capita,0.463,kg per capita,OECD Meat Consumption
Japan,JPN,Asia,High Income,36.2,138.25,1990,Food & Emissions,Meat Consumption per Capita,6.0,kg per capita,OECD Meat Consumption
Japan,JPN,Asia,High Income,36.2,138.25,1990,Food & Emissions,Meat Consumption per Capita,12.978,kg per capita,OECD Meat Consumption
Japan,JPN,Asia,High Income,36.2,138.25,1990,Food & Emissions,Meat Consumption per Capita,12.611,kg per capita,OECD Meat Consumption
Japan,JPN,Asia,High Income,36.2,138.25,1990,Food & Emissions,Meat Consumption per Capita,0.743,kg per capita,OECD Meat Consumption
Japan,JPN,Asia,High Income,36.2,138.25,1991,Food & Emissions,Meat Consumption per Capita,6.4,kg per capita,OECD Meat Consumption
Japan,JPN,Asia,High Income,36.2,138.25,1991,Food & Emissions,Meat Consumption per Capita,13.002,kg per capita,OECD Meat Consumption
Japan,JPN,Asia,High Income,36.2,138.25,1991,Food & Emissions,Meat Consumption per Capita,11.84,kg per capita,OECD Meat Consumption
Japan,JPN,Asia,High Income,36.2,138.25,1991,Food & Emissions,Meat Consumption per Capita,0.759,kg per capita,OECD Meat Consumption
Japan,JPN,Asia,High Income,36.2,138.25,1992,Food & Emissions,Meat Consumption per Capita,6.65,kg per capita,OECD Meat Consumption
Japan,JPN,Asia,High Income,36.2,138.25,1992,Food & Emissions,Meat Consumption per Capita,13.005,kg per capita,OECD Meat Consumption
Japan,JPN,Asia,High Income,36.2,138.25,1992,Food & Emissions,Meat Consumption per Capita,12.194,kg per capita,OECD Meat Consumption
Japan,JPN,Asia,High Income,36.2,138.25,1992,Food & Emissions,Meat Consumption per Capita,0.797,kg per capita,OECD Meat Consumption
Japan,JPN,Asia,High Income,36.2,138.25,1993,Food & Emissions,Meat Consumption per Capita,7.285,kg per capita,OECD Meat Consumption
Japan,JPN,Asia,High Income,36.2,138.25,1993,Food & Emissions,Meat Consumption per Capita,12.9,kg per capita,OECD Meat Consumption
Japan,JPN,Asia,High Income,36.2,138.25,1993,Food & Emissions,Meat Consumption per Capita,11.952,kg per capita,OECD Meat Consumption
Japan,JPN,Asia,High Income,36.2,138.25,1993,Food & Emissions,Meat Consumption per Capita,0.672,kg per capita,OECD Meat Consumption
Japan,JPN,Asia,High Income,36.2,138.25,1994,Food & Emissions,Meat Consumption per Capita,8.003,kg per capita,OECD Meat Consumption
Japan,JPN,Asia,High Income,36.2,138.25,1994,Food & Emissions,Meat Consumption per Capita,12.975,kg per capita,OECD Meat Consumption
Japan,JPN,Asia,High Income,36.2,138.25,1994,Food & Emissions,Meat Consumption per Capita,12.475,kg per capita,OECD Meat Consumption
Japan,JPN,Asia,High Income,36.2,138.25,1994,Food & Emissions,Meat Consumption per Capita,0.563,kg per capita,OECD Meat Consumption
Japan,JPN,Asia,High Income,36.2,138.25,1995,Food & Emissions,Meat Consumption per Capita,8.408,kg per capita,OECD Meat Consumption
Japan,JPN,Asia,High Income,36.2,138.25,1995,Food & Emissions,Meat Consumption per Capita,13.028,kg per capita,OECD Meat Consumption
Japan,JPN,Asia,High Income,36.2,138.25,1995,Food & Emissions,Meat Consumption per Capita,12.564,kg per capita,OECD Meat Consumption
Japan,JPN,Asia,High Income,36.2,138.25,1995,Food & Emissions,Meat Consumption per Capita,0.576,kg per capita,OECD Meat Consumption
Japan,JPN,Asia,High Income,36.2,138.25,1996,Food & Emissions,Meat Consumption per Capita,7.965,kg per capita,OECD Meat Consumption
Japan,JPN,Asia,High Income,36.2,138.25,1996,Food & Emissions,Meat Consumption per Capita,13.676,kg per capita,OECD Meat Consumption
Japan,JPN,Asia,High Income,36.2,138.25,1996,Food & Emissions,Meat Consumption per Capita,12.972,kg per capita,OECD Meat Consumption
Japan,JPN,Asia,High Income,36.2,138.25,1996,Food & Emissions,Meat Consumption per Capita,0.497,kg per capita,OECD Meat Consumption
Japan,JPN,Asia,High Income,36.2,138.25,1997,Food & Emissions,Meat Consumption per Capita,8.072,kg per capita,OECD Meat Consumption
Japan,JPN,Asia,High Income,36.2,138.25,1997,Food & Emissions,Meat Consumption per Capita,12.692,kg per capita,OECD Meat Consumption
Japan,JPN,Asia,High Income,36.2,138.25,1997,Food & Emissions,Meat Consumption per Capita,12.626,kg per capita,OECD Meat Consumption
Japan,JPN,Asia,High Income,36.2,138.25,1997,Food & Emissions,Meat Consumption per Capita,0.438,kg per capita,OECD Meat Consumption
Japan,JPN,Asia,High Income,36.2,138.25,1998,Food & Emissions,Meat Consumption per Capita,8.186,kg per capita,OECD Meat Consumption
Japan,JPN,Asia,High Income,36.2,138.25,1998,Food & Emissions,Meat Consumption per Capita,12.585,kg per capita,OECD Meat Consumption
Japan,JPN,Asia,High Income,36.2,138.25,1998,Food & Emissions,Meat Consumption per Capita,11.955,kg per capita,OECD Meat Consumption
Japan,JPN,Asia,High Income,36.2,138.25,1998,Food & Emissions,Meat Consumption per Capita,0.42,kg per capita,OECD Meat Consumption
Japan,JPN,Asia,High Income,36.2,138.25,1999,Food & Emissions,Meat Consumption per Capita,8.173,kg per capita,OECD Meat Consumption
Japan,JPN,Asia,High Income,36.2,138.25,1999,Food & Emissions,Meat Consumption per Capita,12.863,kg per capita,OECD Meat Consumption
Japan,JPN,Asia,High Income,36.2,138.25,1999,Food & Emissions,Meat Consumption per Capita,12.008,kg per capita,OECD Meat Consumption
Japan,JPN,Asia,High Income,36.2,138.25,1999,Food & Emissions,Meat Consumption per Capita,0.352,kg per capita,OECD Meat Consumption
Japan,JPN,Asia,High Income,36.2,138.25,2000,Food & Emissions,Meat Consumption per Capita,8.618,kg per capita,OECD Meat Consumption
Japan,JPN,Asia,High Income,36.2,138.25,2000,Food & Emissions,Meat Consumption per Capita,13.332,kg per capita,OECD Meat Consumption
Japan,JPN,Asia,High Income,36.2,138.25,2000,Food & Emissions,Meat Consumption per Capita,12.839,kg per capita,OECD Meat Consumption
Japan,JPN,Asia,High Income,36.2,138.25,2000,Food & Emissions,Meat Consumption per Capita,0.32,kg per capita,OECD Meat Consumption
Japan,JPN,Asia,High Income,36.2,138.25,2001,Food & Emissions,Meat Consumption per Capita,7.029,kg per capita,OECD Meat Consumption
Japan,JPN,Asia,High Income,36.2,138.25,2001,Food & Emissions,Meat Consumption per Capita,13.658,kg per capita,OECD Meat Consumption
Japan,JPN,Asia,High Income,36.2,138.25,2001,Food & Emissions,Meat Consumption per Capita,13.213,kg per capita,OECD Meat Consumption
Japan,JPN,Asia,High Income,36.2,138.25,2001,Food & Emissions,Meat Consumption per Capita,0.307,kg per capita,OECD Meat Consumption
Japan,JPN,Asia,High Income,36.2,138.25,2002,Food & Emissions,Meat Consumption per Capita,7.128,kg per capita,OECD Meat Consumption
Japan,JPN,Asia,High Income,36.2,138.25,2002,Food & Emissions,Meat Consumption per Capita,14.334,kg per capita,OECD Meat Consumption
Japan,JPN,Asia,High Income,36.2,138.25,2002,Food & Emissions,Meat Consumption per Capita,12.815,kg per capita,OECD Meat Consumption
Japan,JPN,Asia,High Income,36.2,138.25,2002,Food & Emissions,Meat Consumption per Capita,0.294,kg per capita,OECD Meat Consumption
Japan,JPN,Asia,High Income,36.2,138.25,2003,Food & Emissions,Meat Consumption per Capita,6.979,kg per capita,OECD Meat Consumption
Japan,JPN,Asia,High Income,36.2,138.25,2003,Food & Emissions,Meat Consumption per Capita,14.112,kg per capita,OECD Meat Consumption
Japan,JPN,Asia,High Income,36.2,138.25,2003,Food & Emissions,Meat Consumption per Capita,12.673,kg per capita,OECD Meat Consumption
Japan,JPN,Asia,High Income,36.2,138.25,2003,Food & Emissions,Meat Consumption per Capita,0.252,kg per capita,OECD Meat Consumption
Japan,JPN,Asia,High Income,36.2,138.25,2004,Food & Emissions,Meat Consumption per Capita,6.962,kg per capita,OECD Meat Consumption
Japan,JPN,Asia,High Income,36.2,138.25,2004,Food & Emissions,Meat Consumption per Capita,15.051,kg per capita,OECD Meat Consumption
Japan,JPN,Asia,High Income,36.2,138.25,2004,Food & Emissions,Meat Consumption per Capita,12.392,kg per capita,OECD Meat Consumption
Japan,JPN,Asia,High Income,36.2,138.25,2004,Food & Emissions,Meat Consumption per Capita,0.319,kg per capita,OECD Meat Consumption
Japan,JPN,Asia,High Income,36.2,138.25,2005,Food & Emissions,Meat Consumption per Capita,6.234,kg per capita,OECD Meat Consumption
Japan,JPN,Asia,High Income,36.2,138.25,2005,Food & Emissions,Meat Consumption per Capita,14.95,kg per capita,OECD Meat Consumption
Japan,JPN,Asia,High Income,36.2,138.25,2005,Food & Emissions,Meat Consumption per Capita,13.151,kg per capita,OECD Meat Consumption
Japan,JPN,Asia,High Income,36.2,138.25,2005,Food & Emissions,Meat Consumption per Capita,0.364,kg per capita,OECD Meat Consumption
Japan,JPN,Asia,High Income,36.2,138.25,2006,Food & Emissions,Meat Consumption per Capita,6.187,kg per capita,OECD Meat Consumption
Japan,JPN,Asia,High Income,36.2,138.25,2006,Food & Emissions,Meat Consumption per Capita,13.994,kg per capita,OECD Meat Consumption
Japan,JPN,Asia,High Income,36.2,138.25,2006,Food & Emissions,Meat Consumption per Capita,13.375,kg per capita,OECD Meat Consumption
Japan,JPN,Asia,High Income,36.2,138.25,2006,Food & Emissions,Meat Consumption per Capita,0.367,kg per capita,OECD Meat Consumption
Japan,JPN,Asia,High Income,36.2,138.25,2007,Food & Emissions,Meat Consumption per Capita,6.379,kg per capita,OECD Meat Consumption
Japan,JPN,Asia,High Income,36.2,138.25,2007,Food & Emissions,Meat Consumption per Capita,14.26,kg per capita,OECD Meat Consumption
Japan,JPN,Asia,High Income,36.2,138.25,2007,Food & Emissions,Meat Consumption per Capita,13.489,kg per capita,OECD Meat Consumption
Japan,JPN,Asia,High Income,36.2,138.25,2007,Food & Emissions,Meat Consumption per Capita,0.264,kg per capita,OECD Meat Consumption
Japan,JPN,Asia,High Income,36.2,138.25,2008,Food & Emissions,Meat Consumption per Capita,6.385,kg per capita,OECD Meat Consumption
Japan,JPN,Asia,High Income,36.2,138.25,2008,Food & Emissions,Meat Consumption per Capita,14.507,kg per capita,OECD Meat Consumption
Japan,JPN,Asia,High Income,36.2,138.25,2008,Food & Emissions,Meat Consumption per Capita,13.328,kg per capita,OECD Meat Consumption
Japan,JPN,Asia,High Income,36.2,138.25,2008,Food & Emissions,Meat Consumption per Capita,0.267,kg per capita,OECD Meat Consumption
Japan,JPN,Asia,High Income,36.2,138.25,2009,Food & Emissions,Meat Consumption per Capita,6.491,kg per capita,OECD Meat Consumption
Japan,JPN,Asia,High Income,36.2,138.25,2009,Food & Emissions,Meat Consumption per Capita,14.158,kg per capita,OECD Meat Consumption
Japan,JPN,Asia,High Income,36.2,138.25,2009,Food & Emissions,Meat Consumption per Capita,13.681,kg per capita,OECD Meat Consumption
Japan,JPN,Asia,High Income,36.2,138.25,2009,Food & Emissions,Meat Consumption per Capita,0.27,kg per capita,OECD Meat Consumption
Japan,JPN,Asia,High Income,36.2,138.25,2010,Food & Emissions,Meat Consumption per Capita,6.706,kg per capita,OECD Meat Consumption
Japan,JPN,Asia,High Income,36.2,138.25,2010,Food & Emissions,Meat Consumption per Capita,14.347,kg per capita,OECD Meat Consumption
Japan,JPN,Asia,High Income,36.2,138.25,2010,Food & Emissions,Meat Consumption per Capita,14.277,kg per capita,OECD Meat Consumption
Japan,JPN,Asia,High Income,36.2,138.25,2010,Food & Emissions,Meat Consumption per Capita,0.216,kg per capita,OECD Meat Consumption
Japan,JPN,Asia,High Income,36.2,138.25,2011,Food & Emissions,Meat Consumption per Capita,6.722,kg per capita,OECD Meat Consumption
Japan,JPN,Asia,High Income,36.2,138.25,2011,Food & Emissions,Meat Consumption per Capita,14.597,kg per capita,OECD Meat Consumption
Japan,JPN,Asia,High Income,36.2,138.25,2011,Food & Emissions,Meat Consumption per Capita,14.211,kg per capita,OECD Meat Consumption
Japan,JPN,Asia,High Income,36.2,138.25,2011,Food & Emissions,Meat Consumption per Capita,0.218,kg per capita,OECD Meat Consumption
Japan,JPN,Asia,High Income,36.2,138.25,2012,Food & Emissions,Meat Consumption per Capita,6.731,kg per capita,OECD Meat Consumption
Japan,JPN,Asia,High Income,36.2,138.25,2012,Food & Emissions,Meat Consumption per Capita,14.515,kg per capita,OECD Meat Consumption
Japan,JPN,Asia,High Income,36.2,138.25,2012,Food & Emissions,Meat Consumption per Capita,15.119,kg per capita,OECD Meat Consumption
Japan,JPN,Asia,High Income,36.2,138.25,2012,Food & Emissions,Meat Consumption per Capita,0.188,kg per capita,OECD Meat Consumption
Japan,JPN,Asia,High Income,36.2,138.25,2013,Food & Emissions,Meat Consumption per Capita,6.727,kg per capita,OECD Meat Consumption
Japan,JPN,Asia,High Income,36.2,138.25,2013,Food & Emissions,Meat Consumption per Capita,14.49,kg per capita,OECD Meat Consumption
Japan,JPN,Asia,High Income,36.2,138.25,2013,Food & Emissions,Meat Consumption per Capita,15.041,kg per capita,OECD Meat Consumption
Japan,JPN,Asia,High Income,36.2,138.25,2013,Food & Emissions,Meat Consumption per Capita,0.125,kg per capita,OECD Meat Consumption
Japan,JPN,Asia,High Income,36.2,138.25,2014,Food & Emissions,Meat Consumption per Capita,6.689,kg per capita,OECD Meat Consumption
Japan,JPN,Asia,High Income,36.2,138.25,2014,Food & Emissions,Meat Consumption per Capita,14.679,kg per capita,OECD Meat Consumption
Japan,JPN,Asia,High Income,36.2,138.25,2014,Food & Emissions,Meat Consumption per Capita,15.286,kg per capita,OECD Meat Consumption
Japan,JPN,Asia,High Income,36.2,138.25,2014,Food & Emissions,Meat Consumption per Capita,0.14,kg per capita,OECD Meat Consumption
Japan,JPN,Asia,High Income,36.2,138.25,2015,Food & Emissions,Meat Consumption per Capita,6.487,kg per capita,OECD Meat Consumption
Japan,JPN,Asia,High Income,36.2,138.25,2015,Food & Emissions,Meat Consumption per Capita,14.961,kg per capita,OECD Meat Consumption
Japan,JPN,Asia,High Income,36.2,138.25,2015,Food & Emissions,Meat Consumption per Capita,15.802,kg per capita,OECD Meat Consumption
Japan,JPN,Asia,High Income,36.2,138.25,2015,Food & Emissions,Meat Consumption per Capita,0.127,kg per capita,OECD Meat Consumption
Japan,JPN,Asia,High Income,36.2,138.25,2016,Food & Emissions,Meat Consumption per Capita,6.408,kg per capita,OECD Meat Consumption
Japan,JPN,Asia,High Income,36.2,138.25,2016,Food & Emissions,Meat Consumption per Capita,15.379,kg per capita,OECD Meat Consumption
Japan,JPN,Asia,High Income,36.2,138.25,2016,Food & Emissions,Meat Consumption per Capita,16.249,kg per capita,OECD Meat Consumption
Japan,JPN,Asia,High Income,36.2,138.25,2016,Food & Emissions,Meat Consumption per Capita,0.138,kg per capita,OECD Meat Consumption
Japan,JPN,Asia,High Income,36.2,138.25,2017,Food & Emissions,Meat Consumption per Capita,7.264,kg per capita,OECD Meat Consumption
Japan,JPN,Asia,High Income,36.2,138.25,2017,Food & Emissions,Meat Consumption per Capita,15.834,kg per capita,OECD Meat Consumption
Japan,JPN,Asia,High Income,36.2,138.25,2017,Food & Emissions,Meat Consumption per Capita,17.003,kg per capita,OECD Meat Consumption
Japan,JPN,Asia,High Income,36.2,138.25,2017,Food & Emissions,Meat Consumption per Capita,0.153,kg per capita,OECD Meat Consumption
Japan,JPN,Asia,High Income,36.2,138.25,2018,Food & Emissions,Meat Consumption per Capita,7.436,kg per capita,OECD Meat Consumption
Japan,JPN,Asia,High Income,36.2,138.25,2018,Food & Emissions,Meat Consumption per Capita,16.169,kg per capita,OECD Meat Consumption
Japan,JPN,Asia,High Income,36.2,138.25,2018,Food & Emissions,Meat Consumption per Capita,16.921,kg per capita,OECD Meat Consumption
Japan,JPN,Asia,High Income,36.2,138.25,2018,Food & Emissions,Meat Consumption per Capita,0.163,kg per capita,OECD Meat Consumption
Japan,JPN,Asia,High Income,36.2,138.25,2019,Food & Emissions,Meat Consumption per Capita,7.44,kg per capita,OECD Meat Consumption
Japan,JPN,Asia,High Income,36.2,138.25,2019,Food & Emissions,Meat Consumption per Capita,16.152,kg per capita,OECD Meat Consumption
Japan,JPN,Asia,High Income,36.2,138.25,2019,Food & Emissions,Meat Consumption per Capita,16.996,kg per capita,OECD Meat Consumption
Japan,JPN,Asia,High Income,36.2,138.25,2019,Food & Emissions,Meat Consumption per Capita,0.161,kg per capita,OECD Meat Consumption
Japan,JPN,Asia,High Income,36.2,138.25,2020,Food & Emissions,Meat Consumption per Capita,7.477,kg per capita,OECD Meat Consumption
Japan,JPN,Asia,High Income,36.2,138.25,2020,Food & Emissions,Meat Consumption per Capita,16.326,kg per capita,OECD Meat Consumption
Japan,JPN,Asia,High Income,36.2,138.25,2020,Food & Emissions,Meat Consumption per Capita,17.058,kg per capita,OECD Meat Consumption
Japan,JPN,Asia,High Income,36.2,138.25,2020,Food & Emissions,Meat Consumption per Capita,0.162,kg per capita,OECD Meat Consumption
Japan,JPN,Asia,High Income,36.2,138.25,2021,Food & Emissions,Meat Consumption per Capita,7.503,kg per capita,OECD Meat Consumption
Japan,JPN,Asia,High Income,36.2,138.25,2021,Food & Emissions,Meat Consumption per Capita,16.36,kg per capita,OECD Meat Consumption
Japan,JPN,Asia,High Income,36.2,138.25,2021,Food & Emissions,Meat Consumption per Capita,17.16,kg per capita,OECD Meat Consumption
Japan,JPN,Asia,High Income,36.2,138.25,2021,Food & Emissions,Meat Consumption per Capita,0.161,kg per capita,OECD Meat Consumption
Japan,JPN,Asia,High Income,36.2,138.25,2022,Food & Emissions,Meat Consumption per Capita,7.525,kg per capita,OECD Meat Consumption
Japan,JPN,Asia,High Income,36.2,138.25,2022,Food & Emissions,Meat Consumption per Capita,16.416,kg per capita,OECD Meat Consumption
Japan,JPN,Asia,High Income,36.2,138.25,2022,Food & Emissions,Meat Consumption per Capita,17.268,kg per capita,OECD Meat Consumption
Japan,JPN,Asia,High Income,36.2,138.25,2022,Food & Emissions,Meat Consumption per Capita,0.162,kg per capita,OECD Meat Consumption
Japan,JPN,Asia,High Income,36.2,138.25,2023,Food & Emissions,Meat Consumption per Capita,7.562,kg per capita,OECD Meat Consumption
Japan,JPN,Asia,High Income,36.2,138.25,2023,Food & Emissions,Meat Consumption per Capita,16.494,kg per capita,OECD Meat Consumption
Japan,JPN,Asia,High Income,36.2,138.25,2023,Food & Emissions,Meat Consumption per Capita,17.366,kg per capita,OECD Meat Consumption
Japan,JPN,Asia,High Income,36.2,138.25,2023,Food & Emissions,Meat Consumption per Capita,0.161,kg per capita,OECD Meat Consumption
Japan,JPN,Asia,High Income,36.2,138.25,2024,Food & Emissions,Meat Consumption per Capita,7.596,kg per capita,OECD Meat Consumption
Japan,JPN,Asia,High Income,36.2,138.25,2024,Food & Emissions,Meat Consumption per Capita,16.567,kg per capita,OECD Meat Consumption
Japan,JPN,Asia,High Income,36.2,138.25,2024,Food & Emissions,Meat Consumption per Capita,17.471,kg per capita,OECD Meat Consumption
Japan,JPN,Asia,High Income,36.2,138.25,2024,Food & Emissions,Meat Consumption per Capita,0.161,kg per capita,OECD Meat Consumption
Japan,JPN,Asia,High Income,36.2,138.25,2025,Food & Emissions,Meat Consumption per Capita,7.628,kg per capita,OECD Meat Consumption
Japan,JPN,Asia,High Income,36.2,138.25,2025,Food & Emissions,Meat Consumption per Capita,16.65,kg per capita,OECD Meat Consumption
Japan,JPN,Asia,High Income,36.2,138.25,2025,Food & Emissions,Meat Consumption per Capita,17.583,kg per capita,OECD Meat Consumption
Japan,JPN,Asia,High Income,36.2,138.25,2025,Food & Emissions,Meat Consumption per Capita,0.161,kg per capita,OECD Meat Consumption
Japan,JPN,Asia,High Income,36.2,138.25,2026,Food & Emissions,Meat Consumption per Capita,7.666,kg per capita,OECD Meat Consumption
Japan,JPN,Asia,High Income,36.2,138.25,2026,Food & Emissions,Meat Consumption per Capita,16.739,kg per capita,OECD Meat Consumption
Japan,JPN,Asia,High Income,36.2,138.25,2026,Food & Emissions,Meat Consumption per Capita,17.694,kg per capita,OECD Meat Consumption
Japan,JPN,Asia,High Income,36.2,138.25,2026,Food & Emissions,Meat Consumption per Capita,0.161,kg per capita,OECD Meat Consumption
Japan,JPN,Asia,High Income,36.2,138.25,2027,Food & Emissions,Meat Consumption per Capita,7.704,kg per capita,OECD Meat Consumption
Japan,JPN,Asia,High Income,36.2,138.25,2027,Food & Emissions,Meat Consumption per Capita,16.829,kg per capita,OECD Meat Consumption
Japan,JPN,Asia,High Income,36.2,138.25,2027,Food & Emissions,Meat Consumption per Capita,17.811,kg per capita,OECD Meat Consumption
Japan,JPN,Asia,High Income,36.2,138.25,2027,Food & Emissions,Meat Consumption per Capita,0.161,kg per capita,OECD Meat Consumption
Japan,JPN,Asia,High Income,36.2,138.25,2028,Food & Emissions,Meat Consumption per Capita,7.742,kg per capita,OECD Meat Consumption
Japan,JPN,Asia,High Income,36.2,138.25,2028,Food & Emissions,Meat Consumption per Capita,16.921,kg per capita,OECD Meat Consumption
Japan,JPN,Asia,High Income,36.2,138.25,2028,Food & Emissions,Meat Consumption per Capita,17.933,kg per capita,OECD Meat Consumption
Japan,JPN,Asia,High Income,36.2,138.25,2028,Food & Emissions,Meat Consumption per Capita,0.161,kg per capita,OECD Meat Consumption
South Korea,KOR,Asia,High Income,35.91,127.77,1990,Food & Emissions,Meat Consumption per Capita,0.0,kg per capita,OECD Meat Consumption
South Korea,KOR,Asia,High Income,35.91,127.77,1990,Food & Emissions,Meat Consumption per Capita,0.0,kg per capita,OECD Meat Consumption
South Korea,KOR,Asia,High Income,35.91,127.77,1990,Food & Emissions,Meat Consumption per Capita,5.566,kg per capita,OECD Meat Consumption
South Korea,KOR,Asia,High Income,35.91,127.77,1990,Food & Emissions,Meat Consumption per Capita,0.196,kg per capita,OECD Meat Consumption
South Korea,KOR,Asia,High Income,35.91,127.77,1991,Food & Emissions,Meat Consumption per Capita,5.084,kg per capita,OECD Meat Consumption
South Korea,KOR,Asia,High Income,35.91,127.77,1991,Food & Emissions,Meat Consumption per Capita,9.937,kg per capita,OECD Meat Consumption
South Korea,KOR,Asia,High Income,35.91,127.77,1991,Food & Emissions,Meat Consumption per Capita,6.741,kg per capita,OECD Meat Consumption
South Korea,KOR,Asia,High Income,35.91,127.77,1991,Food & Emissions,Meat Consumption per Capita,0.16,kg per capita,OECD Meat Consumption
South Korea,KOR,Asia,High Income,35.91,127.77,1992,Food & Emissions,Meat Consumption per Capita,5.667,kg per capita,OECD Meat Consumption
South Korea,KOR,Asia,High Income,35.91,127.77,1992,Food & Emissions,Meat Consumption per Capita,13.312,kg per capita,OECD Meat Consumption
South Korea,KOR,Asia,High Income,35.91,127.77,1992,Food & Emissions,Meat Consumption per Capita,7.522,kg per capita,OECD Meat Consumption
South Korea,KOR,Asia,High Income,35.91,127.77,1992,Food & Emissions,Meat Consumption per Capita,0.31,kg per capita,OECD Meat Consumption
South Korea,KOR,Asia,High Income,35.91,127.77,1993,Food & Emissions,Meat Consumption per Capita,5.292,kg per capita,OECD Meat Consumption
South Korea,KOR,Asia,High Income,35.91,127.77,1993,Food & Emissions,Meat Consumption per Capita,13.408,kg per capita,OECD Meat Consumption
South Korea,KOR,Asia,High Income,35.91,127.77,1993,Food & Emissions,Meat Consumption per Capita,7.813,kg per capita,OECD Meat Consumption
South Korea,KOR,Asia,High Income,35.91,127.77,1993,Food & Emissions,Meat Consumption per Capita,0.229,kg per capita,OECD Meat Consumption
South Korea,KOR,Asia,High Income,35.91,127.77,1994,Food & Emissions,Meat Consumption per Capita,5.648,kg per capita,OECD Meat Consumption
South Korea,KOR,Asia,High Income,35.91,127.77,1994,Food & Emissions,Meat Consumption per Capita,13.827,kg per capita,OECD Meat Consumption
South Korea,KOR,Asia,High Income,35.91,127.77,1994,Food & Emissions,Meat Consumption per Capita,7.811,kg per capita,OECD Meat Consumption
South Korea,KOR,Asia,High Income,35.91,127.77,1994,Food & Emissions,Meat Consumption per Capita,0.279,kg per capita,OECD Meat Consumption
South Korea,KOR,Asia,High Income,35.91,127.77,1995,Food & Emissions,Meat Consumption per Capita,6.482,kg per capita,OECD Meat Consumption
South Korea,KOR,Asia,High Income,35.91,127.77,1995,Food & Emissions,Meat Consumption per Capita,14.382,kg per capita,OECD Meat Consumption
South Korea,KOR,Asia,High Income,35.91,127.77,1995,Food & Emissions,Meat Consumption per Capita,8.503,kg per capita,OECD Meat Consumption
South Korea,KOR,Asia,High Income,35.91,127.77,1995,Food & Emissions,Meat Consumption per Capita,0.247,kg per capita,OECD Meat Consumption
South Korea,KOR,Asia,High Income,35.91,127.77,1996,Food & Emissions,Meat Consumption per Capita,6.713,kg per capita,OECD Meat Consumption
South Korea,KOR,Asia,High Income,35.91,127.77,1996,Food & Emissions,Meat Consumption per Capita,15.348,kg per capita,OECD Meat Consumption
South Korea,KOR,Asia,High Income,35.91,127.77,1996,Food & Emissions,Meat Consumption per Capita,9.087,kg per capita,OECD Meat Consumption
South Korea,KOR,Asia,High Income,35.91,127.77,1996,Food & Emissions,Meat Consumption per Capita,0.209,kg per capita,OECD Meat Consumption
South Korea,KOR,Asia,High Income,35.91,127.77,1997,Food & Emissions,Meat Consumption per Capita,7.587,kg per capita,OECD Meat Consumption
South Korea,KOR,Asia,High Income,35.91,127.77,1997,Food & Emissions,Meat Consumption per Capita,15.124,kg per capita,OECD Meat Consumption
South Korea,KOR,Asia,High Income,35.91,127.77,1997,Food & Emissions,Meat Consumption per Capita,8.493,kg per capita,OECD Meat Consumption
South Korea,KOR,Asia,High Income,35.91,127.77,1997,Food & Emissions,Meat Consumption per Capita,0.183,kg per capita,OECD Meat Consumption
South Korea,KOR,Asia,High Income,35.91,127.77,1998,Food & Emissions,Meat Consumption per Capita,6.807,kg per capita,OECD Meat Consumption
South Korea,KOR,Asia,High Income,35.91,127.77,1998,Food & Emissions,Meat Consumption per Capita,14.904,kg per capita,OECD Meat Consumption
South Korea,KOR,Asia,High Income,35.91,127.77,1998,Food & Emissions,Meat Consumption per Capita,7.489,kg per capita,OECD Meat Consumption
South Korea,KOR,Asia,High Income,35.91,127.77,1998,Food & Emissions,Meat Consumption per Capita,0.152,kg per capita,OECD Meat Consumption
South Korea,KOR,Asia,High Income,35.91,127.77,1999,Food & Emissions,Meat Consumption per Capita,8.083,kg per capita,OECD Meat Consumption
South Korea,KOR,Asia,High Income,35.91,127.77,1999,Food & Emissions,Meat Consumption per Capita,17.093,kg per capita,OECD Meat Consumption
South Korea,KOR,Asia,High Income,35.91,127.77,1999,Food & Emissions,Meat Consumption per Capita,9.253,kg per capita,OECD Meat Consumption
South Korea,KOR,Asia,High Income,35.91,127.77,1999,Food & Emissions,Meat Consumption per Capita,0.128,kg per capita,OECD Meat Consumption
South Korea,KOR,Asia,High Income,35.91,127.77,2000,Food & Emissions,Meat Consumption per Capita,8.508,kg per capita,OECD Meat Consumption
South Korea,KOR,Asia,High Income,35.91,127.77,2000,Food & Emissions,Meat Consumption per Capita,15.954,kg per capita,OECD Meat Consumption
South Korea,KOR,Asia,High Income,35.91,127.77,2000,Food & Emissions,Meat Consumption per Capita,9.624,kg per capita,OECD Meat Consumption
South Korea,KOR,Asia,High Income,35.91,127.77,2000,Food & Emissions,Meat Consumption per Capita,0.106,kg per capita,OECD Meat Consumption
South Korea,KOR,Asia,High Income,35.91,127.77,2001,Food & Emissions,Meat Consumption per Capita,7.38,kg per capita,OECD Meat Consumption
South Korea,KOR,Asia,High Income,35.91,127.77,2001,Food & Emissions,Meat Consumption per Capita,16.561,kg per capita,OECD Meat Consumption
South Korea,KOR,Asia,High Income,35.91,127.77,2001,Food & Emissions,Meat Consumption per Capita,10.509,kg per capita,OECD Meat Consumption
South Korea,KOR,Asia,High Income,35.91,127.77,2001,Food & Emissions,Meat Consumption per Capita,0.09,kg per capita,OECD Meat Consumption
South Korea,KOR,Asia,High Income,35.91,127.77,2002,Food & Emissions,Meat Consumption per Capita,8.395,kg per capita,OECD Meat Consumption
South Korea,KOR,Asia,High Income,35.91,127.77,2002,Food & Emissions,Meat Consumption per Capita,17.011,kg per capita,OECD Meat Consumption
South Korea,KOR,Asia,High Income,35.91,127.77,2002,Food & Emissions,Meat Consumption per Capita,10.855,kg per capita,OECD Meat Consumption
South Korea,KOR,Asia,High Income,35.91,127.77,2002,Food & Emissions,Meat Consumption per Capita,0.104,kg per capita,OECD Meat Consumption
South Korea,KOR,Asia,High Income,35.91,127.77,2003,Food & Emissions,Meat Consumption per Capita,8.097,kg per capita,OECD Meat Consumption
South Korea,KOR,Asia,High Income,35.91,127.77,2003,Food & Emissions,Meat Consumption per Capita,20.874,kg per capita,OECD Meat Consumption
South Korea,KOR,Asia,High Income,35.91,127.77,2003,Food & Emissions,Meat Consumption per Capita,9.547,kg per capita,OECD Meat Consumption
South Korea,KOR,Asia,High Income,35.91,127.77,2003,Food & Emissions,Meat Consumption per Capita,0.1,kg per capita,OECD Meat Consumption
South Korea,KOR,Asia,High Income,35.91,127.77,2004,Food & Emissions,Meat Consumption per Capita,6.519,kg per capita,OECD Meat Consumption
South Korea,KOR,Asia,High Income,35.91,127.77,2004,Food & Emissions,Meat Consumption per Capita,19.281,kg per capita,OECD Meat Consumption
South Korea,KOR,Asia,High Income,35.91,127.77,2004,Food & Emissions,Meat Consumption per Capita,8.437,kg per capita,OECD Meat Consumption
South Korea,KOR,Asia,High Income,35.91,127.77,2004,Food & Emissions,Meat Consumption per Capita,0.108,kg per capita,OECD Meat Consumption
South Korea,KOR,Asia,High Income,35.91,127.77,2005,Food & Emissions,Meat Consumption per Capita,6.036,kg per capita,OECD Meat Consumption
South Korea,KOR,Asia,High Income,35.91,127.77,2005,Food & Emissions,Meat Consumption per Capita,18.853,kg per capita,OECD Meat Consumption
South Korea,KOR,Asia,High Income,35.91,127.77,2005,Food & Emissions,Meat Consumption per Capita,10.843,kg per capita,OECD Meat Consumption
South Korea,KOR,Asia,High Income,35.91,127.77,2005,Food & Emissions,Meat Consumption per Capita,0.11,kg per capita,OECD Meat Consumption
South Korea,KOR,Asia,High Income,35.91,127.77,2006,Food & Emissions,Meat Consumption per Capita,6.708,kg per capita,OECD Meat Consumption
South Korea,KOR,Asia,High Income,35.91,127.77,2006,Food & Emissions,Meat Consumption per Capita,22.708,kg per capita,OECD Meat Consumption
South Korea,KOR,Asia,High Income,35.91,127.77,2006,Food & Emissions,Meat Consumption per Capita,11.613,kg per capita,OECD Meat Consumption
South Korea,KOR,Asia,High Income,35.91,127.77,2006,Food & Emissions,Meat Consumption per Capita,0.105,kg per capita,OECD Meat Consumption
South Korea,KOR,Asia,High Income,35.91,127.77,2007,Food & Emissions,Meat Consumption per Capita,7.127,kg per capita,OECD Meat Consumption
South Korea,KOR,Asia,High Income,35.91,127.77,2007,Food & Emissions,Meat Consumption per Capita,23.942,kg per capita,OECD Meat Consumption
South Korea,KOR,Asia,High Income,35.91,127.77,2007,Food & Emissions,Meat Consumption per Capita,11.435,kg per capita,OECD Meat Consumption
South Korea,KOR,Asia,High Income,35.91,127.77,2007,Food & Emissions,Meat Consumption per Capita,0.104,kg per capita,OECD Meat Consumption
South Korea,KOR,Asia,High Income,35.91,127.77,2008,Food & Emissions,Meat Consumption per Capita,7.278,kg per capita,OECD Meat Consumption
South Korea,KOR,Asia,High Income,35.91,127.77,2008,Food & Emissions,Meat Consumption per Capita,24.161,kg per capita,OECD Meat Consumption
South Korea,KOR,Asia,High Income,35.91,127.77,2008,Food & Emissions,Meat Consumption per Capita,11.355,kg per capita,OECD Meat Consumption
South Korea,KOR,Asia,High Income,35.91,127.77,2008,Food & Emissions,Meat Consumption per Capita,0.102,kg per capita,OECD Meat Consumption
South Korea,KOR,Asia,High Income,35.91,127.77,2009,Food & Emissions,Meat Consumption per Capita,7.501,kg per capita,OECD Meat Consumption
South Korea,KOR,Asia,High Income,35.91,127.77,2009,Food & Emissions,Meat Consumption per Capita,23.457,kg per capita,OECD Meat Consumption
South Korea,KOR,Asia,High Income,35.91,127.77,2009,Food & Emissions,Meat Consumption per Capita,12.079,kg per capita,OECD Meat Consumption
South Korea,KOR,Asia,High Income,35.91,127.77,2009,Food & Emissions,Meat Consumption per Capita,0.095,kg per capita,OECD Meat Consumption
South Korea,KOR,Asia,High Income,35.91,127.77,2010,Food & Emissions,Meat Consumption per Capita,8.069,kg per capita,OECD Meat Consumption
South Korea,KOR,Asia,High Income,35.91,127.77,2010,Food & Emissions,Meat Consumption per Capita,24.305,kg per capita,OECD Meat Consumption
South Korea,KOR,Asia,High Income,35.91,127.77,2010,Food & Emissions,Meat Consumption per Capita,13.259,kg per capita,OECD Meat Consumption
South Korea,KOR,Asia,High Income,35.91,127.77,2010,Food & Emissions,Meat Consumption per Capita,0.101,kg per capita,OECD Meat Consumption
South Korea,KOR,Asia,High Income,35.91,127.77,2011,Food & Emissions,Meat Consumption per Capita,8.919,kg per capita,OECD Meat Consumption
South Korea,KOR,Asia,High Income,35.91,127.77,2011,Food & Emissions,Meat Consumption per Capita,23.398,kg per capita,OECD Meat Consumption
South Korea,KOR,Asia,High Income,35.91,127.77,2011,Food & Emissions,Meat Consumption per Capita,14.209,kg per capita,OECD Meat Consumption
South Korea,KOR,Asia,High Income,35.91,127.77,2011,Food & Emissions,Meat Consumption per Capita,0.115,kg per capita,OECD Meat Consumption
South Korea,KOR,Asia,High Income,35.91,127.77,2012,Food & Emissions,Meat Consumption per Capita,9.048,kg per capita,OECD Meat Consumption
South Korea,KOR,Asia,High Income,35.91,127.77,2012,Food & Emissions,Meat Consumption per Capita,24.226,kg per capita,OECD Meat Consumption
South Korea,KOR,Asia,High Income,35.91,127.77,2012,Food & Emissions,Meat Consumption per Capita,14.263,kg per capita,OECD Meat Consumption
South Korea,KOR,Asia,High Income,35.91,127.77,2012,Food & Emissions,Meat Consumption per Capita,0.118,kg per capita,OECD Meat Consumption
South Korea,KOR,Asia,High Income,35.91,127.77,2013,Food & Emissions,Meat Consumption per Capita,9.46,kg per capita,OECD Meat Consumption
South Korea,KOR,Asia,High Income,35.91,127.77,2013,Food & Emissions,Meat Consumption per Capita,25.399,kg per capita,OECD Meat Consumption
South Korea,KOR,Asia,High Income,35.91,127.77,2013,Food & Emissions,Meat Consumption per Capita,14.431,kg per capita,OECD Meat Consumption
South Korea,KOR,Asia,High Income,35.91,127.77,2013,Food & Emissions,Meat Consumption per Capita,0.116,kg per capita,OECD Meat Consumption
South Korea,KOR,Asia,High Income,35.91,127.77,2014,Food & Emissions,Meat Consumption per Capita,10.009,kg per capita,OECD Meat Consumption
South Korea,KOR,Asia,High Income,35.91,127.77,2014,Food & Emissions,Meat Consumption per Capita,25.782,kg per capita,OECD Meat Consumption
South Korea,KOR,Asia,High Income,35.91,127.77,2014,Food & Emissions,Meat Consumption per Capita,16.157,kg per capita,OECD Meat Consumption
South Korea,KOR,Asia,High Income,35.91,127.77,2014,Food & Emissions,Meat Consumption per Capita,0.153,kg per capita,OECD Meat Consumption
South Korea,KOR,Asia,High Income,35.91,127.77,2015,Food & Emissions,Meat Consumption per Capita,10.147,kg per capita,OECD Meat Consumption
South Korea,KOR,Asia,High Income,35.91,127.77,2015,Food & Emissions,Meat Consumption per Capita,28.047,kg per capita,OECD Meat Consumption
South Korea,KOR,Asia,High Income,35.91,127.77,2015,Food & Emissions,Meat Consumption per Capita,17.067,kg per capita,OECD Meat Consumption
South Korea,KOR,Asia,High Income,35.91,127.77,2015,Food & Emissions,Meat Consumption per Capita,0.191,kg per capita,OECD Meat Consumption
South Korea,KOR,Asia,High Income,35.91,127.77,2016,Food & Emissions,Meat Consumption per Capita,10.175,kg per capita,OECD Meat Consumption
South Korea,KOR,Asia,High Income,35.91,127.77,2016,Food & Emissions,Meat Consumption per Capita,29.207,kg per capita,OECD Meat Consumption
South Korea,KOR,Asia,High Income,35.91,127.77,2016,Food & Emissions,Meat Consumption per Capita,17.463,kg per capita,OECD Meat Consumption
South Korea,KOR,Asia,High Income,35.91,127.77,2016,Food & Emissions,Meat Consumption per Capita,0.242,kg per capita,OECD Meat Consumption
South Korea,KOR,Asia,High Income,35.91,127.77,2017,Food & Emissions,Meat Consumption per Capita,10.584,kg per capita,OECD Meat Consumption
South Korea,KOR,Asia,High Income,35.91,127.77,2017,Food & Emissions,Meat Consumption per Capita,29.602,kg per capita,OECD Meat Consumption
South Korea,KOR,Asia,High Income,35.91,127.77,2017,Food & Emissions,Meat Consumption per Capita,17.196,kg per capita,OECD Meat Consumption
South Korea,KOR,Asia,High Income,35.91,127.77,2017,Food & Emissions,Meat Consumption per Capita,0.316,kg per capita,OECD Meat Consumption
South Korea,KOR,Asia,High Income,35.91,127.77,2018,Food & Emissions,Meat Consumption per Capita,10.904,kg per capita,OECD Meat Consumption
South Korea,KOR,Asia,High Income,35.91,127.77,2018,Food & Emissions,Meat Consumption per Capita,30.062,kg per capita,OECD Meat Consumption
South Korea,KOR,Asia,High Income,35.91,127.77,2018,Food & Emissions,Meat Consumption per Capita,17.991,kg per capita,OECD Meat Consumption
South Korea,KOR,Asia,High Income,35.91,127.77,2018,Food & Emissions,Meat Consumption per Capita,0.301,kg per capita,OECD Meat Consumption
South Korea,KOR,Asia,High Income,35.91,127.77,2019,Food & Emissions,Meat Consumption per Capita,11.035,kg per capita,OECD Meat Consumption
South Korea,KOR,Asia,High Income,35.91,127.77,2019,Food & Emissions,Meat Consumption per Capita,30.821,kg per capita,OECD Meat Consumption
South Korea,KOR,Asia,High Income,35.91,127.77,2019,Food & Emissions,Meat Consumption per Capita,18.231,kg per capita,OECD Meat Consumption
South Korea,KOR,Asia,High Income,35.91,127.77,2019,Food & Emissions,Meat Consumption per Capita,0.304,kg per capita,OECD Meat Consumption
South Korea,KOR,Asia,High Income,35.91,127.77,2020,Food & Emissions,Meat Consumption per Capita,11.109,kg per capita,OECD Meat Consumption
South Korea,KOR,Asia,High Income,35.91,127.77,2020,Food & Emissions,Meat Consumption per Capita,31.124,kg per capita,OECD Meat Consumption
South Korea,KOR,Asia,High Income,35.91,127.77,2020,Food & Emissions,Meat Consumption per Capita,18.384,kg per capita,OECD Meat Consumption
South Korea,KOR,Asia,High Income,35.91,127.77,2020,Food & Emissions,Meat Consumption per Capita,0.308,kg per capita,OECD Meat Consumption
South Korea,KOR,Asia,High Income,35.91,127.77,2021,Food & Emissions,Meat Consumption per Capita,11.205,kg per capita,OECD Meat Consumption
South Korea,KOR,Asia,High Income,35.91,127.77,2021,Food & Emissions,Meat Consumption per Capita,31.075,kg per capita,OECD Meat Consumption
South Korea,KOR,Asia,High Income,35.91,127.77,2021,Food & Emissions,Meat Consumption per Capita,18.601,kg per capita,OECD Meat Consumption
South Korea,KOR,Asia,High Income,35.91,127.77,2021,Food & Emissions,Meat Consumption per Capita,0.311,kg per capita,OECD Meat Consumption
South Korea,KOR,Asia,High Income,35.91,127.77,2022,Food & Emissions,Meat Consumption per Capita,11.284,kg per capita,OECD Meat Consumption
South Korea,KOR,Asia,High Income,35.91,127.77,2022,Food & Emissions,Meat Consumption per Capita,31.086,kg per capita,OECD Meat Consumption
South Korea,KOR,Asia,High Income,35.91,127.77,2022,Food & Emissions,Meat Consumption per Capita,18.835,kg per capita,OECD Meat Consumption
South Korea,KOR,Asia,High Income,35.91,127.77,2022,Food & Emissions,Meat Consumption per Capita,0.314,kg per capita,OECD Meat Consumption
South Korea,KOR,Asia,High Income,35.91,127.77,2023,Food & Emissions,Meat Consumption per Capita,11.382,kg per capita,OECD Meat Consumption
South Korea,KOR,Asia,High Income,35.91,127.77,2023,Food & Emissions,Meat Consumption per Capita,31.148,kg per capita,OECD Meat Consumption
South Korea,KOR,Asia,High Income,35.91,127.77,2023,Food & Emissions,Meat Consumption per Capita,19.044,kg per capita,OECD Meat Consumption
South Korea,KOR,Asia,High Income,35.91,127.77,2023,Food & Emissions,Meat Consumption per Capita,0.318,kg per capita,OECD Meat Consumption
South Korea,KOR,Asia,High Income,35.91,127.77,2024,Food & Emissions,Meat Consumption per Capita,11.476,kg per capita,OECD Meat Consumption
South Korea,KOR,Asia,High Income,35.91,127.77,2024,Food & Emissions,Meat Consumption per Capita,31.193,kg per capita,OECD Meat Consumption
South Korea,KOR,Asia,High Income,35.91,127.77,2024,Food & Emissions,Meat Consumption per Capita,19.264,kg per capita,OECD Meat Consumption
South Korea,KOR,Asia,High Income,35.91,127.77,2024,Food & Emissions,Meat Consumption per Capita,0.321,kg per capita,OECD Meat Consumption
South Korea,KOR,Asia,High Income,35.91,127.77,2025,Food & Emissions,Meat Consumption per Capita,11.559,kg per capita,OECD Meat Consumption
South Korea,KOR,Asia,High Income,35.91,127.77,2025,Food & Emissions,Meat Consumption per Capita,31.253,kg per capita,OECD Meat Consumption
South Korea,KOR,Asia,High Income,35.91,127.77,2025,Food & Emissions,Meat Consumption per Capita,19.485,kg per capita,OECD Meat Consumption
South Korea,KOR,Asia,High Income,35.91,127.77,2025,Food & Emissions,Meat Consumption per Capita,0.324,kg per capita,OECD Meat Consumption
South Korea,KOR,Asia,High Income,35.91,127.77,2026,Food & Emissions,Meat Consumption per Capita,11.653,kg per capita,OECD Meat Consumption
South Korea,KOR,Asia,High Income,35.91,127.77,2026,Food & Emissions,Meat Consumption per Capita,31.323,kg per capita,OECD Meat Consumption
South Korea,KOR,Asia,High Income,35.91,127.77,2026,Food & Emissions,Meat Consumption per Capita,19.697,kg per capita,OECD Meat Consumption
South Korea,KOR,Asia,High Income,35.91,127.77,2026,Food & Emissions,Meat Consumption per Capita,0.328,kg per capita,OECD Meat Consumption
South Korea,KOR,Asia,High Income,35.91,127.77,2027,Food & Emissions,Meat Consumption per Capita,11.75,kg per capita,OECD Meat Consumption
South Korea,KOR,Asia,High Income,35.91,127.77,2027,Food & Emissions,Meat Consumption per Capita,31.39,kg per capita,OECD Meat Consumption
South Korea,KOR,Asia,High Income,35.91,127.77,2027,Food & Emissions,Meat Consumption per Capita,19.912,kg per capita,OECD Meat Consumption
South Korea,KOR,Asia,High Income,35.91,127.77,2027,Food & Emissions,Meat Consumption per Capita,0.331,kg per capita,OECD Meat Consumption
South Korea,KOR,Asia,High Income,35.91,127.77,2028,Food & Emissions,Meat Consumption per Capita,11.844,kg per capita,OECD Meat Consumption
South Korea,KOR,Asia,High Income,35.91,127.77,2028,Food & Emissions,Meat Consumption per Capita,31.463,kg per capita,OECD Meat Consumption
South Korea,KOR,Asia,High Income,35.91,127.77,2028,Food & Emissions,Meat Consumption per Capita,20.132,kg per capita,OECD Meat Consumption
South Korea,KOR,Asia,High Income,35.91,127.77,2028,Food & Emissions,Meat Consumption per Capita,0.335,kg per capita,OECD Meat Consumption
UK,GBR,Europe,High Income,55.38,-3.44,1990,Food & Emissions,Meat Consumption per Capita,0.0,kg per capita,OECD Meat Consumption
UK,GBR,Europe,High Income,55.38,-3.44,1990,Food & Emissions,Meat Consumption per Capita,0.0,kg per capita,OECD Meat Consumption
UK,GBR,Europe,High Income,55.38,-3.44,1990,Food & Emissions,Meat Consumption per Capita,0.0,kg per capita,OECD Meat Consumption
UK,GBR,Europe,High Income,55.38,-3.44,1990,Food & Emissions,Meat Consumption per Capita,0.0,kg per capita,OECD Meat Consumption
UK,GBR,Europe,High Income,55.38,-3.44,1991,Food & Emissions,Meat Consumption per Capita,0.0,kg per capita,OECD Meat Consumption
UK,GBR,Europe,High Income,55.38,-3.44,1991,Food & Emissions,Meat Consumption per Capita,0.0,kg per capita,OECD Meat Consumption
UK,GBR,Europe,High Income,55.38,-3.44,1991,Food & Emissions,Meat Consumption per Capita,0.0,kg per capita,OECD Meat Consumption
UK,GBR,Europe,High Income,55.38,-3.44,1991,Food & Emissions,Meat Consumption per Capita,0.0,kg per capita,OECD Meat Consumption
UK,GBR,Europe,High Income,55.38,-3.44,1992,Food & Emissions,Meat Consumption per Capita,0.0,kg per capita,OECD Meat Consumption
UK,GBR,Europe,High Income,55.38,-3.44,1992,Food & Emissions,Meat Consumption per Capita,0.0,kg per capita,OECD Meat Consumption
UK,GBR,Europe,High Income,55.38,-3.44,1992,Food & Emissions,Meat Consumption per Capita,0.0,kg per capita,OECD Meat Consumption
UK,GBR,Europe,High Income,55.38,-3.44,1992,Food & Emissions,Meat Consumption per Capita,0.0,kg per capita,OECD Meat Consumption
UK,GBR,Europe,High Income,55.38,-3.44,1993,Food & Emissions,Meat Consumption per Capita,0.0,kg per capita,OECD Meat Consumption
UK,GBR,Europe,High Income,55.38,-3.44,1993,Food & Emissions,Meat Consumption per Capita,0.0,kg per capita,OECD Meat Consumption
UK,GBR,Europe,High Income,55.38,-3.44,1993,Food & Emissions,Meat Consumption per Capita,0.0,kg per capita,OECD Meat Consumption
UK,GBR,Europe,High Income,55.38,-3.44,1993,Food & Emissions,Meat Consumption per Capita,0.0,kg per capita,OECD Meat Consumption
UK,GBR,Europe,High Income,55.38,-3.44,1994,Food & Emissions,Meat Consumption per Capita,0.0,kg per capita,OECD Meat Consumption
UK,GBR,Europe,High Income,55.38,-3.44,1994,Food & Emissions,Meat Consumption per Capita,0.0,kg per capita,OECD Meat Consumption
UK,GBR,Europe,High Income,55.38,-3.44,1994,Food & Emissions,Meat Consumption per Capita,0.0,kg per capita,OECD Meat Consumption
UK,GBR,Europe,High Income,55.38,-3.44,1994,Food & Emissions,Meat Consumption per Capita,0.0,kg per capita,OECD Meat Consumption
UK,GBR,Europe,High Income,55.38,-3.44,1995,Food & Emissions,Meat Consumption per Capita,0.0,kg per capita,OECD Meat Consumption
UK,GBR,Europe,High Income,55.38,-3.44,1995,Food & Emissions,Meat Consumption per Capita,0.0,kg per capita,OECD Meat Consumption
UK,GBR,Europe,High Income,55.38,-3.44,1995,Food & Emissions,Meat Consumption per Capita,0.0,kg per capita,OECD Meat Consumption
UK,GBR,Europe,High Income,55.38,-3.44,1995,Food & Emissions,Meat Consumption per Capita,0.0,kg per capita,OECD Meat Consumption
UK,GBR,Europe,High Income,55.38,-3.44,1996,Food & Emissions,Meat Consumption per Capita,0.0,kg per capita,OECD Meat Consumption
UK,GBR,Europe,High Income,55.38,-3.44,1996,Food & Emissions,Meat Consumption per Capita,0.0,kg per capita,OECD Meat Consumption
UK,GBR,Europe,High Income,55.38,-3.44,1996,Food & Emissions,Meat Consumption per Capita,0.0,kg per capita,OECD Meat Consumption
UK,GBR,Europe,High Income,55.38,-3.44,1996,Food & Emissions,Meat Consumption per Capita,0.0,kg per capita,OECD Meat Consumption
UK,GBR,Europe,High Income,55.38,-3.44,1997,Food & Emissions,Meat Consumption per Capita,0.0,kg per capita,OECD Meat Consumption
UK,GBR,Europe,High Income,55.38,-3.44,1997,Food & Emissions,Meat Consumption per Capita,0.0,kg per capita,OECD Meat Consumption
UK,GBR,Europe,High Income,55.38,-3.44,1997,Food & Emissions,Meat Consumption per Capita,0.0,kg per capita,OECD Meat Consumption
UK,GBR,Europe,High Income,55.38,-3.44,1997,Food & Emissions,Meat Consumption per Capita,0.0,kg per capita,OECD Meat Consumption
UK,GBR,Europe,High Income,55.38,-3.44,1998,Food & Emissions,Meat Consumption per Capita,0.0,kg per capita,OECD Meat Consumption
UK,GBR,Europe,High Income,55.38,-3.44,1998,Food & Emissions,Meat Consumption per Capita,0.0,kg per capita,OECD Meat Consumption
UK,GBR,Europe,High Income,55.38,-3.44,1998,Food & Emissions,Meat Consumption per Capita,0.0,kg per capita,OECD Meat Consumption
UK,GBR,Europe,High Income,55.38,-3.44,1998,Food & Emissions,Meat Consumption per Capita,0.0,kg per capita,OECD Meat Consumption
UK,GBR,Europe,High Income,55.38,-3.44,1999,Food & Emissions,Meat Consumption per Capita,0.0,kg per capita,OECD Meat Consumption
UK,GBR,Europe,High Income,55.38,-3.44,1999,Food & Emissions,Meat Consumption per Capita,0.0,kg per capita,OECD Meat Consumption
UK,GBR,Europe,High Income,55.38,-3.44,1999,Food & Emissions,Meat Consumption per Capita,0.0,kg per capita,OECD Meat Consumption
UK,GBR,Europe,High Income,55.38,-3.44,1999,Food & Emissions,Meat Consumption per Capita,0.0,kg per capita,OECD Meat Consumption
UK,GBR,Europe,High Income,55.38,-3.44,2000,Food & Emissions,Meat Consumption per Capita,0.0,kg per capita,OECD Meat Consumption
UK,GBR,Europe,High Income,55.38,-3.44,2000,Food & Emissions,Meat Consumption per Capita,17.105,kg per capita,OECD Meat Consumption
UK,GBR,Europe,High Income,55.38,-3.44,2000,Food & Emissions,Meat Consumption per Capita,25.433,kg per capita,OECD Meat Consumption
UK,GBR,Europe,High Income,55.38,-3.44,2000,Food & Emissions,Meat Consumption per Capita,5.85,kg per capita,OECD Meat Consumption
UK,GBR,Europe,High Income,55.38,-3.44,2001,Food & Emissions,Meat Consumption per Capita,10.649,kg per capita,OECD Meat Consumption
UK,GBR,Europe,High Income,55.38,-3.44,2001,Food & Emissions,Meat Consumption per Capita,17.555,kg per capita,OECD Meat Consumption
UK,GBR,Europe,High Income,55.38,-3.44,2001,Food & Emissions,Meat Consumption per Capita,25.765,kg per capita,OECD Meat Consumption
UK,GBR,Europe,High Income,55.38,-3.44,2001,Food & Emissions,Meat Consumption per Capita,5.083,kg per capita,OECD Meat Consumption
UK,GBR,Europe,High Income,55.38,-3.44,2002,Food & Emissions,Meat Consumption per Capita,11.595,kg per capita,OECD Meat Consumption
UK,GBR,Europe,High Income,55.38,-3.44,2002,Food & Emissions,Meat Consumption per Capita,17.687,kg per capita,OECD Meat Consumption
UK,GBR,Europe,High Income,55.38,-3.44,2002,Food & Emissions,Meat Consumption per Capita,25.36,kg per capita,OECD Meat Consumption
UK,GBR,Europe,High Income,55.38,-3.44,2002,Food & Emissions,Meat Consumption per Capita,5.343,kg per capita,OECD Meat Consumption
UK,GBR,Europe,High Income,55.38,-3.44,2003,Food & Emissions,Meat Consumption per Capita,11.745,kg per capita,OECD Meat Consumption
UK,GBR,Europe,High Income,55.38,-3.44,2003,Food & Emissions,Meat Consumption per Capita,18.363,kg per capita,OECD Meat Consumption
UK,GBR,Europe,High Income,55.38,-3.44,2003,Food & Emissions,Meat Consumption per Capita,25.251,kg per capita,OECD Meat Consumption
UK,GBR,Europe,High Income,55.38,-3.44,2003,Food & Emissions,Meat Consumption per Capita,5.34,kg per capita,OECD Meat Consumption
UK,GBR,Europe,High Income,55.38,-3.44,2004,Food & Emissions,Meat Consumption per Capita,12.086,kg per capita,OECD Meat Consumption
UK,GBR,Europe,High Income,55.38,-3.44,2004,Food & Emissions,Meat Consumption per Capita,17.963,kg per capita,OECD Meat Consumption
UK,GBR,Europe,High Income,55.38,-3.44,2004,Food & Emissions,Meat Consumption per Capita,25.743,kg per capita,OECD Meat Consumption
UK,GBR,Europe,High Income,55.38,-3.44,2004,Food & Emissions,Meat Consumption per Capita,5.513,kg per capita,OECD Meat Consumption
UK,GBR,Europe,High Income,55.38,-3.44,2005,Food & Emissions,Meat Consumption per Capita,12.046,kg per capita,OECD Meat Consumption
UK,GBR,Europe,High Income,55.38,-3.44,2005,Food & Emissions,Meat Consumption per Capita,18.083,kg per capita,OECD Meat Consumption
UK,GBR,Europe,High Income,55.38,-3.44,2005,Food & Emissions,Meat Consumption per Capita,26.123,kg per capita,OECD Meat Consumption
UK,GBR,Europe,High Income,55.38,-3.44,2005,Food & Emissions,Meat Consumption per Capita,5.485,kg per capita,OECD Meat Consumption
UK,GBR,Europe,High Income,55.38,-3.44,2006,Food & Emissions,Meat Consumption per Capita,12.312,kg per capita,OECD Meat Consumption
UK,GBR,Europe,High Income,55.38,-3.44,2006,Food & Emissions,Meat Consumption per Capita,17.849,kg per capita,OECD Meat Consumption
UK,GBR,Europe,High Income,55.38,-3.44,2006,Food & Emissions,Meat Consumption per Capita,24.973,kg per capita,OECD Meat Consumption
UK,GBR,Europe,High Income,55.38,-3.44,2006,Food & Emissions,Meat Consumption per Capita,5.477,kg per capita,OECD Meat Consumption
UK,GBR,Europe,High Income,55.38,-3.44,2007,Food & Emissions,Meat Consumption per Capita,12.429,kg per capita,OECD Meat Consumption
UK,GBR,Europe,High Income,55.38,-3.44,2007,Food & Emissions,Meat Consumption per Capita,18.428,kg per capita,OECD Meat Consumption
UK,GBR,Europe,High Income,55.38,-3.44,2007,Food & Emissions,Meat Consumption per Capita,23.371,kg per capita,OECD Meat Consumption
UK,GBR,Europe,High Income,55.38,-3.44,2007,Food & Emissions,Meat Consumption per Capita,5.59,kg per capita,OECD Meat Consumption
UK,GBR,Europe,High Income,55.38,-3.44,2008,Food & Emissions,Meat Consumption per Capita,11.962,kg per capita,OECD Meat Consumption
UK,GBR,Europe,High Income,55.38,-3.44,2008,Food & Emissions,Meat Consumption per Capita,17.142,kg per capita,OECD Meat Consumption
UK,GBR,Europe,High Income,55.38,-3.44,2008,Food & Emissions,Meat Consumption per Capita,22.578,kg per capita,OECD Meat Consumption
UK,GBR,Europe,High Income,55.38,-3.44,2008,Food & Emissions,Meat Consumption per Capita,5.278,kg per capita,OECD Meat Consumption
UK,GBR,Europe,High Income,55.38,-3.44,2009,Food & Emissions,Meat Consumption per Capita,11.408,kg per capita,OECD Meat Consumption
UK,GBR,Europe,High Income,55.38,-3.44,2009,Food & Emissions,Meat Consumption per Capita,16.938,kg per capita,OECD Meat Consumption
UK,GBR,Europe,High Income,55.38,-3.44,2009,Food & Emissions,Meat Consumption per Capita,22.824,kg per capita,OECD Meat Consumption
UK,GBR,Europe,High Income,55.38,-3.44,2009,Food & Emissions,Meat Consumption per Capita,4.915,kg per capita,OECD Meat Consumption
UK,GBR,Europe,High Income,55.38,-3.44,2010,Food & Emissions,Meat Consumption per Capita,11.893,kg per capita,OECD Meat Consumption
UK,GBR,Europe,High Income,55.38,-3.44,2010,Food & Emissions,Meat Consumption per Capita,16.678,kg per capita,OECD Meat Consumption
UK,GBR,Europe,High Income,55.38,-3.44,2010,Food & Emissions,Meat Consumption per Capita,24.693,kg per capita,OECD Meat Consumption
UK,GBR,Europe,High Income,55.38,-3.44,2010,Food & Emissions,Meat Consumption per Capita,4.352,kg per capita,OECD Meat Consumption
UK,GBR,Europe,High Income,55.38,-3.44,2011,Food & Emissions,Meat Consumption per Capita,11.654,kg per capita,OECD Meat Consumption
UK,GBR,Europe,High Income,55.38,-3.44,2011,Food & Emissions,Meat Consumption per Capita,16.47,kg per capita,OECD Meat Consumption
UK,GBR,Europe,High Income,55.38,-3.44,2011,Food & Emissions,Meat Consumption per Capita,24.61,kg per capita,OECD Meat Consumption
UK,GBR,Europe,High Income,55.38,-3.44,2011,Food & Emissions,Meat Consumption per Capita,4.123,kg per capita,OECD Meat Consumption
UK,GBR,Europe,High Income,55.38,-3.44,2012,Food & Emissions,Meat Consumption per Capita,11.33,kg per capita,OECD Meat Consumption
UK,GBR,Europe,High Income,55.38,-3.44,2012,Food & Emissions,Meat Consumption per Capita,16.114,kg per capita,OECD Meat Consumption
UK,GBR,Europe,High Income,55.38,-3.44,2012,Food & Emissions,Meat Consumption per Capita,24.745,kg per capita,OECD Meat Consumption
UK,GBR,Europe,High Income,55.38,-3.44,2012,Food & Emissions,Meat Consumption per Capita,3.88,kg per capita,OECD Meat Consumption
UK,GBR,Europe,High Income,55.38,-3.44,2013,Food & Emissions,Meat Consumption per Capita,11.083,kg per capita,OECD Meat Consumption
UK,GBR,Europe,High Income,55.38,-3.44,2013,Food & Emissions,Meat Consumption per Capita,15.75,kg per capita,OECD Meat Consumption
UK,GBR,Europe,High Income,55.38,-3.44,2013,Food & Emissions,Meat Consumption per Capita,24.934,kg per capita,OECD Meat Consumption
UK,GBR,Europe,High Income,55.38,-3.44,2013,Food & Emissions,Meat Consumption per Capita,4.094,kg per capita,OECD Meat Consumption
UK,GBR,Europe,High Income,55.38,-3.44,2014,Food & Emissions,Meat Consumption per Capita,11.42,kg per capita,OECD Meat Consumption
UK,GBR,Europe,High Income,55.38,-3.44,2014,Food & Emissions,Meat Consumption per Capita,16.137,kg per capita,OECD Meat Consumption
UK,GBR,Europe,High Income,55.38,-3.44,2014,Food & Emissions,Meat Consumption per Capita,24.602,kg per capita,OECD Meat Consumption
UK,GBR,Europe,High Income,55.38,-3.44,2014,Food & Emissions,Meat Consumption per Capita,4.091,kg per capita,OECD Meat Consumption
UK,GBR,Europe,High Income,55.38,-3.44,2015,Food & Emissions,Meat Consumption per Capita,11.709,kg per capita,OECD Meat Consumption
UK,GBR,Europe,High Income,55.38,-3.44,2015,Food & Emissions,Meat Consumption per Capita,16.499,kg per capita,OECD Meat Consumption
UK,GBR,Europe,High Income,55.38,-3.44,2015,Food & Emissions,Meat Consumption per Capita,26.678,kg per capita,OECD Meat Consumption
UK,GBR,Europe,High Income,55.38,-3.44,2015,Food & Emissions,Meat Consumption per Capita,4.488,kg per capita,OECD Meat Consumption
UK,GBR,Europe,High Income,55.38,-3.44,2016,Food & Emissions,Meat Consumption per Capita,11.75,kg per capita,OECD Meat Consumption
UK,GBR,Europe,High Income,55.38,-3.44,2016,Food & Emissions,Meat Consumption per Capita,17.192,kg per capita,OECD Meat Consumption
UK,GBR,Europe,High Income,55.38,-3.44,2016,Food & Emissions,Meat Consumption per Capita,27.78,kg per capita,OECD Meat Consumption
UK,GBR,Europe,High Income,55.38,-3.44,2016,Food & Emissions,Meat Consumption per Capita,4.335,kg per capita,OECD Meat Consumption
UK,GBR,Europe,High Income,55.38,-3.44,2017,Food & Emissions,Meat Consumption per Capita,11.757,kg per capita,OECD Meat Consumption
UK,GBR,Europe,High Income,55.38,-3.44,2017,Food & Emissions,Meat Consumption per Capita,16.736,kg per capita,OECD Meat Consumption
UK,GBR,Europe,High Income,55.38,-3.44,2017,Food & Emissions,Meat Consumption per Capita,26.9,kg per capita,OECD Meat Consumption
UK,GBR,Europe,High Income,55.38,-3.44,2017,Food & Emissions,Meat Consumption per Capita,4.045,kg per capita,OECD Meat Consumption
UK,GBR,Europe,High Income,55.38,-3.44,2018,Food & Emissions,Meat Consumption per Capita,11.673,kg per capita,OECD Meat Consumption
UK,GBR,Europe,High Income,55.38,-3.44,2018,Food & Emissions,Meat Consumption per Capita,17.363,kg per capita,OECD Meat Consumption
UK,GBR,Europe,High Income,55.38,-3.44,2018,Food & Emissions,Meat Consumption per Capita,27.793,kg per capita,OECD Meat Consumption
UK,GBR,Europe,High Income,55.38,-3.44,2018,Food & Emissions,Meat Consumption per Capita,4.092,kg per capita,OECD Meat Consumption
UK,GBR,Europe,High Income,55.38,-3.44,2019,Food & Emissions,Meat Consumption per Capita,11.667,kg per capita,OECD Meat Consumption
UK,GBR,Europe,High Income,55.38,-3.44,2019,Food & Emissions,Meat Consumption per Capita,17.031,kg per capita,OECD Meat Consumption
UK,GBR,Europe,High Income,55.38,-3.44,2019,Food & Emissions,Meat Consumption per Capita,28.316,kg per capita,OECD Meat Consumption
UK,GBR,Europe,High Income,55.38,-3.44,2019,Food & Emissions,Meat Consumption per Capita,4.122,kg per capita,OECD Meat Consumption
UK,GBR,Europe,High Income,55.38,-3.44,2020,Food & Emissions,Meat Consumption per Capita,11.662,kg per capita,OECD Meat Consumption
UK,GBR,Europe,High Income,55.38,-3.44,2020,Food & Emissions,Meat Consumption per Capita,17.184,kg per capita,OECD Meat Consumption
UK,GBR,Europe,High Income,55.38,-3.44,2020,Food & Emissions,Meat Consumption per Capita,28.048,kg per capita,OECD Meat Consumption
UK,GBR,Europe,High Income,55.38,-3.44,2020,Food & Emissions,Meat Consumption per Capita,4.117,kg per capita,OECD Meat Consumption
UK,GBR,Europe,High Income,55.38,-3.44,2021,Food & Emissions,Meat Consumption per Capita,11.701,kg per capita,OECD Meat Consumption
UK,GBR,Europe,High Income,55.38,-3.44,2021,Food & Emissions,Meat Consumption per Capita,16.933,kg per capita,OECD Meat Consumption
UK,GBR,Europe,High Income,55.38,-3.44,2021,Food & Emissions,Meat Consumption per Capita,28.192,kg per capita,OECD Meat Consumption
UK,GBR,Europe,High Income,55.38,-3.44,2021,Food & Emissions,Meat Consumption per Capita,4.143,kg per capita,OECD Meat Consumption
UK,GBR,Europe,High Income,55.38,-3.44,2022,Food & Emissions,Meat Consumption per Capita,11.735,kg per capita,OECD Meat Consumption
UK,GBR,Europe,High Income,55.38,-3.44,2022,Food & Emissions,Meat Consumption per Capita,16.727,kg per capita,OECD Meat Consumption
UK,GBR,Europe,High Income,55.38,-3.44,2022,Food & Emissions,Meat Consumption per Capita,28.283,kg per capita,OECD Meat Consumption
UK,GBR,Europe,High Income,55.38,-3.44,2022,Food & Emissions,Meat Consumption per Capita,4.157,kg per capita,OECD Meat Consumption
UK,GBR,Europe,High Income,55.38,-3.44,2023,Food & Emissions,Meat Consumption per Capita,11.759,kg per capita,OECD Meat Consumption
UK,GBR,Europe,High Income,55.38,-3.44,2023,Food & Emissions,Meat Consumption per Capita,16.617,kg per capita,OECD Meat Consumption
UK,GBR,Europe,High Income,55.38,-3.44,2023,Food & Emissions,Meat Consumption per Capita,28.364,kg per capita,OECD Meat Consumption
UK,GBR,Europe,High Income,55.38,-3.44,2023,Food & Emissions,Meat Consumption per Capita,4.134,kg per capita,OECD Meat Consumption
UK,GBR,Europe,High Income,55.38,-3.44,2024,Food & Emissions,Meat Consumption per Capita,11.739,kg per capita,OECD Meat Consumption
UK,GBR,Europe,High Income,55.38,-3.44,2024,Food & Emissions,Meat Consumption per Capita,16.626,kg per capita,OECD Meat Consumption
UK,GBR,Europe,High Income,55.38,-3.44,2024,Food & Emissions,Meat Consumption per Capita,28.422,kg per capita,OECD Meat Consumption
UK,GBR,Europe,High Income,55.38,-3.44,2024,Food & Emissions,Meat Consumption per Capita,4.119,kg per capita,OECD Meat Consumption
UK,GBR,Europe,High Income,55.38,-3.44,2025,Food & Emissions,Meat Consumption per Capita,11.677,kg per capita,OECD Meat Consumption
UK,GBR,Europe,High Income,55.38,-3.44,2025,Food & Emissions,Meat Consumption per Capita,16.782,kg per capita,OECD Meat Consumption
UK,GBR,Europe,High Income,55.38,-3.44,2025,Food & Emissions,Meat Consumption per Capita,28.554,kg per capita,OECD Meat Consumption
UK,GBR,Europe,High Income,55.38,-3.44,2025,Food & Emissions,Meat Consumption per Capita,4.124,kg per capita,OECD Meat Consumption
UK,GBR,Europe,High Income,55.38,-3.44,2026,Food & Emissions,Meat Consumption per Capita,11.667,kg per capita,OECD Meat Consumption
UK,GBR,Europe,High Income,55.38,-3.44,2026,Food & Emissions,Meat Consumption per Capita,16.83,kg per capita,OECD Meat Consumption
UK,GBR,Europe,High Income,55.38,-3.44,2026,Food & Emissions,Meat Consumption per Capita,28.706,kg per capita,OECD Meat Consumption
UK,GBR,Europe,High Income,55.38,-3.44,2026,Food & Emissions,Meat Consumption per Capita,4.125,kg per capita,OECD Meat Consumption
UK,GBR,Europe,High Income,55.38,-3.44,2027,Food & Emissions,Meat Consumption per Capita,11.661,kg per capita,OECD Meat Consumption
UK,GBR,Europe,High Income,55.38,-3.44,2027,Food & Emissions,Meat Consumption per Capita,16.786,kg per capita,OECD Meat Consumption
UK,GBR,Europe,High Income,55.38,-3.44,2027,Food & Emissions,Meat Consumption per Capita,28.862,kg per capita,OECD Meat Consumption
UK,GBR,Europe,High Income,55.38,-3.44,2027,Food & Emissions,Meat Consumption per Capita,4.135,kg per capita,OECD Meat Consumption
UK,GBR,Europe,High Income,55.38,-3.44,2028,Food & Emissions,Meat Consumption per Capita,11.621,kg per capita,OECD Meat Consumption
UK,GBR,Europe,High Income,55.38,-3.44,2028,Food & Emissions,Meat Consumption per Capita,16.824,kg per capita,OECD Meat Consumption
UK,GBR,Europe,High Income,55.38,-3.44,2028,Food & Emissions,Meat Consumption per Capita,29.045,kg per capita,OECD Meat Consumption
UK,GBR,Europe,High Income,55.38,-3.44,2028,Food & Emissions,Meat Consumption per Capita,4.146,kg per capita,OECD Meat Consumption
USA,USA,North America,High Income,37.09,-95.71,1990,Food & Emissions,Meat Consumption per Capita,30.623,kg per capita,OECD Meat Consumption
USA,USA,North America,High Income,37.09,-95.71,1990,Food & Emissions,Meat Consumption per Capita,22.459,kg per capita,OECD Meat Consumption
USA,USA,North America,High Income,37.09,-95.71,1990,Food & Emissions,Meat Consumption per Capita,35.015,kg per capita,OECD Meat Consumption
USA,USA,North America,High Income,37.09,-95.71,1990,Food & Emissions,Meat Consumption per Capita,0.629,kg per capita,OECD Meat Consumption
USA,USA,North America,High Income,37.09,-95.71,1991,Food & Emissions,Meat Consumption per Capita,30.408,kg per capita,OECD Meat Consumption
USA,USA,North America,High Income,37.09,-95.71,1991,Food & Emissions,Meat Consumption per Capita,22.756,kg per capita,OECD Meat Consumption
USA,USA,North America,High Income,37.09,-95.71,1991,Food & Emissions,Meat Consumption per Capita,36.462,kg per capita,OECD Meat Consumption
USA,USA,North America,High Income,37.09,-95.71,1991,Food & Emissions,Meat Consumption per Capita,0.621,kg per capita,OECD Meat Consumption
USA,USA,North America,High Income,37.09,-95.71,1992,Food & Emissions,Meat Consumption per Capita,30.305,kg per capita,OECD Meat Consumption
USA,USA,North America,High Income,37.09,-95.71,1992,Food & Emissions,Meat Consumption per Capita,24.016,kg per capita,OECD Meat Consumption
USA,USA,North America,High Income,37.09,-95.71,1992,Food & Emissions,Meat Consumption per Capita,37.869,kg per capita,OECD Meat Consumption
USA,USA,North America,High Income,37.09,-95.71,1992,Food & Emissions,Meat Consumption per Capita,0.602,kg per capita,OECD Meat Consumption
USA,USA,North America,High Income,37.09,-95.71,1993,Food & Emissions,Meat Consumption per Capita,29.663,kg per capita,OECD Meat Consumption
USA,USA,North America,High Income,37.09,-95.71,1993,Food & Emissions,Meat Consumption per Capita,23.702,kg per capita,OECD Meat Consumption
USA,USA,North America,High Income,37.09,-95.71,1993,Food & Emissions,Meat Consumption per Capita,38.527,kg per capita,OECD Meat Consumption
USA,USA,North America,High Income,37.09,-95.71,1993,Food & Emissions,Meat Consumption per Capita,0.585,kg per capita,OECD Meat Consumption
USA,USA,North America,High Income,37.09,-95.71,1994,Food & Emissions,Meat Consumption per Capita,30.713,kg per capita,OECD Meat Consumption
USA,USA,North America,High Income,37.09,-95.71,1994,Food & Emissions,Meat Consumption per Capita,24.008,kg per capita,OECD Meat Consumption
USA,USA,North America,High Income,37.09,-95.71,1994,Food & Emissions,Meat Consumption per Capita,39.126,kg per capita,OECD Meat Consumption
USA,USA,North America,High Income,37.09,-95.71,1994,Food & Emissions,Meat Consumption per Capita,0.526,kg per capita,OECD Meat Consumption
USA,USA,North America,High Income,37.09,-95.71,1995,Food & Emissions,Meat Consumption per Capita,30.898,kg per capita,OECD Meat Consumption
USA,USA,North America,High Income,37.09,-95.71,1995,Food & Emissions,Meat Consumption per Capita,23.663,kg per capita,OECD Meat Consumption
USA,USA,North America,High Income,37.09,-95.71,1995,Food & Emissions,Meat Consumption per Capita,38.982,kg per capita,OECD Meat Consumption
USA,USA,North America,High Income,37.09,-95.71,1995,Food & Emissions,Meat Consumption per Capita,0.52,kg per capita,OECD Meat Consumption
USA,USA,North America,High Income,37.09,-95.71,1996,Food & Emissions,Meat Consumption per Capita,30.996,kg per capita,OECD Meat Consumption
USA,USA,North America,High Income,37.09,-95.71,1996,Food & Emissions,Meat Consumption per Capita,22.106,kg per capita,OECD Meat Consumption
USA,USA,North America,High Income,37.09,-95.71,1996,Food & Emissions,Meat Consumption per Capita,39.739,kg per capita,OECD Meat Consumption
USA,USA,North America,High Income,37.09,-95.71,1996,Food & Emissions,Meat Consumption per Capita,0.495,kg per capita,OECD Meat Consumption
USA,USA,North America,High Income,37.09,-95.71,1997,Food & Emissions,Meat Consumption per Capita,30.269,kg per capita,OECD Meat Consumption
USA,USA,North America,High Income,37.09,-95.71,1997,Food & Emissions,Meat Consumption per Capita,21.869,kg per capita,OECD Meat Consumption
USA,USA,North America,High Income,37.09,-95.71,1997,Food & Emissions,Meat Consumption per Capita,39.987,kg per capita,OECD Meat Consumption
USA,USA,North America,High Income,37.09,-95.71,1997,Food & Emissions,Meat Consumption per Capita,0.488,kg per capita,OECD Meat Consumption
USA,USA,North America,High Income,37.09,-95.71,1998,Food & Emissions,Meat Consumption per Capita,30.617,kg per capita,OECD Meat Consumption
USA,USA,North America,High Income,37.09,-95.71,1998,Food & Emissions,Meat Consumption per Capita,23.509,kg per capita,OECD Meat Consumption
USA,USA,North America,High Income,37.09,-95.71,1998,Food & Emissions,Meat Consumption per Capita,40.301,kg per capita,OECD Meat Consumption
USA,USA,North America,High Income,37.09,-95.71,1998,Food & Emissions,Meat Consumption per Capita,0.521,kg per capita,OECD Meat Consumption
USA,USA,North America,High Income,37.09,-95.71,1999,Food & Emissions,Meat Consumption per Capita,30.937,kg per capita,OECD Meat Consumption
USA,USA,North America,High Income,37.09,-95.71,1999,Food & Emissions,Meat Consumption per Capita,24.048,kg per capita,OECD Meat Consumption
USA,USA,North America,High Income,37.09,-95.71,1999,Food & Emissions,Meat Consumption per Capita,42.751,kg per capita,OECD Meat Consumption
USA,USA,North America,High Income,37.09,-95.71,1999,Food & Emissions,Meat Consumption per Capita,0.513,kg per capita,OECD Meat Consumption
USA,USA,North America,High Income,37.09,-95.71,2000,Food & Emissions,Meat Consumption per Capita,31.037,kg per capita,OECD Meat Consumption
USA,USA,North America,High Income,37.09,-95.71,2000,Food & Emissions,Meat Consumption per Capita,23.391,kg per capita,OECD Meat Consumption
USA,USA,North America,High Income,37.09,-95.71,2000,Food & Emissions,Meat Consumption per Capita,43.186,kg per capita,OECD Meat Consumption
USA,USA,North America,High Income,37.09,-95.71,2000,Food & Emissions,Meat Consumption per Capita,0.501,kg per capita,OECD Meat Consumption
USA,USA,North America,High Income,37.09,-95.71,2001,Food & Emissions,Meat Consumption per Capita,30.352,kg per capita,OECD Meat Consumption
USA,USA,North America,High Income,37.09,-95.71,2001,Food & Emissions,Meat Consumption per Capita,22.968,kg per capita,OECD Meat Consumption
USA,USA,North America,High Income,37.09,-95.71,2001,Food & Emissions,Meat Consumption per Capita,43.192,kg per capita,OECD Meat Consumption
USA,USA,North America,High Income,37.09,-95.71,2001,Food & Emissions,Meat Consumption per Capita,0.515,kg per capita,OECD Meat Consumption
USA,USA,North America,High Income,37.09,-95.71,2002,Food & Emissions,Meat Consumption per Capita,31.013,kg per capita,OECD Meat Consumption
USA,USA,North America,High Income,37.09,-95.71,2002,Food & Emissions,Meat Consumption per Capita,23.562,kg per capita,OECD Meat Consumption
USA,USA,North America,High Income,37.09,-95.71,2002,Food & Emissions,Meat Consumption per Capita,45.226,kg per capita,OECD Meat Consumption
USA,USA,North America,High Income,37.09,-95.71,2002,Food & Emissions,Meat Consumption per Capita,0.529,kg per capita,OECD Meat Consumption
USA,USA,North America,High Income,37.09,-95.71,2003,Food & Emissions,Meat Consumption per Capita,29.781,kg per capita,OECD Meat Consumption
USA,USA,North America,High Income,37.09,-95.71,2003,Food & Emissions,Meat Consumption per Capita,23.709,kg per capita,OECD Meat Consumption
USA,USA,North America,High Income,37.09,-95.71,2003,Food & Emissions,Meat Consumption per Capita,45.599,kg per capita,OECD Meat Consumption
USA,USA,North America,High Income,37.09,-95.71,2003,Food & Emissions,Meat Consumption per Capita,0.505,kg per capita,OECD Meat Consumption
USA,USA,North America,High Income,37.09,-95.71,2004,Food & Emissions,Meat Consumption per Capita,30.311,kg per capita,OECD Meat Consumption
USA,USA,North America,High Income,37.09,-95.71,2004,Food & Emissions,Meat Consumption per Capita,23.507,kg per capita,OECD Meat Consumption
USA,USA,North America,High Income,37.09,-95.71,2004,Food & Emissions,Meat Consumption per Capita,46.581,kg per capita,OECD Meat Consumption
USA,USA,North America,High Income,37.09,-95.71,2004,Food & Emissions,Meat Consumption per Capita,0.508,kg per capita,OECD Meat Consumption
USA,USA,North America,High Income,37.09,-95.71,2005,Food & Emissions,Meat Consumption per Capita,30.035,kg per capita,OECD Meat Consumption
USA,USA,North America,High Income,37.09,-95.71,2005,Food & Emissions,Meat Consumption per Capita,22.914,kg per capita,OECD Meat Consumption
USA,USA,North America,High Income,37.09,-95.71,2005,Food & Emissions,Meat Consumption per Capita,47.266,kg per capita,OECD Meat Consumption
USA,USA,North America,High Income,37.09,-95.71,2005,Food & Emissions,Meat Consumption per Capita,0.481,kg per capita,OECD Meat Consumption
USA,USA,North America,High Income,37.09,-95.71,2006,Food & Emissions,Meat Consumption per Capita,30.164,kg per capita,OECD Meat Consumption
USA,USA,North America,High Income,37.09,-95.71,2006,Food & Emissions,Meat Consumption per Capita,22.63,kg per capita,OECD Meat Consumption
USA,USA,North America,High Income,37.09,-95.71,2006,Food & Emissions,Meat Consumption per Capita,47.517,kg per capita,OECD Meat Consumption
USA,USA,North America,High Income,37.09,-95.71,2006,Food & Emissions,Meat Consumption per Capita,0.477,kg per capita,OECD Meat Consumption
USA,USA,North America,High Income,37.09,-95.71,2007,Food & Emissions,Meat Consumption per Capita,29.904,kg per capita,OECD Meat Consumption
USA,USA,North America,High Income,37.09,-95.71,2007,Food & Emissions,Meat Consumption per Capita,23.266,kg per capita,OECD Meat Consumption
USA,USA,North America,High Income,37.09,-95.71,2007,Food & Emissions,Meat Consumption per Capita,46.771,kg per capita,OECD Meat Consumption
USA,USA,North America,High Income,37.09,-95.71,2007,Food & Emissions,Meat Consumption per Capita,0.511,kg per capita,OECD Meat Consumption
USA,USA,North America,High Income,37.09,-95.71,2008,Food & Emissions,Meat Consumption per Capita,28.721,kg per capita,OECD Meat Consumption
USA,USA,North America,High Income,37.09,-95.71,2008,Food & Emissions,Meat Consumption per Capita,22.662,kg per capita,OECD Meat Consumption
USA,USA,North America,High Income,37.09,-95.71,2008,Food & Emissions,Meat Consumption per Capita,46.629,kg per capita,OECD Meat Consumption
USA,USA,North America,High Income,37.09,-95.71,2008,Food & Emissions,Meat Consumption per Capita,0.451,kg per capita,OECD Meat Consumption
USA,USA,North America,High Income,37.09,-95.71,2009,Food & Emissions,Meat Consumption per Capita,28.058,kg per capita,OECD Meat Consumption
USA,USA,North America,High Income,37.09,-95.71,2009,Food & Emissions,Meat Consumption per Capita,22.931,kg per capita,OECD Meat Consumption
USA,USA,North America,High Income,37.09,-95.71,2009,Food & Emissions,Meat Consumption per Capita,44.557,kg per capita,OECD Meat Consumption
USA,USA,North America,High Income,37.09,-95.71,2009,Food & Emissions,Meat Consumption per Capita,0.442,kg per capita,OECD Meat Consumption
USA,USA,North America,High Income,37.09,-95.71,2010,Food & Emissions,Meat Consumption per Capita,27.289,kg per capita,OECD Meat Consumption
USA,USA,North America,High Income,37.09,-95.71,2010,Food & Emissions,Meat Consumption per Capita,21.878,kg per capita,OECD Meat Consumption
USA,USA,North America,High Income,37.09,-95.71,2010,Food & Emissions,Meat Consumption per Capita,45.591,kg per capita,OECD Meat Consumption
USA,USA,North America,High Income,37.09,-95.71,2010,Food & Emissions,Meat Consumption per Capita,0.41,kg per capita,OECD Meat Consumption
USA,USA,North America,High Income,37.09,-95.71,2011,Food & Emissions,Meat Consumption per Capita,26.307,kg per capita,OECD Meat Consumption
USA,USA,North America,High Income,37.09,-95.71,2011,Food & Emissions,Meat Consumption per Capita,20.896,kg per capita,OECD Meat Consumption
USA,USA,North America,High Income,37.09,-95.71,2011,Food & Emissions,Meat Consumption per Capita,46.599,kg per capita,OECD Meat Consumption
USA,USA,North America,High Income,37.09,-95.71,2011,Food & Emissions,Meat Consumption per Capita,0.378,kg per capita,OECD Meat Consumption
USA,USA,North America,High Income,37.09,-95.71,2012,Food & Emissions,Meat Consumption per Capita,26.142,kg per capita,OECD Meat Consumption
USA,USA,North America,High Income,37.09,-95.71,2012,Food & Emissions,Meat Consumption per Capita,20.932,kg per capita,OECD Meat Consumption
USA,USA,North America,High Income,37.09,-95.71,2012,Food & Emissions,Meat Consumption per Capita,44.623,kg per capita,OECD Meat Consumption
USA,USA,North America,High Income,37.09,-95.71,2012,Food & Emissions,Meat Consumption per Capita,0.382,kg per capita,OECD Meat Consumption
USA,USA,North America,High Income,37.09,-95.71,2013,Food & Emissions,Meat Consumption per Capita,25.665,kg per capita,OECD Meat Consumption
USA,USA,North America,High Income,37.09,-95.71,2013,Food & Emissions,Meat Consumption per Capita,21.467,kg per capita,OECD Meat Consumption
USA,USA,North America,High Income,37.09,-95.71,2013,Food & Emissions,Meat Consumption per Capita,44.452,kg per capita,OECD Meat Consumption
USA,USA,North America,High Income,37.09,-95.71,2013,Food & Emissions,Meat Consumption per Capita,0.41,kg per capita,OECD Meat Consumption
USA,USA,North America,High Income,37.09,-95.71,2014,Food & Emissions,Meat Consumption per Capita,24.701,kg per capita,OECD Meat Consumption
USA,USA,North America,High Income,37.09,-95.71,2014,Food & Emissions,Meat Consumption per Capita,21.236,kg per capita,OECD Meat Consumption
USA,USA,North America,High Income,37.09,-95.71,2014,Food & Emissions,Meat Consumption per Capita,45.185,kg per capita,OECD Meat Consumption
USA,USA,North America,High Income,37.09,-95.71,2014,Food & Emissions,Meat Consumption per Capita,0.439,kg per capita,OECD Meat Consumption
USA,USA,North America,High Income,37.09,-95.71,2015,Food & Emissions,Meat Consumption per Capita,24.672,kg per capita,OECD Meat Consumption
USA,USA,North America,High Income,37.09,-95.71,2015,Food & Emissions,Meat Consumption per Capita,22.773,kg per capita,OECD Meat Consumption
USA,USA,North America,High Income,37.09,-95.71,2015,Food & Emissions,Meat Consumption per Capita,47.925,kg per capita,OECD Meat Consumption
USA,USA,North America,High Income,37.09,-95.71,2015,Food & Emissions,Meat Consumption per Capita,0.455,kg per capita,OECD Meat Consumption
USA,USA,North America,High Income,37.09,-95.71,2016,Food & Emissions,Meat Consumption per Capita,25.374,kg per capita,OECD Meat Consumption
USA,USA,North America,High Income,37.09,-95.71,2016,Food & Emissions,Meat Consumption per Capita,22.943,kg per capita,OECD Meat Consumption
USA,USA,North America,High Income,37.09,-95.71,2016,Food & Emissions,Meat Consumption per Capita,48.547,kg per capita,OECD Meat Consumption
USA,USA,North America,High Income,37.09,-95.71,2016,Food & Emissions,Meat Consumption per Capita,0.453,kg per capita,OECD Meat Consumption
USA,USA,North America,High Income,37.09,-95.71,2017,Food & Emissions,Meat Consumption per Capita,25.989,kg per capita,OECD Meat Consumption
USA,USA,North America,High Income,37.09,-95.71,2017,Food & Emissions,Meat Consumption per Capita,22.937,kg per capita,OECD Meat Consumption
USA,USA,North America,High Income,37.09,-95.71,2017,Food & Emissions,Meat Consumption per Capita,48.995,kg per capita,OECD Meat Consumption
USA,USA,North America,High Income,37.09,-95.71,2017,Food & Emissions,Meat Consumption per Capita,0.487,kg per capita,OECD Meat Consumption
USA,USA,North America,High Income,37.09,-95.71,2018,Food & Emissions,Meat Consumption per Capita,26.091,kg per capita,OECD Meat Consumption
USA,USA,North America,High Income,37.09,-95.71,2018,Food & Emissions,Meat Consumption per Capita,23.049,kg per capita,OECD Meat Consumption
USA,USA,North America,High Income,37.09,-95.71,2018,Food & Emissions,Meat Consumption per Capita,49.683,kg per capita,OECD Meat Consumption
USA,USA,North America,High Income,37.09,-95.71,2018,Food & Emissions,Meat Consumption per Capita,0.469,kg per capita,OECD Meat Consumption
USA,USA,North America,High Income,37.09,-95.71,2019,Food & Emissions,Meat Consumption per Capita,26.729,kg per capita,OECD Meat Consumption
USA,USA,North America,High Income,37.09,-95.71,2019,Food & Emissions,Meat Consumption per Capita,23.302,kg per capita,OECD Meat Consumption
USA,USA,North America,High Income,37.09,-95.71,2019,Food & Emissions,Meat Consumption per Capita,50.071,kg per capita,OECD Meat Consumption
USA,USA,North America,High Income,37.09,-95.71,2019,Food & Emissions,Meat Consumption per Capita,0.448,kg per capita,OECD Meat Consumption
USA,USA,North America,High Income,37.09,-95.71,2020,Food & Emissions,Meat Consumption per Capita,27.21,kg per capita,OECD Meat Consumption
USA,USA,North America,High Income,37.09,-95.71,2020,Food & Emissions,Meat Consumption per Capita,23.461,kg per capita,OECD Meat Consumption
USA,USA,North America,High Income,37.09,-95.71,2020,Food & Emissions,Meat Consumption per Capita,49.485,kg per capita,OECD Meat Consumption
USA,USA,North America,High Income,37.09,-95.71,2020,Food & Emissions,Meat Consumption per Capita,0.438,kg per capita,OECD Meat Consumption
USA,USA,North America,High Income,37.09,-95.71,2021,Food & Emissions,Meat Consumption per Capita,27.194,kg per capita,OECD Meat Consumption
USA,USA,North America,High Income,37.09,-95.71,2021,Food & Emissions,Meat Consumption per Capita,23.423,kg per capita,OECD Meat Consumption
USA,USA,North America,High Income,37.09,-95.71,2021,Food & Emissions,Meat Consumption per Capita,49.546,kg per capita,OECD Meat Consumption
USA,USA,North America,High Income,37.09,-95.71,2021,Food & Emissions,Meat Consumption per Capita,0.427,kg per capita,OECD Meat Consumption
USA,USA,North America,High Income,37.09,-95.71,2022,Food & Emissions,Meat Consumption per Capita,26.978,kg per capita,OECD Meat Consumption
USA,USA,North America,High Income,37.09,-95.71,2022,Food & Emissions,Meat Consumption per Capita,23.407,kg per capita,OECD Meat Consumption
USA,USA,North America,High Income,37.09,-95.71,2022,Food & Emissions,Meat Consumption per Capita,49.659,kg per capita,OECD Meat Consumption
USA,USA,North America,High Income,37.09,-95.71,2022,Food & Emissions,Meat Consumption per Capita,0.428,kg per capita,OECD Meat Consumption
USA,USA,North America,High Income,37.09,-95.71,2023,Food & Emissions,Meat Consumption per Capita,27.071,kg per capita,OECD Meat Consumption
USA,USA,North America,High Income,37.09,-95.71,2023,Food & Emissions,Meat Consumption per Capita,23.376,kg per capita,OECD Meat Consumption
USA,USA,North America,High Income,37.09,-95.71,2023,Food & Emissions,Meat Consumption per Capita,49.582,kg per capita,OECD Meat Consumption
USA,USA,North America,High Income,37.09,-95.71,2023,Food & Emissions,Meat Consumption per Capita,0.427,kg per capita,OECD Meat Consumption
USA,USA,North America,High Income,37.09,-95.71,2024,Food & Emissions,Meat Consumption per Capita,27.136,kg per capita,OECD Meat Consumption
USA,USA,North America,High Income,37.09,-95.71,2024,Food & Emissions,Meat Consumption per Capita,23.372,kg per capita,OECD Meat Consumption
USA,USA,North America,High Income,37.09,-95.71,2024,Food & Emissions,Meat Consumption per Capita,49.605,kg per capita,OECD Meat Consumption
USA,USA,North America,High Income,37.09,-95.71,2024,Food & Emissions,Meat Consumption per Capita,0.426,kg per capita,OECD Meat Consumption
USA,USA,North America,High Income,37.09,-95.71,2025,Food & Emissions,Meat Consumption per Capita,27.09,kg per capita,OECD Meat Consumption
USA,USA,North America,High Income,37.09,-95.71,2025,Food & Emissions,Meat Consumption per Capita,23.399,kg per capita,OECD Meat Consumption
USA,USA,North America,High Income,37.09,-95.71,2025,Food & Emissions,Meat Consumption per Capita,49.649,kg per capita,OECD Meat Consumption
USA,USA,North America,High Income,37.09,-95.71,2025,Food & Emissions,Meat Consumption per Capita,0.426,kg per capita,OECD Meat Consumption
USA,USA,North America,High Income,37.09,-95.71,2026,Food & Emissions,Meat Consumption per Capita,27.102,kg per capita,OECD Meat Consumption
USA,USA,North America,High Income,37.09,-95.71,2026,Food & Emissions,Meat Consumption per Capita,23.418,kg per capita,OECD Meat Consumption
USA,USA,North America,High Income,37.09,-95.71,2026,Food & Emissions,Meat Consumption per Capita,49.617,kg per capita,OECD Meat Consumption
USA,USA,North America,High Income,37.09,-95.71,2026,Food & Emissions,Meat Consumption per Capita,0.426,kg per capita,OECD Meat Consumption
USA,USA,North America,High Income,37.09,-95.71,2027,Food & Emissions,Meat Consumption per Capita,27.063,kg per capita,OECD Meat Consumption
USA,USA,North America,High Income,37.09,-95.71,2027,Food & Emissions,Meat Consumption per Capita,23.422,kg per capita,OECD Meat Consumption
USA,USA,North America,High Income,37.09,-95.71,2027,Food & Emissions,Meat Consumption per Capita,49.619,kg per capita,OECD Meat Consumption
USA,USA,North America,High Income,37.09,-95.71,2027,Food & Emissions,Meat Consumption per Capita,0.425,kg per capita,OECD Meat Consumption
USA,USA,North America,High Income,37.09,-95.71,2028,Food & Emissions,Meat Consumption per Capita,26.99,kg per capita,OECD Meat Consumption
USA,USA,North America,High Income,37.09,-95.71,2028,Food & Emissions,Meat Consumption per Capita,23.432,kg per capita,OECD Meat Consumption
USA,USA,North America,High Income,37.09,-95.71,2028,Food & Emissions,Meat Consumption per Capita,49.665,kg per capita,OECD Meat Consumption
USA,USA,North America,High Income,37.09,-95.71,2028,Food & Emissions,Meat Consumption per Capita,0.425,kg per capita,OECD Meat Consumption
Australia,AUS,Oceania,High Income,-25.27,133.77,1990,Food & Emissions,Total Agrofood Emissions,210940.865,kt CO2eq,Agrofood CO2 Emissions
Australia,AUS,Oceania,High Income,-25.27,133.77,1991,Food & Emissions,Total Agrofood Emissions,209420.672,kt CO2eq,Agrofood CO2 Emissions
Australia,AUS,Oceania,High Income,-25.27,133.77,1992,Food & Emissions,Total Agrofood Emissions,208693.207,kt CO2eq,Agrofood CO2 Emissions
Australia,AUS,Oceania,High Income,-25.27,133.77,1993,Food & Emissions,Total Agrofood Emissions,208526.198,kt CO2eq,Agrofood CO2 Emissions
Australia,AUS,Oceania,High Income,-25.27,133.77,1994,Food & Emissions,Total Agrofood Emissions,208232.184,kt CO2eq,Agrofood CO2 Emissions
Australia,AUS,Oceania,High Income,-25.27,133.77,1995,Food & Emissions,Total Agrofood Emissions,209054.478,kt CO2eq,Agrofood CO2 Emissions
Australia,AUS,Oceania,High Income,-25.27,133.77,1996,Food & Emissions,Total Agrofood Emissions,201427.325,kt CO2eq,Agrofood CO2 Emissions
Australia,AUS,Oceania,High Income,-25.27,133.77,1997,Food & Emissions,Total Agrofood Emissions,204517.404,kt CO2eq,Agrofood CO2 Emissions
Australia,AUS,Oceania,High Income,-25.27,133.77,1998,Food & Emissions,Total Agrofood Emissions,213016.841,kt CO2eq,Agrofood CO2 Emissions
Australia,AUS,Oceania,High Income,-25.27,133.77,1999,Food & Emissions,Total Agrofood Emissions,248501.239,kt CO2eq,Agrofood CO2 Emissions
Australia,AUS,Oceania,High Income,-25.27,133.77,2000,Food & Emissions,Total Agrofood Emissions,259432.614,kt CO2eq,Agrofood CO2 Emissions
Australia,AUS,Oceania,High Income,-25.27,133.77,2001,Food & Emissions,Total Agrofood Emissions,257091.926,kt CO2eq,Agrofood CO2 Emissions
Australia,AUS,Oceania,High Income,-25.27,133.77,2002,Food & Emissions,Total Agrofood Emissions,248105.855,kt CO2eq,Agrofood CO2 Emissions
Australia,AUS,Oceania,High Income,-25.27,133.77,2003,Food & Emissions,Total Agrofood Emissions,179743.449,kt CO2eq,Agrofood CO2 Emissions
Australia,AUS,Oceania,High Income,-25.27,133.77,2004,Food & Emissions,Total Agrofood Emissions,215556.59,kt CO2eq,Agrofood CO2 Emissions
Australia,AUS,Oceania,High Income,-25.27,133.77,2005,Food & Emissions,Total Agrofood Emissions,175090.296,kt CO2eq,Agrofood CO2 Emissions
Australia,AUS,Oceania,High Income,-25.27,133.77,2006,Food & Emissions,Total Agrofood Emissions,221229.297,kt CO2eq,Agrofood CO2 Emissions
Australia,AUS,Oceania,High Income,-25.27,133.77,2007,Food & Emissions,Total Agrofood Emissions,212737.379,kt CO2eq,Agrofood CO2 Emissions
Australia,AUS,Oceania,High Income,-25.27,133.77,2008,Food & Emissions,Total Agrofood Emissions,182970.005,kt CO2eq,Agrofood CO2 Emissions
Australia,AUS,Oceania,High Income,-25.27,133.77,2009,Food & Emissions,Total Agrofood Emissions,196182.51,kt CO2eq,Agrofood CO2 Emissions
Australia,AUS,Oceania,High Income,-25.27,133.77,2010,Food & Emissions,Total Agrofood Emissions,174245.581,kt CO2eq,Agrofood CO2 Emissions
Australia,AUS,Oceania,High Income,-25.27,133.77,2011,Food & Emissions,Total Agrofood Emissions,210692.02,kt CO2eq,Agrofood CO2 Emissions
Australia,AUS,Oceania,High Income,-25.27,133.77,2012,Food & Emissions,Total Agrofood Emissions,208282.671,kt CO2eq,Agrofood CO2 Emissions
Australia,AUS,Oceania,High Income,-25.27,133.77,2013,Food & Emissions,Total Agrofood Emissions,126260.069,kt CO2eq,Agrofood CO2 Emissions
Australia,AUS,Oceania,High Income,-25.27,133.77,2014,Food & Emissions,Total Agrofood Emissions,147554.659,kt CO2eq,Agrofood CO2 Emissions
Australia,AUS,Oceania,High Income,-25.27,133.77,2015,Food & Emissions,Total Agrofood Emissions,144867.265,kt CO2eq,Agrofood CO2 Emissions
Australia,AUS,Oceania,High Income,-25.27,133.77,2016,Food & Emissions,Total Agrofood Emissions,150039.964,kt CO2eq,Agrofood CO2 Emissions
Australia,AUS,Oceania,High Income,-25.27,133.77,2017,Food & Emissions,Total Agrofood Emissions,189615.042,kt CO2eq,Agrofood CO2 Emissions
Australia,AUS,Oceania,High Income,-25.27,133.77,2018,Food & Emissions,Total Agrofood Emissions,187679.23,kt CO2eq,Agrofood CO2 Emissions
Australia,AUS,Oceania,High Income,-25.27,133.77,2019,Food & Emissions,Total Agrofood Emissions,178990.154,kt CO2eq,Agrofood CO2 Emissions
Australia,AUS,Oceania,High Income,-25.27,133.77,2020,Food & Emissions,Total Agrofood Emissions,146096.217,kt CO2eq,Agrofood CO2 Emissions
Brazil,BRA,South America,Upper Middle Income,-14.24,-51.93,1990,Food & Emissions,Total Agrofood Emissions,1316385.299,kt CO2eq,Agrofood CO2 Emissions
Brazil,BRA,South America,Upper Middle Income,-14.24,-51.93,1991,Food & Emissions,Total Agrofood Emissions,1323870.763,kt CO2eq,Agrofood CO2 Emissions
Brazil,BRA,South America,Upper Middle Income,-14.24,-51.93,1992,Food & Emissions,Total Agrofood Emissions,1326961.038,kt CO2eq,Agrofood CO2 Emissions
Brazil,BRA,South America,Upper Middle Income,-14.24,-51.93,1993,Food & Emissions,Total Agrofood Emissions,1327237.181,kt CO2eq,Agrofood CO2 Emissions
Brazil,BRA,South America,Upper Middle Income,-14.24,-51.93,1994,Food & Emissions,Total Agrofood Emissions,1331511.701,kt CO2eq,Agrofood CO2 Emissions
Brazil,BRA,South America,Upper Middle Income,-14.24,-51.93,1995,Food & Emissions,Total Agrofood Emissions,1337554.993,kt CO2eq,Agrofood CO2 Emissions
Brazil,BRA,South America,Upper Middle Income,-14.24,-51.93,1996,Food & Emissions,Total Agrofood Emissions,1336733.603,kt CO2eq,Agrofood CO2 Emissions
Brazil,BRA,South America,Upper Middle Income,-14.24,-51.93,1997,Food & Emissions,Total Agrofood Emissions,1351058.088,kt CO2eq,Agrofood CO2 Emissions
Brazil,BRA,South America,Upper Middle Income,-14.24,-51.93,1998,Food & Emissions,Total Agrofood Emissions,1383602.974,kt CO2eq,Agrofood CO2 Emissions
Brazil,BRA,South America,Upper Middle Income,-14.24,-51.93,1999,Food & Emissions,Total Agrofood Emissions,1371965.415,kt CO2eq,Agrofood CO2 Emissions
Brazil,BRA,South America,Upper Middle Income,-14.24,-51.93,2000,Food & Emissions,Total Agrofood Emissions,1339926.882,kt CO2eq,Agrofood CO2 Emissions
Brazil,BRA,South America,Upper Middle Income,-14.24,-51.93,2001,Food & Emissions,Total Agrofood Emissions,1415654.842,kt CO2eq,Agrofood CO2 Emissions
Brazil,BRA,South America,Upper Middle Income,-14.24,-51.93,2002,Food & Emissions,Total Agrofood Emissions,1435238.801,kt CO2eq,Agrofood CO2 Emissions
Brazil,BRA,South America,Upper Middle Income,-14.24,-51.93,2003,Food & Emissions,Total Agrofood Emissions,1434493.779,kt CO2eq,Agrofood CO2 Emissions
Brazil,BRA,South America,Upper Middle Income,-14.24,-51.93,2004,Food & Emissions,Total Agrofood Emissions,1451672.182,kt CO2eq,Agrofood CO2 Emissions
Brazil,BRA,South America,Upper Middle Income,-14.24,-51.93,2005,Food & Emissions,Total Agrofood Emissions,1465973.7,kt CO2eq,Agrofood CO2 Emissions
Brazil,BRA,South America,Upper Middle Income,-14.24,-51.93,2006,Food & Emissions,Total Agrofood Emissions,1442722.23,kt CO2eq,Agrofood CO2 Emissions
Brazil,BRA,South America,Upper Middle Income,-14.24,-51.93,2007,Food & Emissions,Total Agrofood Emissions,1483946.763,kt CO2eq,Agrofood CO2 Emissions
Brazil,BRA,South America,Upper Middle Income,-14.24,-51.93,2008,Food & Emissions,Total Agrofood Emissions,1461224.598,kt CO2eq,Agrofood CO2 Emissions
Brazil,BRA,South America,Upper Middle Income,-14.24,-51.93,2009,Food & Emissions,Total Agrofood Emissions,1447122.345,kt CO2eq,Agrofood CO2 Emissions
Brazil,BRA,South America,Upper Middle Income,-14.24,-51.93,2010,Food & Emissions,Total Agrofood Emissions,1522721.606,kt CO2eq,Agrofood CO2 Emissions
Brazil,BRA,South America,Upper Middle Income,-14.24,-51.93,2011,Food & Emissions,Total Agrofood Emissions,642357.409,kt CO2eq,Agrofood CO2 Emissions
Brazil,BRA,South America,Upper Middle Income,-14.24,-51.93,2012,Food & Emissions,Total Agrofood Emissions,667696.276,kt CO2eq,Agrofood CO2 Emissions
Brazil,BRA,South America,Upper Middle Income,-14.24,-51.93,2013,Food & Emissions,Total Agrofood Emissions,650855.479,kt CO2eq,Agrofood CO2 Emissions
Brazil,BRA,South America,Upper Middle Income,-14.24,-51.93,2014,Food & Emissions,Total Agrofood Emissions,667719.565,kt CO2eq,Agrofood CO2 Emissions
Brazil,BRA,South America,Upper Middle Income,-14.24,-51.93,2015,Food & Emissions,Total Agrofood Emissions,682352.164,kt CO2eq,Agrofood CO2 Emissions
Brazil,BRA,South America,Upper Middle Income,-14.24,-51.93,2016,Food & Emissions,Total Agrofood Emissions,788298.58,kt CO2eq,Agrofood CO2 Emissions
Brazil,BRA,South America,Upper Middle Income,-14.24,-51.93,2017,Food & Emissions,Total Agrofood Emissions,806532.066,kt CO2eq,Agrofood CO2 Emissions
Brazil,BRA,South America,Upper Middle Income,-14.24,-51.93,2018,Food & Emissions,Total Agrofood Emissions,771951.556,kt CO2eq,Agrofood CO2 Emissions
Brazil,BRA,South America,Upper Middle Income,-14.24,-51.93,2019,Food & Emissions,Total Agrofood Emissions,795936.3,kt CO2eq,Agrofood CO2 Emissions
Brazil,BRA,South America,Upper Middle Income,-14.24,-51.93,2020,Food & Emissions,Total Agrofood Emissions,814927.864,kt CO2eq,Agrofood CO2 Emissions
Canada,CAN,North America,High Income,56.13,-106.35,1990,Food & Emissions,Total Agrofood Emissions,208955.122,kt CO2eq,Agrofood CO2 Emissions
Canada,CAN,North America,High Income,56.13,-106.35,1991,Food & Emissions,Total Agrofood Emissions,207579.704,kt CO2eq,Agrofood CO2 Emissions
Canada,CAN,North America,High Income,56.13,-106.35,1992,Food & Emissions,Total Agrofood Emissions,208544.758,kt CO2eq,Agrofood CO2 Emissions
Canada,CAN,North America,High Income,56.13,-106.35,1993,Food & Emissions,Total Agrofood Emissions,209307.533,kt CO2eq,Agrofood CO2 Emissions
Canada,CAN,North America,High Income,56.13,-106.35,1994,Food & Emissions,Total Agrofood Emissions,212940.929,kt CO2eq,Agrofood CO2 Emissions
Canada,CAN,North America,High Income,56.13,-106.35,1995,Food & Emissions,Total Agrofood Emissions,214137.592,kt CO2eq,Agrofood CO2 Emissions
Canada,CAN,North America,High Income,56.13,-106.35,1996,Food & Emissions,Total Agrofood Emissions,221801.035,kt CO2eq,Agrofood CO2 Emissions
Canada,CAN,North America,High Income,56.13,-106.35,1997,Food & Emissions,Total Agrofood Emissions,220321.264,kt CO2eq,Agrofood CO2 Emissions
Canada,CAN,North America,High Income,56.13,-106.35,1998,Food & Emissions,Total Agrofood Emissions,226517.04,kt CO2eq,Agrofood CO2 Emissions
Canada,CAN,North America,High Income,56.13,-106.35,1999,Food & Emissions,Total Agrofood Emissions,222361.135,kt CO2eq,Agrofood CO2 Emissions
Canada,CAN,North America,High Income,56.13,-106.35,2000,Food & Emissions,Total Agrofood Emissions,224031.296,kt CO2eq,Agrofood CO2 Emissions
Canada,CAN,North America,High Income,56.13,-106.35,2001,Food & Emissions,Total Agrofood Emissions,454230.19,kt CO2eq,Agrofood CO2 Emissions
Canada,CAN,North America,High Income,56.13,-106.35,2002,Food & Emissions,Total Agrofood Emissions,457241.119,kt CO2eq,Agrofood CO2 Emissions
Canada,CAN,North America,High Income,56.13,-106.35,2003,Food & Emissions,Total Agrofood Emissions,462252.008,kt CO2eq,Agrofood CO2 Emissions
Canada,CAN,North America,High Income,56.13,-106.35,2004,Food & Emissions,Total Agrofood Emissions,464704.647,kt CO2eq,Agrofood CO2 Emissions
Canada,CAN,North America,High Income,56.13,-106.35,2005,Food & Emissions,Total Agrofood Emissions,465774.054,kt CO2eq,Agrofood CO2 Emissions
Canada,CAN,North America,High Income,56.13,-106.35,2006,Food & Emissions,Total Agrofood Emissions,467386.939,kt CO2eq,Agrofood CO2 Emissions
Canada,CAN,North America,High Income,56.13,-106.35,2007,Food & Emissions,Total Agrofood Emissions,472336.831,kt CO2eq,Agrofood CO2 Emissions
Canada,CAN,North America,High Income,56.13,-106.35,2008,Food & Emissions,Total Agrofood Emissions,469380.066,kt CO2eq,Agrofood CO2 Emissions
Canada,CAN,North America,High Income,56.13,-106.35,2009,Food & Emissions,Total Agrofood Emissions,462281.352,kt CO2eq,Agrofood CO2 Emissions
Canada,CAN,North America,High Income,56.13,-106.35,2010,Food & Emissions,Total Agrofood Emissions,472263.486,kt CO2eq,Agrofood CO2 Emissions
Canada,CAN,North America,High Income,56.13,-106.35,2011,Food & Emissions,Total Agrofood Emissions,309255.11,kt CO2eq,Agrofood CO2 Emissions
Canada,CAN,North America,High Income,56.13,-106.35,2012,Food & Emissions,Total Agrofood Emissions,311681.727,kt CO2eq,Agrofood CO2 Emissions
Canada,CAN,North America,High Income,56.13,-106.35,2013,Food & Emissions,Total Agrofood Emissions,328047.98,kt CO2eq,Agrofood CO2 Emissions
Canada,CAN,North America,High Income,56.13,-106.35,2014,Food & Emissions,Total Agrofood Emissions,327946.22,kt CO2eq,Agrofood CO2 Emissions
Canada,CAN,North America,High Income,56.13,-106.35,2015,Food & Emissions,Total Agrofood Emissions,329315.103,kt CO2eq,Agrofood CO2 Emissions
Canada,CAN,North America,High Income,56.13,-106.35,2016,Food & Emissions,Total Agrofood Emissions,232029.112,kt CO2eq,Agrofood CO2 Emissions
Canada,CAN,North America,High Income,56.13,-106.35,2017,Food & Emissions,Total Agrofood Emissions,234261.452,kt CO2eq,Agrofood CO2 Emissions
Canada,CAN,North America,High Income,56.13,-106.35,2018,Food & Emissions,Total Agrofood Emissions,236913.607,kt CO2eq,Agrofood CO2 Emissions
Canada,CAN,North America,High Income,56.13,-106.35,2019,Food & Emissions,Total Agrofood Emissions,232683.44,kt CO2eq,Agrofood CO2 Emissions
Canada,CAN,North America,High Income,56.13,-106.35,2020,Food & Emissions,Total Agrofood Emissions,232169.71,kt CO2eq,Agrofood CO2 Emissions
France,FRA,Europe,High Income,46.23,2.21,1990,Food & Emissions,Total Agrofood Emissions,145218.149,kt CO2eq,Agrofood CO2 Emissions
France,FRA,Europe,High Income,46.23,2.21,1991,Food & Emissions,Total Agrofood Emissions,158033.191,kt CO2eq,Agrofood CO2 Emissions
France,FRA,Europe,High Income,46.23,2.21,1992,Food & Emissions,Total Agrofood Emissions,145592.949,kt CO2eq,Agrofood CO2 Emissions
France,FRA,Europe,High Income,46.23,2.21,1993,Food & Emissions,Total Agrofood Emissions,145673.028,kt CO2eq,Agrofood CO2 Emissions
France,FRA,Europe,High Income,46.23,2.21,1994,Food & Emissions,Total Agrofood Emissions,139165.58,kt CO2eq,Agrofood CO2 Emissions
France,FRA,Europe,High Income,46.23,2.21,1995,Food & Emissions,Total Agrofood Emissions,138220.259,kt CO2eq,Agrofood CO2 Emissions
France,FRA,Europe,High Income,46.23,2.21,1996,Food & Emissions,Total Agrofood Emissions,144636.238,kt CO2eq,Agrofood CO2 Emissions
France,FRA,Europe,High Income,46.23,2.21,1997,Food & Emissions,Total Agrofood Emissions,146046.718,kt CO2eq,Agrofood CO2 Emissions
France,FRA,Europe,High Income,46.23,2.21,1998,Food & Emissions,Total Agrofood Emissions,145575.048,kt CO2eq,Agrofood CO2 Emissions
France,FRA,Europe,High Income,46.23,2.21,1999,Food & Emissions,Total Agrofood Emissions,152631.404,kt CO2eq,Agrofood CO2 Emissions
France,FRA,Europe,High Income,46.23,2.21,2000,Food & Emissions,Total Agrofood Emissions,160083.36,kt CO2eq,Agrofood CO2 Emissions
France,FRA,Europe,High Income,46.23,2.21,2001,Food & Emissions,Total Agrofood Emissions,118537.267,kt CO2eq,Agrofood CO2 Emissions
France,FRA,Europe,High Income,46.23,2.21,2002,Food & Emissions,Total Agrofood Emissions,120904.179,kt CO2eq,Agrofood CO2 Emissions
France,FRA,Europe,High Income,46.23,2.21,2003,Food & Emissions,Total Agrofood Emissions,120512.651,kt CO2eq,Agrofood CO2 Emissions
France,FRA,Europe,High Income,46.23,2.21,2004,Food & Emissions,Total Agrofood Emissions,121342.522,kt CO2eq,Agrofood CO2 Emissions
France,FRA,Europe,High Income,46.23,2.21,2005,Food & Emissions,Total Agrofood Emissions,112880.228,kt CO2eq,Agrofood CO2 Emissions
France,FRA,Europe,High Income,46.23,2.21,2006,Food & Emissions,Total Agrofood Emissions,111781.371,kt CO2eq,Agrofood CO2 Emissions
France,FRA,Europe,High Income,46.23,2.21,2007,Food & Emissions,Total Agrofood Emissions,115716.123,kt CO2eq,Agrofood CO2 Emissions
France,FRA,Europe,High Income,46.23,2.21,2008,Food & Emissions,Total Agrofood Emissions,112918.281,kt CO2eq,Agrofood CO2 Emissions
France,FRA,Europe,High Income,46.23,2.21,2009,Food & Emissions,Total Agrofood Emissions,109786.981,kt CO2eq,Agrofood CO2 Emissions
France,FRA,Europe,High Income,46.23,2.21,2010,Food & Emissions,Total Agrofood Emissions,116594.778,kt CO2eq,Agrofood CO2 Emissions
France,FRA,Europe,High Income,46.23,2.21,2011,Food & Emissions,Total Agrofood Emissions,120957.211,kt CO2eq,Agrofood CO2 Emissions
France,FRA,Europe,High Income,46.23,2.21,2012,Food & Emissions,Total Agrofood Emissions,119932.199,kt CO2eq,Agrofood CO2 Emissions
France,FRA,Europe,High Income,46.23,2.21,2013,Food & Emissions,Total Agrofood Emissions,116430.954,kt CO2eq,Agrofood CO2 Emissions
France,FRA,Europe,High Income,46.23,2.21,2014,Food & Emissions,Total Agrofood Emissions,109153.593,kt CO2eq,Agrofood CO2 Emissions
France,FRA,Europe,High Income,46.23,2.21,2015,Food & Emissions,Total Agrofood Emissions,111311.001,kt CO2eq,Agrofood CO2 Emissions
France,FRA,Europe,High Income,46.23,2.21,2016,Food & Emissions,Total Agrofood Emissions,110405.94,kt CO2eq,Agrofood CO2 Emissions
France,FRA,Europe,High Income,46.23,2.21,2017,Food & Emissions,Total Agrofood Emissions,110829.532,kt CO2eq,Agrofood CO2 Emissions
France,FRA,Europe,High Income,46.23,2.21,2018,Food & Emissions,Total Agrofood Emissions,105977.85,kt CO2eq,Agrofood CO2 Emissions
France,FRA,Europe,High Income,46.23,2.21,2019,Food & Emissions,Total Agrofood Emissions,95420.452,kt CO2eq,Agrofood CO2 Emissions
France,FRA,Europe,High Income,46.23,2.21,2020,Food & Emissions,Total Agrofood Emissions,88599.588,kt CO2eq,Agrofood CO2 Emissions
Germany,DEU,Europe,High Income,51.17,10.45,1990,Food & Emissions,Total Agrofood Emissions,218543.89,kt CO2eq,Agrofood CO2 Emissions
Germany,DEU,Europe,High Income,51.17,10.45,1991,Food & Emissions,Total Agrofood Emissions,209325.716,kt CO2eq,Agrofood CO2 Emissions
Germany,DEU,Europe,High Income,51.17,10.45,1992,Food & Emissions,Total Agrofood Emissions,199403.965,kt CO2eq,Agrofood CO2 Emissions
Germany,DEU,Europe,High Income,51.17,10.45,1993,Food & Emissions,Total Agrofood Emissions,194449.716,kt CO2eq,Agrofood CO2 Emissions
Germany,DEU,Europe,High Income,51.17,10.45,1994,Food & Emissions,Total Agrofood Emissions,197265.01,kt CO2eq,Agrofood CO2 Emissions
Germany,DEU,Europe,High Income,51.17,10.45,1995,Food & Emissions,Total Agrofood Emissions,195861.637,kt CO2eq,Agrofood CO2 Emissions
Germany,DEU,Europe,High Income,51.17,10.45,1996,Food & Emissions,Total Agrofood Emissions,203866.258,kt CO2eq,Agrofood CO2 Emissions
Germany,DEU,Europe,High Income,51.17,10.45,1997,Food & Emissions,Total Agrofood Emissions,183179.147,kt CO2eq,Agrofood CO2 Emissions
Germany,DEU,Europe,High Income,51.17,10.45,1998,Food & Emissions,Total Agrofood Emissions,186490.594,kt CO2eq,Agrofood CO2 Emissions
Germany,DEU,Europe,High Income,51.17,10.45,1999,Food & Emissions,Total Agrofood Emissions,184599.493,kt CO2eq,Agrofood CO2 Emissions
Germany,DEU,Europe,High Income,51.17,10.45,2000,Food & Emissions,Total Agrofood Emissions,195147.346,kt CO2eq,Agrofood CO2 Emissions
Germany,DEU,Europe,High Income,51.17,10.45,2001,Food & Emissions,Total Agrofood Emissions,226825.929,kt CO2eq,Agrofood CO2 Emissions
Germany,DEU,Europe,High Income,51.17,10.45,2002,Food & Emissions,Total Agrofood Emissions,208426.72,kt CO2eq,Agrofood CO2 Emissions
Germany,DEU,Europe,High Income,51.17,10.45,2003,Food & Emissions,Total Agrofood Emissions,211070.121,kt CO2eq,Agrofood CO2 Emissions
Germany,DEU,Europe,High Income,51.17,10.45,2004,Food & Emissions,Total Agrofood Emissions,211617.879,kt CO2eq,Agrofood CO2 Emissions
Germany,DEU,Europe,High Income,51.17,10.45,2005,Food & Emissions,Total Agrofood Emissions,211640.877,kt CO2eq,Agrofood CO2 Emissions
Germany,DEU,Europe,High Income,51.17,10.45,2006,Food & Emissions,Total Agrofood Emissions,216222.424,kt CO2eq,Agrofood CO2 Emissions
Germany,DEU,Europe,High Income,51.17,10.45,2007,Food & Emissions,Total Agrofood Emissions,215891.039,kt CO2eq,Agrofood CO2 Emissions
Germany,DEU,Europe,High Income,51.17,10.45,2008,Food & Emissions,Total Agrofood Emissions,215706.603,kt CO2eq,Agrofood CO2 Emissions
Germany,DEU,Europe,High Income,51.17,10.45,2009,Food & Emissions,Total Agrofood Emissions,204425.202,kt CO2eq,Agrofood CO2 Emissions
Germany,DEU,Europe,High Income,51.17,10.45,2010,Food & Emissions,Total Agrofood Emissions,209129.237,kt CO2eq,Agrofood CO2 Emissions
Germany,DEU,Europe,High Income,51.17,10.45,2011,Food & Emissions,Total Agrofood Emissions,198862.519,kt CO2eq,Agrofood CO2 Emissions
Germany,DEU,Europe,High Income,51.17,10.45,2012,Food & Emissions,Total Agrofood Emissions,200076.018,kt CO2eq,Agrofood CO2 Emissions
Germany,DEU,Europe,High Income,51.17,10.45,2013,Food & Emissions,Total Agrofood Emissions,201696.2,kt CO2eq,Agrofood CO2 Emissions
Germany,DEU,Europe,High Income,51.17,10.45,2014,Food & Emissions,Total Agrofood Emissions,197293.798,kt CO2eq,Agrofood CO2 Emissions
Germany,DEU,Europe,High Income,51.17,10.45,2015,Food & Emissions,Total Agrofood Emissions,196938.759,kt CO2eq,Agrofood CO2 Emissions
Germany,DEU,Europe,High Income,51.17,10.45,2016,Food & Emissions,Total Agrofood Emissions,197667.389,kt CO2eq,Agrofood CO2 Emissions
Germany,DEU,Europe,High Income,51.17,10.45,2017,Food & Emissions,Total Agrofood Emissions,195625.607,kt CO2eq,Agrofood CO2 Emissions
Germany,DEU,Europe,High Income,51.17,10.45,2018,Food & Emissions,Total Agrofood Emissions,188788.279,kt CO2eq,Agrofood CO2 Emissions
Germany,DEU,Europe,High Income,51.17,10.45,2019,Food & Emissions,Total Agrofood Emissions,179132.791,kt CO2eq,Agrofood CO2 Emissions
Germany,DEU,Europe,High Income,51.17,10.45,2020,Food & Emissions,Total Agrofood Emissions,174192.7,kt CO2eq,Agrofood CO2 Emissions
India,IND,Asia,Lower Middle Income,20.59,78.96,1990,Food & Emissions,Total Agrofood Emissions,262529.499,kt CO2eq,Agrofood CO2 Emissions
India,IND,Asia,Lower Middle Income,20.59,78.96,1991,Food & Emissions,Total Agrofood Emissions,281816.26,kt CO2eq,Agrofood CO2 Emissions
India,IND,Asia,Lower Middle Income,20.59,78.96,1992,Food & Emissions,Total Agrofood Emissions,292394.015,kt CO2eq,Agrofood CO2 Emissions
India,IND,Asia,Lower Middle Income,20.59,78.96,1993,Food & Emissions,Total Agrofood Emissions,307031.928,kt CO2eq,Agrofood CO2 Emissions
India,IND,Asia,Lower Middle Income,20.59,78.96,1994,Food & Emissions,Total Agrofood Emissions,322354.6,kt CO2eq,Agrofood CO2 Emissions
India,IND,Asia,Lower Middle Income,20.59,78.96,1995,Food & Emissions,Total Agrofood Emissions,343444.302,kt CO2eq,Agrofood CO2 Emissions
India,IND,Asia,Lower Middle Income,20.59,78.96,1996,Food & Emissions,Total Agrofood Emissions,351910.48,kt CO2eq,Agrofood CO2 Emissions
India,IND,Asia,Lower Middle Income,20.59,78.96,1997,Food & Emissions,Total Agrofood Emissions,369439.249,kt CO2eq,Agrofood CO2 Emissions
India,IND,Asia,Lower Middle Income,20.59,78.96,1998,Food & Emissions,Total Agrofood Emissions,395854.703,kt CO2eq,Agrofood CO2 Emissions
India,IND,Asia,Lower Middle Income,20.59,78.96,1999,Food & Emissions,Total Agrofood Emissions,402165.497,kt CO2eq,Agrofood CO2 Emissions
India,IND,Asia,Lower Middle Income,20.59,78.96,2000,Food & Emissions,Total Agrofood Emissions,408618.685,kt CO2eq,Agrofood CO2 Emissions
India,IND,Asia,Lower Middle Income,20.59,78.96,2001,Food & Emissions,Total Agrofood Emissions,638020.93,kt CO2eq,Agrofood CO2 Emissions
India,IND,Asia,Lower Middle Income,20.59,78.96,2002,Food & Emissions,Total Agrofood Emissions,641090.54,kt CO2eq,Agrofood CO2 Emissions
India,IND,Asia,Lower Middle Income,20.59,78.96,2003,Food & Emissions,Total Agrofood Emissions,670114.483,kt CO2eq,Agrofood CO2 Emissions
India,IND,Asia,Lower Middle Income,20.59,78.96,2004,Food & Emissions,Total Agrofood Emissions,686273.418,kt CO2eq,Agrofood CO2 Emissions
India,IND,Asia,Lower Middle Income,20.59,78.96,2005,Food & Emissions,Total Agrofood Emissions,688680.521,kt CO2eq,Agrofood CO2 Emissions
India,IND,Asia,Lower Middle Income,20.59,78.96,2006,Food & Emissions,Total Agrofood Emissions,715862.367,kt CO2eq,Agrofood CO2 Emissions
India,IND,Asia,Lower Middle Income,20.59,78.96,2007,Food & Emissions,Total Agrofood Emissions,714591.687,kt CO2eq,Agrofood CO2 Emissions
India,IND,Asia,Lower Middle Income,20.59,78.96,2008,Food & Emissions,Total Agrofood Emissions,732508.381,kt CO2eq,Agrofood CO2 Emissions
India,IND,Asia,Lower Middle Income,20.59,78.96,2009,Food & Emissions,Total Agrofood Emissions,767051.775,kt CO2eq,Agrofood CO2 Emissions
India,IND,Asia,Lower Middle Income,20.59,78.96,2010,Food & Emissions,Total Agrofood Emissions,794890.8,kt CO2eq,Agrofood CO2 Emissions
India,IND,Asia,Lower Middle Income,20.59,78.96,2011,Food & Emissions,Total Agrofood Emissions,739900.794,kt CO2eq,Agrofood CO2 Emissions
India,IND,Asia,Lower Middle Income,20.59,78.96,2012,Food & Emissions,Total Agrofood Emissions,781558.279,kt CO2eq,Agrofood CO2 Emissions
India,IND,Asia,Lower Middle Income,20.59,78.96,2013,Food & Emissions,Total Agrofood Emissions,861775.245,kt CO2eq,Agrofood CO2 Emissions
India,IND,Asia,Lower Middle Income,20.59,78.96,2014,Food & Emissions,Total Agrofood Emissions,893278.644,kt CO2eq,Agrofood CO2 Emissions
India,IND,Asia,Lower Middle Income,20.59,78.96,2015,Food & Emissions,Total Agrofood Emissions,863963.829,kt CO2eq,Agrofood CO2 Emissions
India,IND,Asia,Lower Middle Income,20.59,78.96,2016,Food & Emissions,Total Agrofood Emissions,928847.712,kt CO2eq,Agrofood CO2 Emissions
India,IND,Asia,Lower Middle Income,20.59,78.96,2017,Food & Emissions,Total Agrofood Emissions,931448.387,kt CO2eq,Agrofood CO2 Emissions
India,IND,Asia,Lower Middle Income,20.59,78.96,2018,Food & Emissions,Total Agrofood Emissions,968748.558,kt CO2eq,Agrofood CO2 Emissions
India,IND,Asia,Lower Middle Income,20.59,78.96,2019,Food & Emissions,Total Agrofood Emissions,988696.208,kt CO2eq,Agrofood CO2 Emissions
India,IND,Asia,Lower Middle Income,20.59,78.96,2020,Food & Emissions,Total Agrofood Emissions,975465.784,kt CO2eq,Agrofood CO2 Emissions
Japan,JPN,Asia,High Income,36.2,138.25,1990,Food & Emissions,Total Agrofood Emissions,163117.602,kt CO2eq,Agrofood CO2 Emissions
Japan,JPN,Asia,High Income,36.2,138.25,1991,Food & Emissions,Total Agrofood Emissions,172960.686,kt CO2eq,Agrofood CO2 Emissions
Japan,JPN,Asia,High Income,36.2,138.25,1992,Food & Emissions,Total Agrofood Emissions,178733.733,kt CO2eq,Agrofood CO2 Emissions
Japan,JPN,Asia,High Income,36.2,138.25,1993,Food & Emissions,Total Agrofood Emissions,188490.386,kt CO2eq,Agrofood CO2 Emissions
Japan,JPN,Asia,High Income,36.2,138.25,1994,Food & Emissions,Total Agrofood Emissions,195041.503,kt CO2eq,Agrofood CO2 Emissions
Japan,JPN,Asia,High Income,36.2,138.25,1995,Food & Emissions,Total Agrofood Emissions,221170.597,kt CO2eq,Agrofood CO2 Emissions
Japan,JPN,Asia,High Income,36.2,138.25,1996,Food & Emissions,Total Agrofood Emissions,216002.082,kt CO2eq,Agrofood CO2 Emissions
Japan,JPN,Asia,High Income,36.2,138.25,1997,Food & Emissions,Total Agrofood Emissions,215213.04,kt CO2eq,Agrofood CO2 Emissions
Japan,JPN,Asia,High Income,36.2,138.25,1998,Food & Emissions,Total Agrofood Emissions,199231.778,kt CO2eq,Agrofood CO2 Emissions
Japan,JPN,Asia,High Income,36.2,138.25,1999,Food & Emissions,Total Agrofood Emissions,197725.574,kt CO2eq,Agrofood CO2 Emissions
Japan,JPN,Asia,High Income,36.2,138.25,2000,Food & Emissions,Total Agrofood Emissions,199967.14,kt CO2eq,Agrofood CO2 Emissions
Japan,JPN,Asia,High Income,36.2,138.25,2001,Food & Emissions,Total Agrofood Emissions,178059.815,kt CO2eq,Agrofood CO2 Emissions
Japan,JPN,Asia,High Income,36.2,138.25,2002,Food & Emissions,Total Agrofood Emissions,175179.792,kt CO2eq,Agrofood CO2 Emissions
Japan,JPN,Asia,High Income,36.2,138.25,2003,Food & Emissions,Total Agrofood Emissions,179956.149,kt CO2eq,Agrofood CO2 Emissions
Japan,JPN,Asia,High Income,36.2,138.25,2004,Food & Emissions,Total Agrofood Emissions,183006.421,kt CO2eq,Agrofood CO2 Emissions
Japan,JPN,Asia,High Income,36.2,138.25,2005,Food & Emissions,Total Agrofood Emissions,187621.768,kt CO2eq,Agrofood CO2 Emissions
Japan,JPN,Asia,High Income,36.2,138.25,2006,Food & Emissions,Total Agrofood Emissions,188869.468,kt CO2eq,Agrofood CO2 Emissions
Japan,JPN,Asia,High Income,36.2,138.25,2007,Food & Emissions,Total Agrofood Emissions,195401.235,kt CO2eq,Agrofood CO2 Emissions
Japan,JPN,Asia,High Income,36.2,138.25,2008,Food & Emissions,Total Agrofood Emissions,187190.204,kt CO2eq,Agrofood CO2 Emissions
Japan,JPN,Asia,High Income,36.2,138.25,2009,Food & Emissions,Total Agrofood Emissions,180798.698,kt CO2eq,Agrofood CO2 Emissions
Japan,JPN,Asia,High Income,36.2,138.25,2010,Food & Emissions,Total Agrofood Emissions,188539.57,kt CO2eq,Agrofood CO2 Emissions
Japan,JPN,Asia,High Income,36.2,138.25,2011,Food & Emissions,Total Agrofood Emissions,249730.91,kt CO2eq,Agrofood CO2 Emissions
Japan,JPN,Asia,High Income,36.2,138.25,2012,Food & Emissions,Total Agrofood Emissions,263477.113,kt CO2eq,Agrofood CO2 Emissions
Japan,JPN,Asia,High Income,36.2,138.25,2013,Food & Emissions,Total Agrofood Emissions,272980.301,kt CO2eq,Agrofood CO2 Emissions
Japan,JPN,Asia,High Income,36.2,138.25,2014,Food & Emissions,Total Agrofood Emissions,278204.147,kt CO2eq,Agrofood CO2 Emissions
Japan,JPN,Asia,High Income,36.2,138.25,2015,Food & Emissions,Total Agrofood Emissions,284176.658,kt CO2eq,Agrofood CO2 Emissions
Japan,JPN,Asia,High Income,36.2,138.25,2016,Food & Emissions,Total Agrofood Emissions,310816.787,kt CO2eq,Agrofood CO2 Emissions
Japan,JPN,Asia,High Income,36.2,138.25,2017,Food & Emissions,Total Agrofood Emissions,315706.438,kt CO2eq,Agrofood CO2 Emissions
Japan,JPN,Asia,High Income,36.2,138.25,2018,Food & Emissions,Total Agrofood Emissions,316432.439,kt CO2eq,Agrofood CO2 Emissions
Japan,JPN,Asia,High Income,36.2,138.25,2019,Food & Emissions,Total Agrofood Emissions,319150.891,kt CO2eq,Agrofood CO2 Emissions
Japan,JPN,Asia,High Income,36.2,138.25,2020,Food & Emissions,Total Agrofood Emissions,320139.647,kt CO2eq,Agrofood CO2 Emissions
South Korea,KOR,Asia,High Income,35.91,127.77,1990,Food & Emissions,Total Agrofood Emissions,31601.994,kt CO2eq,Agrofood CO2 Emissions
South Korea,KOR,Asia,High Income,35.91,127.77,1991,Food & Emissions,Total Agrofood Emissions,40360.107,kt CO2eq,Agrofood CO2 Emissions
South Korea,KOR,Asia,High Income,35.91,127.77,1992,Food & Emissions,Total Agrofood Emissions,50534.614,kt CO2eq,Agrofood CO2 Emissions
South Korea,KOR,Asia,High Income,35.91,127.77,1993,Food & Emissions,Total Agrofood Emissions,58753.48,kt CO2eq,Agrofood CO2 Emissions
South Korea,KOR,Asia,High Income,35.91,127.77,1994,Food & Emissions,Total Agrofood Emissions,67649.428,kt CO2eq,Agrofood CO2 Emissions
South Korea,KOR,Asia,High Income,35.91,127.77,1995,Food & Emissions,Total Agrofood Emissions,74258.31,kt CO2eq,Agrofood CO2 Emissions
South Korea,KOR,Asia,High Income,35.91,127.77,1996,Food & Emissions,Total Agrofood Emissions,82867.769,kt CO2eq,Agrofood CO2 Emissions
South Korea,KOR,Asia,High Income,35.91,127.77,1997,Food & Emissions,Total Agrofood Emissions,91724.332,kt CO2eq,Agrofood CO2 Emissions
South Korea,KOR,Asia,High Income,35.91,127.77,1998,Food & Emissions,Total Agrofood Emissions,79308.873,kt CO2eq,Agrofood CO2 Emissions
South Korea,KOR,Asia,High Income,35.91,127.77,1999,Food & Emissions,Total Agrofood Emissions,88638.433,kt CO2eq,Agrofood CO2 Emissions
South Korea,KOR,Asia,High Income,35.91,127.77,2000,Food & Emissions,Total Agrofood Emissions,89854.107,kt CO2eq,Agrofood CO2 Emissions
South Korea,KOR,Asia,High Income,35.91,127.77,2001,Food & Emissions,Total Agrofood Emissions,71134.188,kt CO2eq,Agrofood CO2 Emissions
South Korea,KOR,Asia,High Income,35.91,127.77,2002,Food & Emissions,Total Agrofood Emissions,75140.755,kt CO2eq,Agrofood CO2 Emissions
South Korea,KOR,Asia,High Income,35.91,127.77,2003,Food & Emissions,Total Agrofood Emissions,74136.234,kt CO2eq,Agrofood CO2 Emissions
South Korea,KOR,Asia,High Income,35.91,127.77,2004,Food & Emissions,Total Agrofood Emissions,70490.392,kt CO2eq,Agrofood CO2 Emissions
South Korea,KOR,Asia,High Income,35.91,127.77,2005,Food & Emissions,Total Agrofood Emissions,68627.814,kt CO2eq,Agrofood CO2 Emissions
South Korea,KOR,Asia,High Income,35.91,127.77,2006,Food & Emissions,Total Agrofood Emissions,66380.724,kt CO2eq,Agrofood CO2 Emissions
South Korea,KOR,Asia,High Income,35.91,127.77,2007,Food & Emissions,Total Agrofood Emissions,71900.914,kt CO2eq,Agrofood CO2 Emissions
South Korea,KOR,Asia,High Income,35.91,127.77,2008,Food & Emissions,Total Agrofood Emissions,74738.653,kt CO2eq,Agrofood CO2 Emissions
South Korea,KOR,Asia,High Income,35.91,127.77,2009,Food & Emissions,Total Agrofood Emissions,73289.589,kt CO2eq,Agrofood CO2 Emissions
South Korea,KOR,Asia,High Income,35.91,127.77,2010,Food & Emissions,Total Agrofood Emissions,78302.351,kt CO2eq,Agrofood CO2 Emissions
South Korea,KOR,Asia,High Income,35.91,127.77,2011,Food & Emissions,Total Agrofood Emissions,90425.982,kt CO2eq,Agrofood CO2 Emissions
South Korea,KOR,Asia,High Income,35.91,127.77,2012,Food & Emissions,Total Agrofood Emissions,94234.535,kt CO2eq,Agrofood CO2 Emissions
South Korea,KOR,Asia,High Income,35.91,127.77,2013,Food & Emissions,Total Agrofood Emissions,93108.121,kt CO2eq,Agrofood CO2 Emissions
South Korea,KOR,Asia,High Income,35.91,127.77,2014,Food & Emissions,Total Agrofood Emissions,91478.985,kt CO2eq,Agrofood CO2 Emissions
South Korea,KOR,Asia,High Income,35.91,127.77,2015,Food & Emissions,Total Agrofood Emissions,90787.582,kt CO2eq,Agrofood CO2 Emissions
South Korea,KOR,Asia,High Income,35.91,127.77,2016,Food & Emissions,Total Agrofood Emissions,98077.081,kt CO2eq,Agrofood CO2 Emissions
South Korea,KOR,Asia,High Income,35.91,127.77,2017,Food & Emissions,Total Agrofood Emissions,101253.615,kt CO2eq,Agrofood CO2 Emissions
South Korea,KOR,Asia,High Income,35.91,127.77,2018,Food & Emissions,Total Agrofood Emissions,99759.038,kt CO2eq,Agrofood CO2 Emissions
South Korea,KOR,Asia,High Income,35.91,127.77,2019,Food & Emissions,Total Agrofood Emissions,98284.296,kt CO2eq,Agrofood CO2 Emissions
South Korea,KOR,Asia,High Income,35.91,127.77,2020,Food & Emissions,Total Agrofood Emissions,92531.851,kt CO2eq,Agrofood CO2 Emissions
UK,GBR,Europe,High Income,55.38,-3.44,1990,Food & Emissions,Total Agrofood Emissions,166798.195,kt CO2eq,Agrofood CO2 Emissions
UK,GBR,Europe,High Income,55.38,-3.44,1991,Food & Emissions,Total Agrofood Emissions,168571.504,kt CO2eq,Agrofood CO2 Emissions
UK,GBR,Europe,High Income,55.38,-3.44,1992,Food & Emissions,Total Agrofood Emissions,164062.0,kt CO2eq,Agrofood CO2 Emissions
UK,GBR,Europe,High Income,55.38,-3.44,1993,Food & Emissions,Total Agrofood Emissions,152769.853,kt CO2eq,Agrofood CO2 Emissions
UK,GBR,Europe,High Income,55.38,-3.44,1994,Food & Emissions,Total Agrofood Emissions,155595.447,kt CO2eq,Agrofood CO2 Emissions
UK,GBR,Europe,High Income,55.38,-3.44,1995,Food & Emissions,Total Agrofood Emissions,152618.258,kt CO2eq,Agrofood CO2 Emissions
UK,GBR,Europe,High Income,55.38,-3.44,1996,Food & Emissions,Total Agrofood Emissions,154857.545,kt CO2eq,Agrofood CO2 Emissions
UK,GBR,Europe,High Income,55.38,-3.44,1997,Food & Emissions,Total Agrofood Emissions,151052.846,kt CO2eq,Agrofood CO2 Emissions
UK,GBR,Europe,High Income,55.38,-3.44,1998,Food & Emissions,Total Agrofood Emissions,157243.082,kt CO2eq,Agrofood CO2 Emissions
UK,GBR,Europe,High Income,55.38,-3.44,1999,Food & Emissions,Total Agrofood Emissions,141165.803,kt CO2eq,Agrofood CO2 Emissions
UK,GBR,Europe,High Income,55.38,-3.44,2000,Food & Emissions,Total Agrofood Emissions,137381.679,kt CO2eq,Agrofood CO2 Emissions
UK,GBR,Europe,High Income,55.38,-3.44,2001,Food & Emissions,Total Agrofood Emissions,138281.421,kt CO2eq,Agrofood CO2 Emissions
UK,GBR,Europe,High Income,55.38,-3.44,2002,Food & Emissions,Total Agrofood Emissions,138725.417,kt CO2eq,Agrofood CO2 Emissions
UK,GBR,Europe,High Income,55.38,-3.44,2003,Food & Emissions,Total Agrofood Emissions,139486.162,kt CO2eq,Agrofood CO2 Emissions
UK,GBR,Europe,High Income,55.38,-3.44,2004,Food & Emissions,Total Agrofood Emissions,140641.897,kt CO2eq,Agrofood CO2 Emissions
UK,GBR,Europe,High Income,55.38,-3.44,2005,Food & Emissions,Total Agrofood Emissions,149948.141,kt CO2eq,Agrofood CO2 Emissions
UK,GBR,Europe,High Income,55.38,-3.44,2006,Food & Emissions,Total Agrofood Emissions,151533.844,kt CO2eq,Agrofood CO2 Emissions
UK,GBR,Europe,High Income,55.38,-3.44,2007,Food & Emissions,Total Agrofood Emissions,140426.368,kt CO2eq,Agrofood CO2 Emissions
UK,GBR,Europe,High Income,55.38,-3.44,2008,Food & Emissions,Total Agrofood Emissions,137813.883,kt CO2eq,Agrofood CO2 Emissions
UK,GBR,Europe,High Income,55.38,-3.44,2009,Food & Emissions,Total Agrofood Emissions,129806.972,kt CO2eq,Agrofood CO2 Emissions
UK,GBR,Europe,High Income,55.38,-3.44,2010,Food & Emissions,Total Agrofood Emissions,133619.994,kt CO2eq,Agrofood CO2 Emissions
UK,GBR,Europe,High Income,55.38,-3.44,2011,Food & Emissions,Total Agrofood Emissions,132623.725,kt CO2eq,Agrofood CO2 Emissions
UK,GBR,Europe,High Income,55.38,-3.44,2012,Food & Emissions,Total Agrofood Emissions,135975.625,kt CO2eq,Agrofood CO2 Emissions
UK,GBR,Europe,High Income,55.38,-3.44,2013,Food & Emissions,Total Agrofood Emissions,135269.297,kt CO2eq,Agrofood CO2 Emissions
UK,GBR,Europe,High Income,55.38,-3.44,2014,Food & Emissions,Total Agrofood Emissions,131611.959,kt CO2eq,Agrofood CO2 Emissions
UK,GBR,Europe,High Income,55.38,-3.44,2015,Food & Emissions,Total Agrofood Emissions,128820.79,kt CO2eq,Agrofood CO2 Emissions
UK,GBR,Europe,High Income,55.38,-3.44,2016,Food & Emissions,Total Agrofood Emissions,124770.663,kt CO2eq,Agrofood CO2 Emissions
UK,GBR,Europe,High Income,55.38,-3.44,2017,Food & Emissions,Total Agrofood Emissions,123322.617,kt CO2eq,Agrofood CO2 Emissions
UK,GBR,Europe,High Income,55.38,-3.44,2018,Food & Emissions,Total Agrofood Emissions,122474.458,kt CO2eq,Agrofood CO2 Emissions
UK,GBR,Europe,High Income,55.38,-3.44,2019,Food & Emissions,Total Agrofood Emissions,120237.186,kt CO2eq,Agrofood CO2 Emissions
UK,GBR,Europe,High Income,55.38,-3.44,2020,Food & Emissions,Total Agrofood Emissions,112759.154,kt CO2eq,Agrofood CO2 Emissions
USA,USA,North America,High Income,37.09,-95.71,1990,Food & Emissions,Total Agrofood Emissions,463050.939,kt CO2eq,Agrofood CO2 Emissions
USA,USA,North America,High Income,37.09,-95.71,1991,Food & Emissions,Total Agrofood Emissions,473285.782,kt CO2eq,Agrofood CO2 Emissions
USA,USA,North America,High Income,37.09,-95.71,1992,Food & Emissions,Total Agrofood Emissions,486026.342,kt CO2eq,Agrofood CO2 Emissions
USA,USA,North America,High Income,37.09,-95.71,1993,Food & Emissions,Total Agrofood Emissions,484238.62,kt CO2eq,Agrofood CO2 Emissions
USA,USA,North America,High Income,37.09,-95.71,1994,Food & Emissions,Total Agrofood Emissions,509412.498,kt CO2eq,Agrofood CO2 Emissions
USA,USA,North America,High Income,37.09,-95.71,1995,Food & Emissions,Total Agrofood Emissions,585772.16,kt CO2eq,Agrofood CO2 Emissions
USA,USA,North America,High Income,37.09,-95.71,1996,Food & Emissions,Total Agrofood Emissions,609332.145,kt CO2eq,Agrofood CO2 Emissions
USA,USA,North America,High Income,37.09,-95.71,1997,Food & Emissions,Total Agrofood Emissions,653002.868,kt CO2eq,Agrofood CO2 Emissions
USA,USA,North America,High Income,37.09,-95.71,1998,Food & Emissions,Total Agrofood Emissions,660943.099,kt CO2eq,Agrofood CO2 Emissions
USA,USA,North America,High Income,37.09,-95.71,1999,Food & Emissions,Total Agrofood Emissions,664919.931,kt CO2eq,Agrofood CO2 Emissions
USA,USA,North America,High Income,37.09,-95.71,2000,Food & Emissions,Total Agrofood Emissions,698457.161,kt CO2eq,Agrofood CO2 Emissions
USA,USA,North America,High Income,37.09,-95.71,2001,Food & Emissions,Total Agrofood Emissions,712728.471,kt CO2eq,Agrofood CO2 Emissions
USA,USA,North America,High Income,37.09,-95.71,2002,Food & Emissions,Total Agrofood Emissions,694269.111,kt CO2eq,Agrofood CO2 Emissions
USA,USA,North America,High Income,37.09,-95.71,2003,Food & Emissions,Total Agrofood Emissions,705720.612,kt CO2eq,Agrofood CO2 Emissions
USA,USA,North America,High Income,37.09,-95.71,2004,Food & Emissions,Total Agrofood Emissions,748872.59,kt CO2eq,Agrofood CO2 Emissions
USA,USA,North America,High Income,37.09,-95.71,2005,Food & Emissions,Total Agrofood Emissions,771587.642,kt CO2eq,Agrofood CO2 Emissions
USA,USA,North America,High Income,37.09,-95.71,2006,Food & Emissions,Total Agrofood Emissions,789521.164,kt CO2eq,Agrofood CO2 Emissions
USA,USA,North America,High Income,37.09,-95.71,2007,Food & Emissions,Total Agrofood Emissions,816589.56,kt CO2eq,Agrofood CO2 Emissions
USA,USA,North America,High Income,37.09,-95.71,2008,Food & Emissions,Total Agrofood Emissions,814591.495,kt CO2eq,Agrofood CO2 Emissions
USA,USA,North America,High Income,37.09,-95.71,2009,Food & Emissions,Total Agrofood Emissions,788864.532,kt CO2eq,Agrofood CO2 Emissions
USA,USA,North America,High Income,37.09,-95.71,2010,Food & Emissions,Total Agrofood Emissions,846792.662,kt CO2eq,Agrofood CO2 Emissions
USA,USA,North America,High Income,37.09,-95.71,2011,Food & Emissions,Total Agrofood Emissions,817013.499,kt CO2eq,Agrofood CO2 Emissions
USA,USA,North America,High Income,37.09,-95.71,2012,Food & Emissions,Total Agrofood Emissions,787941.581,kt CO2eq,Agrofood CO2 Emissions
USA,USA,North America,High Income,37.09,-95.71,2013,Food & Emissions,Total Agrofood Emissions,811637.234,kt CO2eq,Agrofood CO2 Emissions
USA,USA,North America,High Income,37.09,-95.71,2014,Food & Emissions,Total Agrofood Emissions,835536.381,kt CO2eq,Agrofood CO2 Emissions
USA,USA,North America,High Income,37.09,-95.71,2015,Food & Emissions,Total Agrofood Emissions,831861.871,kt CO2eq,Agrofood CO2 Emissions
USA,USA,North America,High Income,37.09,-95.71,2016,Food & Emissions,Total Agrofood Emissions,1024283.894,kt CO2eq,Agrofood CO2 Emissions
USA,USA,North America,High Income,37.09,-95.71,2017,Food & Emissions,Total Agrofood Emissions,1023927.1,kt CO2eq,Agrofood CO2 Emissions
USA,USA,North America,High Income,37.09,-95.71,2018,Food & Emissions,Total Agrofood Emissions,1034912.868,kt CO2eq,Agrofood CO2 Emissions
USA,USA,North America,High Income,37.09,-95.71,2019,Food & Emissions,Total Agrofood Emissions,1022096.166,kt CO2eq,Agrofood CO2 Emissions
USA,USA,North America,High Income,37.09,-95.71,2020,Food & Emissions,Total Agrofood Emissions,1023694.432,kt CO2eq,Agrofood CO2 Emissions
Australia,AUS,Oceania,High Income,-25.27,133.77,2005,Happiness,Corruption Perception,0.39,score 0-1,World Happiness Report 2024
Australia,AUS,Oceania,High Income,-25.27,133.77,2007,Happiness,Corruption Perception,0.513,score 0-1,World Happiness Report 2024
Australia,AUS,Oceania,High Income,-25.27,133.77,2008,Happiness,Corruption Perception,0.431,score 0-1,World Happiness Report 2024
Australia,AUS,Oceania,High Income,-25.27,133.77,2010,Happiness,Corruption Perception,0.366,score 0-1,World Happiness Report 2024
Australia,AUS,Oceania,High Income,-25.27,133.77,2011,Happiness,Corruption Perception,0.382,score 0-1,World Happiness Report 2024
Australia,AUS,Oceania,High Income,-25.27,133.77,2012,Happiness,Corruption Perception,0.368,score 0-1,World Happiness Report 2024
Australia,AUS,Oceania,High Income,-25.27,133.77,2013,Happiness,Corruption Perception,0.432,score 0-1,World Happiness Report 2024
Australia,AUS,Oceania,High Income,-25.27,133.77,2014,Happiness,Corruption Perception,0.442,score 0-1,World Happiness Report 2024
Australia,AUS,Oceania,High Income,-25.27,133.77,2015,Happiness,Corruption Perception,0.357,score 0-1,World Happiness Report 2024
Australia,AUS,Oceania,High Income,-25.27,133.77,2016,Happiness,Corruption Perception,0.399,score 0-1,World Happiness Report 2024
Australia,AUS,Oceania,High Income,-25.27,133.77,2017,Happiness,Corruption Perception,0.411,score 0-1,World Happiness Report 2024
Australia,AUS,Oceania,High Income,-25.27,133.77,2018,Happiness,Corruption Perception,0.405,score 0-1,World Happiness Report 2024
Australia,AUS,Oceania,High Income,-25.27,133.77,2019,Happiness,Corruption Perception,0.43,score 0-1,World Happiness Report 2024
Australia,AUS,Oceania,High Income,-25.27,133.77,2020,Happiness,Corruption Perception,0.491,score 0-1,World Happiness Report 2024
Australia,AUS,Oceania,High Income,-25.27,133.77,2021,Happiness,Corruption Perception,0.454,score 0-1,World Happiness Report 2024
Australia,AUS,Oceania,High Income,-25.27,133.77,2022,Happiness,Corruption Perception,0.545,score 0-1,World Happiness Report 2024
Australia,AUS,Oceania,High Income,-25.27,133.77,2023,Happiness,Corruption Perception,0.482,score 0-1,World Happiness Report 2024
Brazil,BRA,South America,Upper Middle Income,-14.24,-51.93,2005,Happiness,Corruption Perception,0.745,score 0-1,World Happiness Report 2024
Brazil,BRA,South America,Upper Middle Income,-14.24,-51.93,2007,Happiness,Corruption Perception,0.728,score 0-1,World Happiness Report 2024
Brazil,BRA,South America,Upper Middle Income,-14.24,-51.93,2008,Happiness,Corruption Perception,0.688,score 0-1,World Happiness Report 2024
Brazil,BRA,South America,Upper Middle Income,-14.24,-51.93,2009,Happiness,Corruption Perception,0.723,score 0-1,World Happiness Report 2024
Brazil,BRA,South America,Upper Middle Income,-14.24,-51.93,2010,Happiness,Corruption Perception,0.656,score 0-1,World Happiness Report 2024
Brazil,BRA,South America,Upper Middle Income,-14.24,-51.93,2011,Happiness,Corruption Perception,0.662,score 0-1,World Happiness Report 2024
Brazil,BRA,South America,Upper Middle Income,-14.24,-51.93,2012,Happiness,Corruption Perception,0.623,score 0-1,World Happiness Report 2024
Brazil,BRA,South America,Upper Middle Income,-14.24,-51.93,2013,Happiness,Corruption Perception,0.707,score 0-1,World Happiness Report 2024
Brazil,BRA,South America,Upper Middle Income,-14.24,-51.93,2014,Happiness,Corruption Perception,0.71,score 0-1,World Happiness Report 2024
Brazil,BRA,South America,Upper Middle Income,-14.24,-51.93,2015,Happiness,Corruption Perception,0.771,score 0-1,World Happiness Report 2024
Brazil,BRA,South America,Upper Middle Income,-14.24,-51.93,2016,Happiness,Corruption Perception,0.781,score 0-1,World Happiness Report 2024
Brazil,BRA,South America,Upper Middle Income,-14.24,-51.93,2017,Happiness,Corruption Perception,0.794,score 0-1,World Happiness Report 2024
Brazil,BRA,South America,Upper Middle Income,-14.24,-51.93,2018,Happiness,Corruption Perception,0.763,score 0-1,World Happiness Report 2024
Brazil,BRA,South America,Upper Middle Income,-14.24,-51.93,2019,Happiness,Corruption Perception,0.762,score 0-1,World Happiness Report 2024
Brazil,BRA,South America,Upper Middle Income,-14.24,-51.93,2020,Happiness,Corruption Perception,0.729,score 0-1,World Happiness Report 2024
Brazil,BRA,South America,Upper Middle Income,-14.24,-51.93,2021,Happiness,Corruption Perception,0.739,score 0-1,World Happiness Report 2024
Brazil,BRA,South America,Upper Middle Income,-14.24,-51.93,2022,Happiness,Corruption Perception,0.742,score 0-1,World Happiness Report 2024
Brazil,BRA,South America,Upper Middle Income,-14.24,-51.93,2023,Happiness,Corruption Perception,0.733,score 0-1,World Happiness Report 2024
Canada,CAN,North America,High Income,56.13,-106.35,2005,Happiness,Corruption Perception,0.503,score 0-1,World Happiness Report 2024
Canada,CAN,North America,High Income,56.13,-106.35,2007,Happiness,Corruption Perception,0.406,score 0-1,World Happiness Report 2024
Canada,CAN,North America,High Income,56.13,-106.35,2008,Happiness,Corruption Perception,0.37,score 0-1,World Happiness Report 2024
Canada,CAN,North America,High Income,56.13,-106.35,2009,Happiness,Corruption Perception,0.413,score 0-1,World Happiness Report 2024
Canada,CAN,North America,High Income,56.13,-106.35,2010,Happiness,Corruption Perception,0.413,score 0-1,World Happiness Report 2024
Canada,CAN,North America,High Income,56.13,-106.35,2011,Happiness,Corruption Perception,0.433,score 0-1,World Happiness Report 2024
Canada,CAN,North America,High Income,56.13,-106.35,2012,Happiness,Corruption Perception,0.466,score 0-1,World Happiness Report 2024
Canada,CAN,North America,High Income,56.13,-106.35,2013,Happiness,Corruption Perception,0.406,score 0-1,World Happiness Report 2024
Canada,CAN,North America,High Income,56.13,-106.35,2014,Happiness,Corruption Perception,0.442,score 0-1,World Happiness Report 2024
Canada,CAN,North America,High Income,56.13,-106.35,2015,Happiness,Corruption Perception,0.427,score 0-1,World Happiness Report 2024
Canada,CAN,North America,High Income,56.13,-106.35,2016,Happiness,Corruption Perception,0.385,score 0-1,World Happiness Report 2024
Canada,CAN,North America,High Income,56.13,-106.35,2017,Happiness,Corruption Perception,0.362,score 0-1,World Happiness Report 2024
Canada,CAN,North America,High Income,56.13,-106.35,2018,Happiness,Corruption Perception,0.372,score 0-1,World Happiness Report 2024
Canada,CAN,North America,High Income,56.13,-106.35,2019,Happiness,Corruption Perception,0.436,score 0-1,World Happiness Report 2024
Canada,CAN,North America,High Income,56.13,-106.35,2020,Happiness,Corruption Perception,0.434,score 0-1,World Happiness Report 2024
Canada,CAN,North America,High Income,56.13,-106.35,2021,Happiness,Corruption Perception,0.384,score 0-1,World Happiness Report 2024
Canada,CAN,North America,High Income,56.13,-106.35,2022,Happiness,Corruption Perception,0.442,score 0-1,World Happiness Report 2024
Canada,CAN,North America,High Income,56.13,-106.35,2023,Happiness,Corruption Perception,0.468,score 0-1,World Happiness Report 2024
France,FRA,Europe,High Income,46.23,2.21,2005,Happiness,Corruption Perception,0.688,score 0-1,World Happiness Report 2024
France,FRA,Europe,High Income,46.23,2.21,2006,Happiness,Corruption Perception,0.699,score 0-1,World Happiness Report 2024
France,FRA,Europe,High Income,46.23,2.21,2008,Happiness,Corruption Perception,0.669,score 0-1,World Happiness Report 2024
France,FRA,Europe,High Income,46.23,2.21,2009,Happiness,Corruption Perception,0.654,score 0-1,World Happiness Report 2024
France,FRA,Europe,High Income,46.23,2.21,2010,Happiness,Corruption Perception,0.623,score 0-1,World Happiness Report 2024
France,FRA,Europe,High Income,46.23,2.21,2011,Happiness,Corruption Perception,0.627,score 0-1,World Happiness Report 2024
France,FRA,Europe,High Income,46.23,2.21,2012,Happiness,Corruption Perception,0.608,score 0-1,World Happiness Report 2024
France,FRA,Europe,High Income,46.23,2.21,2013,Happiness,Corruption Perception,0.699,score 0-1,World Happiness Report 2024
France,FRA,Europe,High Income,46.23,2.21,2014,Happiness,Corruption Perception,0.656,score 0-1,World Happiness Report 2024
France,FRA,Europe,High Income,46.23,2.21,2015,Happiness,Corruption Perception,0.641,score 0-1,World Happiness Report 2024
France,FRA,Europe,High Income,46.23,2.21,2016,Happiness,Corruption Perception,0.623,score 0-1,World Happiness Report 2024
France,FRA,Europe,High Income,46.23,2.21,2017,Happiness,Corruption Perception,0.601,score 0-1,World Happiness Report 2024
France,FRA,Europe,High Income,46.23,2.21,2018,Happiness,Corruption Perception,0.582,score 0-1,World Happiness Report 2024
France,FRA,Europe,High Income,46.23,2.21,2019,Happiness,Corruption Perception,0.568,score 0-1,World Happiness Report 2024
France,FRA,Europe,High Income,46.23,2.21,2020,Happiness,Corruption Perception,0.565,score 0-1,World Happiness Report 2024
France,FRA,Europe,High Income,46.23,2.21,2021,Happiness,Corruption Perception,0.561,score 0-1,World Happiness Report 2024
France,FRA,Europe,High Income,46.23,2.21,2022,Happiness,Corruption Perception,0.533,score 0-1,World Happiness Report 2024
France,FRA,Europe,High Income,46.23,2.21,2023,Happiness,Corruption Perception,0.558,score 0-1,World Happiness Report 2024
Germany,DEU,Europe,High Income,51.17,10.45,2005,Happiness,Corruption Perception,0.781,score 0-1,World Happiness Report 2024
Germany,DEU,Europe,High Income,51.17,10.45,2007,Happiness,Corruption Perception,0.792,score 0-1,World Happiness Report 2024
Germany,DEU,Europe,High Income,51.17,10.45,2008,Happiness,Corruption Perception,0.758,score 0-1,World Happiness Report 2024
Germany,DEU,Europe,High Income,51.17,10.45,2009,Happiness,Corruption Perception,0.69,score 0-1,World Happiness Report 2024
Germany,DEU,Europe,High Income,51.17,10.45,2010,Happiness,Corruption Perception,0.688,score 0-1,World Happiness Report 2024
Germany,DEU,Europe,High Income,51.17,10.45,2011,Happiness,Corruption Perception,0.677,score 0-1,World Happiness Report 2024
Germany,DEU,Europe,High Income,51.17,10.45,2012,Happiness,Corruption Perception,0.679,score 0-1,World Happiness Report 2024
Germany,DEU,Europe,High Income,51.17,10.45,2013,Happiness,Corruption Perception,0.566,score 0-1,World Happiness Report 2024
Germany,DEU,Europe,High Income,51.17,10.45,2014,Happiness,Corruption Perception,0.474,score 0-1,World Happiness Report 2024
Germany,DEU,Europe,High Income,51.17,10.45,2015,Happiness,Corruption Perception,0.412,score 0-1,World Happiness Report 2024
Germany,DEU,Europe,High Income,51.17,10.45,2016,Happiness,Corruption Perception,0.446,score 0-1,World Happiness Report 2024
Germany,DEU,Europe,High Income,51.17,10.45,2017,Happiness,Corruption Perception,0.414,score 0-1,World Happiness Report 2024
Germany,DEU,Europe,High Income,51.17,10.45,2018,Happiness,Corruption Perception,0.496,score 0-1,World Happiness Report 2024
Germany,DEU,Europe,High Income,51.17,10.45,2019,Happiness,Corruption Perception,0.462,score 0-1,World Happiness Report 2024
Germany,DEU,Europe,High Income,51.17,10.45,2020,Happiness,Corruption Perception,0.424,score 0-1,World Happiness Report 2024
Germany,DEU,Europe,High Income,51.17,10.45,2021,Happiness,Corruption Perception,0.418,score 0-1,World Happiness Report 2024
Germany,DEU,Europe,High Income,51.17,10.45,2022,Happiness,Corruption Perception,0.417,score 0-1,World Happiness Report 2024
Germany,DEU,Europe,High Income,51.17,10.45,2023,Happiness,Corruption Perception,0.46,score 0-1,World Happiness Report 2024
India,IND,Asia,Lower Middle Income,20.59,78.96,2006,Happiness,Corruption Perception,0.855,score 0-1,World Happiness Report 2024
India,IND,Asia,Lower Middle Income,20.59,78.96,2007,Happiness,Corruption Perception,0.862,score 0-1,World Happiness Report 2024
India,IND,Asia,Lower Middle Income,20.59,78.96,2008,Happiness,Corruption Perception,0.891,score 0-1,World Happiness Report 2024
India,IND,Asia,Lower Middle Income,20.59,78.96,2009,Happiness,Corruption Perception,0.895,score 0-1,World Happiness Report 2024
India,IND,Asia,Lower Middle Income,20.59,78.96,2010,Happiness,Corruption Perception,0.863,score 0-1,World Happiness Report 2024
India,IND,Asia,Lower Middle Income,20.59,78.96,2011,Happiness,Corruption Perception,0.908,score 0-1,World Happiness Report 2024
India,IND,Asia,Lower Middle Income,20.59,78.96,2012,Happiness,Corruption Perception,0.83,score 0-1,World Happiness Report 2024
India,IND,Asia,Lower Middle Income,20.59,78.96,2013,Happiness,Corruption Perception,0.832,score 0-1,World Happiness Report 2024
India,IND,Asia,Lower Middle Income,20.59,78.96,2014,Happiness,Corruption Perception,0.832,score 0-1,World Happiness Report 2024
India,IND,Asia,Lower Middle Income,20.59,78.96,2015,Happiness,Corruption Perception,0.776,score 0-1,World Happiness Report 2024
India,IND,Asia,Lower Middle Income,20.59,78.96,2016,Happiness,Corruption Perception,0.765,score 0-1,World Happiness Report 2024
India,IND,Asia,Lower Middle Income,20.59,78.96,2017,Happiness,Corruption Perception,0.781,score 0-1,World Happiness Report 2024
India,IND,Asia,Lower Middle Income,20.59,78.96,2018,Happiness,Corruption Perception,0.805,score 0-1,World Happiness Report 2024
India,IND,Asia,Lower Middle Income,20.59,78.96,2019,Happiness,Corruption Perception,0.752,score 0-1,World Happiness Report 2024
India,IND,Asia,Lower Middle Income,20.59,78.96,2020,Happiness,Corruption Perception,0.78,score 0-1,World Happiness Report 2024
India,IND,Asia,Lower Middle Income,20.59,78.96,2021,Happiness,Corruption Perception,0.757,score 0-1,World Happiness Report 2024
India,IND,Asia,Lower Middle Income,20.59,78.96,2022,Happiness,Corruption Perception,0.771,score 0-1,World Happiness Report 2024
India,IND,Asia,Lower Middle Income,20.59,78.96,2023,Happiness,Corruption Perception,0.77,score 0-1,World Happiness Report 2024
Japan,JPN,Asia,High Income,36.2,138.25,2005,Happiness,Corruption Perception,0.699,score 0-1,World Happiness Report 2024
Japan,JPN,Asia,High Income,36.2,138.25,2007,Happiness,Corruption Perception,0.809,score 0-1,World Happiness Report 2024
Japan,JPN,Asia,High Income,36.2,138.25,2008,Happiness,Corruption Perception,0.816,score 0-1,World Happiness Report 2024
Japan,JPN,Asia,High Income,36.2,138.25,2009,Happiness,Corruption Perception,0.74,score 0-1,World Happiness Report 2024
Japan,JPN,Asia,High Income,36.2,138.25,2010,Happiness,Corruption Perception,0.77,score 0-1,World Happiness Report 2024
Japan,JPN,Asia,High Income,36.2,138.25,2011,Happiness,Corruption Perception,0.734,score 0-1,World Happiness Report 2024
Japan,JPN,Asia,High Income,36.2,138.25,2012,Happiness,Corruption Perception,0.692,score 0-1,World Happiness Report 2024
Japan,JPN,Asia,High Income,36.2,138.25,2013,Happiness,Corruption Perception,0.65,score 0-1,World Happiness Report 2024
Japan,JPN,Asia,High Income,36.2,138.25,2014,Happiness,Corruption Perception,0.617,score 0-1,World Happiness Report 2024
Japan,JPN,Asia,High Income,36.2,138.25,2015,Happiness,Corruption Perception,0.654,score 0-1,World Happiness Report 2024
Japan,JPN,Asia,High Income,36.2,138.25,2016,Happiness,Corruption Perception,0.698,score 0-1,World Happiness Report 2024
Japan,JPN,Asia,High Income,36.2,138.25,2017,Happiness,Corruption Perception,0.659,score 0-1,World Happiness Report 2024
Japan,JPN,Asia,High Income,36.2,138.25,2018,Happiness,Corruption Perception,0.687,score 0-1,World Happiness Report 2024
Japan,JPN,Asia,High Income,36.2,138.25,2019,Happiness,Corruption Perception,0.617,score 0-1,World Happiness Report 2024
Japan,JPN,Asia,High Income,36.2,138.25,2020,Happiness,Corruption Perception,0.609,score 0-1,World Happiness Report 2024
Japan,JPN,Asia,High Income,36.2,138.25,2021,Happiness,Corruption Perception,0.67,score 0-1,World Happiness Report 2024
Japan,JPN,Asia,High Income,36.2,138.25,2022,Happiness,Corruption Perception,0.643,score 0-1,World Happiness Report 2024
Japan,JPN,Asia,High Income,36.2,138.25,2023,Happiness,Corruption Perception,0.594,score 0-1,World Happiness Report 2024
South Korea,KOR,Asia,High Income,35.91,127.77,2006,Happiness,Corruption Perception,0.799,score 0-1,World Happiness Report 2024
South Korea,KOR,Asia,High Income,35.91,127.77,2007,Happiness,Corruption Perception,0.803,score 0-1,World Happiness Report 2024
South Korea,KOR,Asia,High Income,35.91,127.77,2008,Happiness,Corruption Perception,0.771,score 0-1,World Happiness Report 2024
South Korea,KOR,Asia,High Income,35.91,127.77,2009,Happiness,Corruption Perception,0.787,score 0-1,World Happiness Report 2024
South Korea,KOR,Asia,High Income,35.91,127.77,2010,Happiness,Corruption Perception,0.752,score 0-1,World Happiness Report 2024
South Korea,KOR,Asia,High Income,35.91,127.77,2011,Happiness,Corruption Perception,0.827,score 0-1,World Happiness Report 2024
South Korea,KOR,Asia,High Income,35.91,127.77,2012,Happiness,Corruption Perception,0.844,score 0-1,World Happiness Report 2024
South Korea,KOR,Asia,High Income,35.91,127.77,2013,Happiness,Corruption Perception,0.832,score 0-1,World Happiness Report 2024
South Korea,KOR,Asia,High Income,35.91,127.77,2014,Happiness,Corruption Perception,0.834,score 0-1,World Happiness Report 2024
South Korea,KOR,Asia,High Income,35.91,127.77,2015,Happiness,Corruption Perception,0.841,score 0-1,World Happiness Report 2024
South Korea,KOR,Asia,High Income,35.91,127.77,2016,Happiness,Corruption Perception,0.862,score 0-1,World Happiness Report 2024
South Korea,KOR,Asia,High Income,35.91,127.77,2017,Happiness,Corruption Perception,0.851,score 0-1,World Happiness Report 2024
South Korea,KOR,Asia,High Income,35.91,127.77,2018,Happiness,Corruption Perception,0.797,score 0-1,World Happiness Report 2024
South Korea,KOR,Asia,High Income,35.91,127.77,2019,Happiness,Corruption Perception,0.718,score 0-1,World Happiness Report 2024
South Korea,KOR,Asia,High Income,35.91,127.77,2020,Happiness,Corruption Perception,0.665,score 0-1,World Happiness Report 2024
South Korea,KOR,Asia,High Income,35.91,127.77,2021,Happiness,Corruption Perception,0.685,score 0-1,World Happiness Report 2024
South Korea,KOR,Asia,High Income,35.91,127.77,2022,Happiness,Corruption Perception,0.747,score 0-1,World Happiness Report 2024
South Korea,KOR,Asia,High Income,35.91,127.77,2023,Happiness,Corruption Perception,0.714,score 0-1,World Happiness Report 2024
UK,GBR,Europe,High Income,55.38,-3.44,2005,Happiness,Corruption Perception,0.398,score 0-1,World Happiness Report 2024
UK,GBR,Europe,High Income,55.38,-3.44,2007,Happiness,Corruption Perception,0.498,score 0-1,World Happiness Report 2024
UK,GBR,Europe,High Income,55.38,-3.44,2008,Happiness,Corruption Perception,0.548,score 0-1,World Happiness Report 2024
UK,GBR,Europe,High Income,55.38,-3.44,2009,Happiness,Corruption Perception,0.559,score 0-1,World Happiness Report 2024
UK,GBR,Europe,High Income,55.38,-3.44,2010,Happiness,Corruption Perception,0.587,score 0-1,World Happiness Report 2024
UK,GBR,Europe,High Income,55.38,-3.44,2011,Happiness,Corruption Perception,0.438,score 0-1,World Happiness Report 2024
UK,GBR,Europe,High Income,55.38,-3.44,2012,Happiness,Corruption Perception,0.425,score 0-1,World Happiness Report 2024
UK,GBR,Europe,High Income,55.38,-3.44,2013,Happiness,Corruption Perception,0.568,score 0-1,World Happiness Report 2024
UK,GBR,Europe,High Income,55.38,-3.44,2014,Happiness,Corruption Perception,0.484,score 0-1,World Happiness Report 2024
UK,GBR,Europe,High Income,55.38,-3.44,2015,Happiness,Corruption Perception,0.456,score 0-1,World Happiness Report 2024
UK,GBR,Europe,High Income,55.38,-3.44,2016,Happiness,Corruption Perception,0.458,score 0-1,World Happiness Report 2024
UK,GBR,Europe,High Income,55.38,-3.44,2017,Happiness,Corruption Perception,0.419,score 0-1,World Happiness Report 2024
UK,GBR,Europe,High Income,55.38,-3.44,2018,Happiness,Corruption Perception,0.404,score 0-1,World Happiness Report 2024
UK,GBR,Europe,High Income,55.38,-3.44,2019,Happiness,Corruption Perception,0.485,score 0-1,World Happiness Report 2024
UK,GBR,Europe,High Income,55.38,-3.44,2020,Happiness,Corruption Perception,0.49,score 0-1,World Happiness Report 2024
UK,GBR,Europe,High Income,55.38,-3.44,2021,Happiness,Corruption Perception,0.448,score 0-1,World Happiness Report 2024
UK,GBR,Europe,High Income,55.38,-3.44,2022,Happiness,Corruption Perception,0.426,score 0-1,World Happiness Report 2024
UK,GBR,Europe,High Income,55.38,-3.44,2023,Happiness,Corruption Perception,0.49,score 0-1,World Happiness Report 2024
USA,USA,North America,High Income,37.09,-95.71,2006,Happiness,Corruption Perception,0.6,score 0-1,World Happiness Report 2024
USA,USA,North America,High Income,37.09,-95.71,2007,Happiness,Corruption Perception,0.633,score 0-1,World Happiness Report 2024
USA,USA,North America,High Income,37.09,-95.71,2008,Happiness,Corruption Perception,0.668,score 0-1,World Happiness Report 2024
USA,USA,North America,High Income,37.09,-95.71,2009,Happiness,Corruption Perception,0.665,score 0-1,World Happiness Report 2024
USA,USA,North America,High Income,37.09,-95.71,2010,Happiness,Corruption Perception,0.69,score 0-1,World Happiness Report 2024
USA,USA,North America,High Income,37.09,-95.71,2011,Happiness,Corruption Perception,0.697,score 0-1,World Happiness Report 2024
USA,USA,North America,High Income,37.09,-95.71,2012,Happiness,Corruption Perception,0.71,score 0-1,World Happiness Report 2024
USA,USA,North America,High Income,37.09,-95.71,2013,Happiness,Corruption Perception,0.747,score 0-1,World Happiness Report 2024
USA,USA,North America,High Income,37.09,-95.71,2014,Happiness,Corruption Perception,0.702,score 0-1,World Happiness Report 2024
USA,USA,North America,High Income,37.09,-95.71,2015,Happiness,Corruption Perception,0.698,score 0-1,World Happiness Report 2024
USA,USA,North America,High Income,37.09,-95.71,2016,Happiness,Corruption Perception,0.739,score 0-1,World Happiness Report 2024
USA,USA,North America,High Income,37.09,-95.71,2017,Happiness,Corruption Perception,0.681,score 0-1,World Happiness Report 2024
USA,USA,North America,High Income,37.09,-95.71,2018,Happiness,Corruption Perception,0.71,score 0-1,World Happiness Report 2024
USA,USA,North America,High Income,37.09,-95.71,2019,Happiness,Corruption Perception,0.707,score 0-1,World Happiness Report 2024
USA,USA,North America,High Income,37.09,-95.71,2020,Happiness,Corruption Perception,0.678,score 0-1,World Happiness Report 2024
USA,USA,North America,High Income,37.09,-95.71,2021,Happiness,Corruption Perception,0.687,score 0-1,World Happiness Report 2024
USA,USA,North America,High Income,37.09,-95.71,2022,Happiness,Corruption Perception,0.701,score 0-1,World Happiness Report 2024
USA,USA,North America,High Income,37.09,-95.71,2023,Happiness,Corruption Perception,0.722,score 0-1,World Happiness Report 2024
Australia,AUS,Oceania,High Income,-25.27,133.77,2005,Happiness,Freedom Score,0.935,score 0-1,World Happiness Report 2024
Australia,AUS,Oceania,High Income,-25.27,133.77,2007,Happiness,Freedom Score,0.891,score 0-1,World Happiness Report 2024
Australia,AUS,Oceania,High Income,-25.27,133.77,2008,Happiness,Freedom Score,0.916,score 0-1,World Happiness Report 2024
Australia,AUS,Oceania,High Income,-25.27,133.77,2010,Happiness,Freedom Score,0.932,score 0-1,World Happiness Report 2024
Australia,AUS,Oceania,High Income,-25.27,133.77,2011,Happiness,Freedom Score,0.945,score 0-1,World Happiness Report 2024
Australia,AUS,Oceania,High Income,-25.27,133.77,2012,Happiness,Freedom Score,0.935,score 0-1,World Happiness Report 2024
Australia,AUS,Oceania,High Income,-25.27,133.77,2013,Happiness,Freedom Score,0.933,score 0-1,World Happiness Report 2024
Australia,AUS,Oceania,High Income,-25.27,133.77,2014,Happiness,Freedom Score,0.923,score 0-1,World Happiness Report 2024
Australia,AUS,Oceania,High Income,-25.27,133.77,2015,Happiness,Freedom Score,0.922,score 0-1,World Happiness Report 2024
Australia,AUS,Oceania,High Income,-25.27,133.77,2016,Happiness,Freedom Score,0.922,score 0-1,World Happiness Report 2024
Australia,AUS,Oceania,High Income,-25.27,133.77,2017,Happiness,Freedom Score,0.911,score 0-1,World Happiness Report 2024
Australia,AUS,Oceania,High Income,-25.27,133.77,2018,Happiness,Freedom Score,0.916,score 0-1,World Happiness Report 2024
Australia,AUS,Oceania,High Income,-25.27,133.77,2019,Happiness,Freedom Score,0.918,score 0-1,World Happiness Report 2024
Australia,AUS,Oceania,High Income,-25.27,133.77,2020,Happiness,Freedom Score,0.905,score 0-1,World Happiness Report 2024
Australia,AUS,Oceania,High Income,-25.27,133.77,2021,Happiness,Freedom Score,0.912,score 0-1,World Happiness Report 2024
Australia,AUS,Oceania,High Income,-25.27,133.77,2022,Happiness,Freedom Score,0.854,score 0-1,World Happiness Report 2024
Australia,AUS,Oceania,High Income,-25.27,133.77,2023,Happiness,Freedom Score,0.876,score 0-1,World Happiness Report 2024
Brazil,BRA,South America,Upper Middle Income,-14.24,-51.93,2005,Happiness,Freedom Score,0.882,score 0-1,World Happiness Report 2024
Brazil,BRA,South America,Upper Middle Income,-14.24,-51.93,2007,Happiness,Freedom Score,0.777,score 0-1,World Happiness Report 2024
Brazil,BRA,South America,Upper Middle Income,-14.24,-51.93,2008,Happiness,Freedom Score,0.782,score 0-1,World Happiness Report 2024
Brazil,BRA,South America,Upper Middle Income,-14.24,-51.93,2009,Happiness,Freedom Score,0.767,score 0-1,World Happiness Report 2024
Brazil,BRA,South America,Upper Middle Income,-14.24,-51.93,2010,Happiness,Freedom Score,0.806,score 0-1,World Happiness Report 2024
Brazil,BRA,South America,Upper Middle Income,-14.24,-51.93,2011,Happiness,Freedom Score,0.834,score 0-1,World Happiness Report 2024
Brazil,BRA,South America,Upper Middle Income,-14.24,-51.93,2012,Happiness,Freedom Score,0.849,score 0-1,World Happiness Report 2024
Brazil,BRA,South America,Upper Middle Income,-14.24,-51.93,2013,Happiness,Freedom Score,0.785,score 0-1,World Happiness Report 2024
Brazil,BRA,South America,Upper Middle Income,-14.24,-51.93,2014,Happiness,Freedom Score,0.714,score 0-1,World Happiness Report 2024
Brazil,BRA,South America,Upper Middle Income,-14.24,-51.93,2015,Happiness,Freedom Score,0.799,score 0-1,World Happiness Report 2024
Brazil,BRA,South America,Upper Middle Income,-14.24,-51.93,2016,Happiness,Freedom Score,0.807,score 0-1,World Happiness Report 2024
Brazil,BRA,South America,Upper Middle Income,-14.24,-51.93,2017,Happiness,Freedom Score,0.765,score 0-1,World Happiness Report 2024
Brazil,BRA,South America,Upper Middle Income,-14.24,-51.93,2018,Happiness,Freedom Score,0.751,score 0-1,World Happiness Report 2024
Brazil,BRA,South America,Upper Middle Income,-14.24,-51.93,2019,Happiness,Freedom Score,0.83,score 0-1,World Happiness Report 2024
Brazil,BRA,South America,Upper Middle Income,-14.24,-51.93,2020,Happiness,Freedom Score,0.786,score 0-1,World Happiness Report 2024
Brazil,BRA,South America,Upper Middle Income,-14.24,-51.93,2021,Happiness,Freedom Score,0.792,score 0-1,World Happiness Report 2024
Brazil,BRA,South America,Upper Middle Income,-14.24,-51.93,2022,Happiness,Freedom Score,0.83,score 0-1,World Happiness Report 2024
Brazil,BRA,South America,Upper Middle Income,-14.24,-51.93,2023,Happiness,Freedom Score,0.87,score 0-1,World Happiness Report 2024
Canada,CAN,North America,High Income,56.13,-106.35,2005,Happiness,Freedom Score,0.957,score 0-1,World Happiness Report 2024
Canada,CAN,North America,High Income,56.13,-106.35,2007,Happiness,Freedom Score,0.93,score 0-1,World Happiness Report 2024
Canada,CAN,North America,High Income,56.13,-106.35,2008,Happiness,Freedom Score,0.926,score 0-1,World Happiness Report 2024
Canada,CAN,North America,High Income,56.13,-106.35,2009,Happiness,Freedom Score,0.915,score 0-1,World Happiness Report 2024
Canada,CAN,North America,High Income,56.13,-106.35,2010,Happiness,Freedom Score,0.934,score 0-1,World Happiness Report 2024
Canada,CAN,North America,High Income,56.13,-106.35,2011,Happiness,Freedom Score,0.951,score 0-1,World Happiness Report 2024
Canada,CAN,North America,High Income,56.13,-106.35,2012,Happiness,Freedom Score,0.918,score 0-1,World Happiness Report 2024
Canada,CAN,North America,High Income,56.13,-106.35,2013,Happiness,Freedom Score,0.916,score 0-1,World Happiness Report 2024
Canada,CAN,North America,High Income,56.13,-106.35,2014,Happiness,Freedom Score,0.939,score 0-1,World Happiness Report 2024
Canada,CAN,North America,High Income,56.13,-106.35,2015,Happiness,Freedom Score,0.931,score 0-1,World Happiness Report 2024
Canada,CAN,North America,High Income,56.13,-106.35,2016,Happiness,Freedom Score,0.912,score 0-1,World Happiness Report 2024
Canada,CAN,North America,High Income,56.13,-106.35,2017,Happiness,Freedom Score,0.945,score 0-1,World Happiness Report 2024
Canada,CAN,North America,High Income,56.13,-106.35,2018,Happiness,Freedom Score,0.946,score 0-1,World Happiness Report 2024
Canada,CAN,North America,High Income,56.13,-106.35,2019,Happiness,Freedom Score,0.912,score 0-1,World Happiness Report 2024
Canada,CAN,North America,High Income,56.13,-106.35,2020,Happiness,Freedom Score,0.887,score 0-1,World Happiness Report 2024
Canada,CAN,North America,High Income,56.13,-106.35,2021,Happiness,Freedom Score,0.898,score 0-1,World Happiness Report 2024
Canada,CAN,North America,High Income,56.13,-106.35,2022,Happiness,Freedom Score,0.838,score 0-1,World Happiness Report 2024
Canada,CAN,North America,High Income,56.13,-106.35,2023,Happiness,Freedom Score,0.847,score 0-1,World Happiness Report 2024
France,FRA,Europe,High Income,46.23,2.21,2005,Happiness,Freedom Score,0.895,score 0-1,World Happiness Report 2024
France,FRA,Europe,High Income,46.23,2.21,2006,Happiness,Freedom Score,0.789,score 0-1,World Happiness Report 2024
France,FRA,Europe,High Income,46.23,2.21,2008,Happiness,Freedom Score,0.833,score 0-1,World Happiness Report 2024
France,FRA,Europe,High Income,46.23,2.21,2009,Happiness,Freedom Score,0.798,score 0-1,World Happiness Report 2024
France,FRA,Europe,High Income,46.23,2.21,2010,Happiness,Freedom Score,0.85,score 0-1,World Happiness Report 2024
France,FRA,Europe,High Income,46.23,2.21,2011,Happiness,Freedom Score,0.903,score 0-1,World Happiness Report 2024
France,FRA,Europe,High Income,46.23,2.21,2012,Happiness,Freedom Score,0.841,score 0-1,World Happiness Report 2024
France,FRA,Europe,High Income,46.23,2.21,2013,Happiness,Freedom Score,0.878,score 0-1,World Happiness Report 2024
France,FRA,Europe,High Income,46.23,2.21,2014,Happiness,Freedom Score,0.803,score 0-1,World Happiness Report 2024
France,FRA,Europe,High Income,46.23,2.21,2015,Happiness,Freedom Score,0.817,score 0-1,World Happiness Report 2024
France,FRA,Europe,High Income,46.23,2.21,2016,Happiness,Freedom Score,0.787,score 0-1,World Happiness Report 2024
France,FRA,Europe,High Income,46.23,2.21,2017,Happiness,Freedom Score,0.834,score 0-1,World Happiness Report 2024
France,FRA,Europe,High Income,46.23,2.21,2018,Happiness,Freedom Score,0.816,score 0-1,World Happiness Report 2024
France,FRA,Europe,High Income,46.23,2.21,2019,Happiness,Freedom Score,0.827,score 0-1,World Happiness Report 2024
France,FRA,Europe,High Income,46.23,2.21,2020,Happiness,Freedom Score,0.823,score 0-1,World Happiness Report 2024
France,FRA,Europe,High Income,46.23,2.21,2021,Happiness,Freedom Score,0.837,score 0-1,World Happiness Report 2024
France,FRA,Europe,High Income,46.23,2.21,2022,Happiness,Freedom Score,0.798,score 0-1,World Happiness Report 2024
France,FRA,Europe,High Income,46.23,2.21,2023,Happiness,Freedom Score,0.776,score 0-1,World Happiness Report 2024
Germany,DEU,Europe,High Income,51.17,10.45,2005,Happiness,Freedom Score,0.847,score 0-1,World Happiness Report 2024
Germany,DEU,Europe,High Income,51.17,10.45,2007,Happiness,Freedom Score,0.801,score 0-1,World Happiness Report 2024
Germany,DEU,Europe,High Income,51.17,10.45,2008,Happiness,Freedom Score,0.766,score 0-1,World Happiness Report 2024
Germany,DEU,Europe,High Income,51.17,10.45,2009,Happiness,Freedom Score,0.844,score 0-1,World Happiness Report 2024
Germany,DEU,Europe,High Income,51.17,10.45,2010,Happiness,Freedom Score,0.843,score 0-1,World Happiness Report 2024
Germany,DEU,Europe,High Income,51.17,10.45,2011,Happiness,Freedom Score,0.906,score 0-1,World Happiness Report 2024
Germany,DEU,Europe,High Income,51.17,10.45,2012,Happiness,Freedom Score,0.904,score 0-1,World Happiness Report 2024
Germany,DEU,Europe,High Income,51.17,10.45,2013,Happiness,Freedom Score,0.894,score 0-1,World Happiness Report 2024
Germany,DEU,Europe,High Income,51.17,10.45,2014,Happiness,Freedom Score,0.899,score 0-1,World Happiness Report 2024
Germany,DEU,Europe,High Income,51.17,10.45,2015,Happiness,Freedom Score,0.889,score 0-1,World Happiness Report 2024
Germany,DEU,Europe,High Income,51.17,10.45,2016,Happiness,Freedom Score,0.871,score 0-1,World Happiness Report 2024
Germany,DEU,Europe,High Income,51.17,10.45,2017,Happiness,Freedom Score,0.841,score 0-1,World Happiness Report 2024
Germany,DEU,Europe,High Income,51.17,10.45,2018,Happiness,Freedom Score,0.877,score 0-1,World Happiness Report 2024
Germany,DEU,Europe,High Income,51.17,10.45,2019,Happiness,Freedom Score,0.885,score 0-1,World Happiness Report 2024
Germany,DEU,Europe,High Income,51.17,10.45,2020,Happiness,Freedom Score,0.864,score 0-1,World Happiness Report 2024
Germany,DEU,Europe,High Income,51.17,10.45,2021,Happiness,Freedom Score,0.778,score 0-1,World Happiness Report 2024
Germany,DEU,Europe,High Income,51.17,10.45,2022,Happiness,Freedom Score,0.895,score 0-1,World Happiness Report 2024
Germany,DEU,Europe,High Income,51.17,10.45,2023,Happiness,Freedom Score,0.845,score 0-1,World Happiness Report 2024
India,IND,Asia,Lower Middle Income,20.59,78.96,2006,Happiness,Freedom Score,0.774,score 0-1,World Happiness Report 2024
India,IND,Asia,Lower Middle Income,20.59,78.96,2007,Happiness,Freedom Score,0.729,score 0-1,World Happiness Report 2024
India,IND,Asia,Lower Middle Income,20.59,78.96,2008,Happiness,Freedom Score,0.756,score 0-1,World Happiness Report 2024
India,IND,Asia,Lower Middle Income,20.59,78.96,2009,Happiness,Freedom Score,0.679,score 0-1,World Happiness Report 2024
India,IND,Asia,Lower Middle Income,20.59,78.96,2010,Happiness,Freedom Score,0.783,score 0-1,World Happiness Report 2024
India,IND,Asia,Lower Middle Income,20.59,78.96,2011,Happiness,Freedom Score,0.838,score 0-1,World Happiness Report 2024
India,IND,Asia,Lower Middle Income,20.59,78.96,2012,Happiness,Freedom Score,0.609,score 0-1,World Happiness Report 2024
India,IND,Asia,Lower Middle Income,20.59,78.96,2013,Happiness,Freedom Score,0.74,score 0-1,World Happiness Report 2024
India,IND,Asia,Lower Middle Income,20.59,78.96,2014,Happiness,Freedom Score,0.809,score 0-1,World Happiness Report 2024
India,IND,Asia,Lower Middle Income,20.59,78.96,2015,Happiness,Freedom Score,0.777,score 0-1,World Happiness Report 2024
India,IND,Asia,Lower Middle Income,20.59,78.96,2016,Happiness,Freedom Score,0.82,score 0-1,World Happiness Report 2024
India,IND,Asia,Lower Middle Income,20.59,78.96,2017,Happiness,Freedom Score,0.886,score 0-1,World Happiness Report 2024
India,IND,Asia,Lower Middle Income,20.59,78.96,2018,Happiness,Freedom Score,0.89,score 0-1,World Happiness Report 2024
India,IND,Asia,Lower Middle Income,20.59,78.96,2019,Happiness,Freedom Score,0.876,score 0-1,World Happiness Report 2024
India,IND,Asia,Lower Middle Income,20.59,78.96,2020,Happiness,Freedom Score,0.906,score 0-1,World Happiness Report 2024
India,IND,Asia,Lower Middle Income,20.59,78.96,2021,Happiness,Freedom Score,0.866,score 0-1,World Happiness Report 2024
India,IND,Asia,Lower Middle Income,20.59,78.96,2022,Happiness,Freedom Score,0.893,score 0-1,World Happiness Report 2024
India,IND,Asia,Lower Middle Income,20.59,78.96,2023,Happiness,Freedom Score,0.9,score 0-1,World Happiness Report 2024
Japan,JPN,Asia,High Income,36.2,138.25,2005,Happiness,Freedom Score,0.868,score 0-1,World Happiness Report 2024
Japan,JPN,Asia,High Income,36.2,138.25,2007,Happiness,Freedom Score,0.796,score 0-1,World Happiness Report 2024
Japan,JPN,Asia,High Income,36.2,138.25,2008,Happiness,Freedom Score,0.772,score 0-1,World Happiness Report 2024
Japan,JPN,Asia,High Income,36.2,138.25,2009,Happiness,Freedom Score,0.73,score 0-1,World Happiness Report 2024
Japan,JPN,Asia,High Income,36.2,138.25,2010,Happiness,Freedom Score,0.772,score 0-1,World Happiness Report 2024
Japan,JPN,Asia,High Income,36.2,138.25,2011,Happiness,Freedom Score,0.814,score 0-1,World Happiness Report 2024
Japan,JPN,Asia,High Income,36.2,138.25,2012,Happiness,Freedom Score,0.753,score 0-1,World Happiness Report 2024
Japan,JPN,Asia,High Income,36.2,138.25,2013,Happiness,Freedom Score,0.821,score 0-1,World Happiness Report 2024
Japan,JPN,Asia,High Income,36.2,138.25,2014,Happiness,Freedom Score,0.838,score 0-1,World Happiness Report 2024
Japan,JPN,Asia,High Income,36.2,138.25,2015,Happiness,Freedom Score,0.832,score 0-1,World Happiness Report 2024
Japan,JPN,Asia,High Income,36.2,138.25,2016,Happiness,Freedom Score,0.836,score 0-1,World Happiness Report 2024
Japan,JPN,Asia,High Income,36.2,138.25,2017,Happiness,Freedom Score,0.849,score 0-1,World Happiness Report 2024
Japan,JPN,Asia,High Income,36.2,138.25,2018,Happiness,Freedom Score,0.773,score 0-1,World Happiness Report 2024
Japan,JPN,Asia,High Income,36.2,138.25,2019,Happiness,Freedom Score,0.806,score 0-1,World Happiness Report 2024
Japan,JPN,Asia,High Income,36.2,138.25,2020,Happiness,Freedom Score,0.806,score 0-1,World Happiness Report 2024
Japan,JPN,Asia,High Income,36.2,138.25,2021,Happiness,Freedom Score,0.801,score 0-1,World Happiness Report 2024
Japan,JPN,Asia,High Income,36.2,138.25,2022,Happiness,Freedom Score,0.789,score 0-1,World Happiness Report 2024
Japan,JPN,Asia,High Income,36.2,138.25,2023,Happiness,Freedom Score,0.777,score 0-1,World Happiness Report 2024
South Korea,KOR,Asia,High Income,35.91,127.77,2006,Happiness,Freedom Score,0.715,score 0-1,World Happiness Report 2024
South Korea,KOR,Asia,High Income,35.91,127.77,2007,Happiness,Freedom Score,0.656,score 0-1,World Happiness Report 2024
South Korea,KOR,Asia,High Income,35.91,127.77,2008,Happiness,Freedom Score,0.524,score 0-1,World Happiness Report 2024
South Korea,KOR,Asia,High Income,35.91,127.77,2009,Happiness,Freedom Score,0.6,score 0-1,World Happiness Report 2024
South Korea,KOR,Asia,High Income,35.91,127.77,2010,Happiness,Freedom Score,0.677,score 0-1,World Happiness Report 2024
South Korea,KOR,Asia,High Income,35.91,127.77,2011,Happiness,Freedom Score,0.682,score 0-1,World Happiness Report 2024
South Korea,KOR,Asia,High Income,35.91,127.77,2012,Happiness,Freedom Score,0.618,score 0-1,World Happiness Report 2024
South Korea,KOR,Asia,High Income,35.91,127.77,2013,Happiness,Freedom Score,0.642,score 0-1,World Happiness Report 2024
South Korea,KOR,Asia,High Income,35.91,127.77,2014,Happiness,Freedom Score,0.623,score 0-1,World Happiness Report 2024
South Korea,KOR,Asia,High Income,35.91,127.77,2015,Happiness,Freedom Score,0.616,score 0-1,World Happiness Report 2024
South Korea,KOR,Asia,High Income,35.91,127.77,2016,Happiness,Freedom Score,0.591,score 0-1,World Happiness Report 2024
South Korea,KOR,Asia,High Income,35.91,127.77,2017,Happiness,Freedom Score,0.538,score 0-1,World Happiness Report 2024
South Korea,KOR,Asia,High Income,35.91,127.77,2018,Happiness,Freedom Score,0.6,score 0-1,World Happiness Report 2024
South Korea,KOR,Asia,High Income,35.91,127.77,2019,Happiness,Freedom Score,0.706,score 0-1,World Happiness Report 2024
South Korea,KOR,Asia,High Income,35.91,127.77,2020,Happiness,Freedom Score,0.711,score 0-1,World Happiness Report 2024
South Korea,KOR,Asia,High Income,35.91,127.77,2021,Happiness,Freedom Score,0.717,score 0-1,World Happiness Report 2024
South Korea,KOR,Asia,High Income,35.91,127.77,2022,Happiness,Freedom Score,0.723,score 0-1,World Happiness Report 2024
South Korea,KOR,Asia,High Income,35.91,127.77,2023,Happiness,Freedom Score,0.762,score 0-1,World Happiness Report 2024
UK,GBR,Europe,High Income,55.38,-3.44,2005,Happiness,Freedom Score,0.922,score 0-1,World Happiness Report 2024
UK,GBR,Europe,High Income,55.38,-3.44,2007,Happiness,Freedom Score,0.838,score 0-1,World Happiness Report 2024
UK,GBR,Europe,High Income,55.38,-3.44,2008,Happiness,Freedom Score,0.759,score 0-1,World Happiness Report 2024
UK,GBR,Europe,High Income,55.38,-3.44,2009,Happiness,Freedom Score,0.816,score 0-1,World Happiness Report 2024
UK,GBR,Europe,High Income,55.38,-3.44,2010,Happiness,Freedom Score,0.841,score 0-1,World Happiness Report 2024
UK,GBR,Europe,High Income,55.38,-3.44,2011,Happiness,Freedom Score,0.9,score 0-1,World Happiness Report 2024
UK,GBR,Europe,High Income,55.38,-3.44,2012,Happiness,Freedom Score,0.889,score 0-1,World Happiness Report 2024
UK,GBR,Europe,High Income,55.38,-3.44,2013,Happiness,Freedom Score,0.905,score 0-1,World Happiness Report 2024
UK,GBR,Europe,High Income,55.38,-3.44,2014,Happiness,Freedom Score,0.857,score 0-1,World Happiness Report 2024
UK,GBR,Europe,High Income,55.38,-3.44,2015,Happiness,Freedom Score,0.833,score 0-1,World Happiness Report 2024
UK,GBR,Europe,High Income,55.38,-3.44,2016,Happiness,Freedom Score,0.821,score 0-1,World Happiness Report 2024
UK,GBR,Europe,High Income,55.38,-3.44,2017,Happiness,Freedom Score,0.813,score 0-1,World Happiness Report 2024
UK,GBR,Europe,High Income,55.38,-3.44,2018,Happiness,Freedom Score,0.838,score 0-1,World Happiness Report 2024
UK,GBR,Europe,High Income,55.38,-3.44,2019,Happiness,Freedom Score,0.854,score 0-1,World Happiness Report 2024
UK,GBR,Europe,High Income,55.38,-3.44,2020,Happiness,Freedom Score,0.885,score 0-1,World Happiness Report 2024
UK,GBR,Europe,High Income,55.38,-3.44,2021,Happiness,Freedom Score,0.815,score 0-1,World Happiness Report 2024
UK,GBR,Europe,High Income,55.38,-3.44,2022,Happiness,Freedom Score,0.857,score 0-1,World Happiness Report 2024
UK,GBR,Europe,High Income,55.38,-3.44,2023,Happiness,Freedom Score,0.874,score 0-1,World Happiness Report 2024
USA,USA,North America,High Income,37.09,-95.71,2006,Happiness,Freedom Score,0.911,score 0-1,World Happiness Report 2024
USA,USA,North America,High Income,37.09,-95.71,2007,Happiness,Freedom Score,0.872,score 0-1,World Happiness Report 2024
USA,USA,North America,High Income,37.09,-95.71,2008,Happiness,Freedom Score,0.878,score 0-1,World Happiness Report 2024
USA,USA,North America,High Income,37.09,-95.71,2009,Happiness,Freedom Score,0.831,score 0-1,World Happiness Report 2024
USA,USA,North America,High Income,37.09,-95.71,2010,Happiness,Freedom Score,0.828,score 0-1,World Happiness Report 2024
USA,USA,North America,High Income,37.09,-95.71,2011,Happiness,Freedom Score,0.863,score 0-1,World Happiness Report 2024
USA,USA,North America,High Income,37.09,-95.71,2012,Happiness,Freedom Score,0.823,score 0-1,World Happiness Report 2024
USA,USA,North America,High Income,37.09,-95.71,2013,Happiness,Freedom Score,0.792,score 0-1,World Happiness Report 2024
USA,USA,North America,High Income,37.09,-95.71,2014,Happiness,Freedom Score,0.866,score 0-1,World Happiness Report 2024
USA,USA,North America,High Income,37.09,-95.71,2015,Happiness,Freedom Score,0.849,score 0-1,World Happiness Report 2024
USA,USA,North America,High Income,37.09,-95.71,2016,Happiness,Freedom Score,0.758,score 0-1,World Happiness Report 2024
USA,USA,North America,High Income,37.09,-95.71,2017,Happiness,Freedom Score,0.868,score 0-1,World Happiness Report 2024
USA,USA,North America,High Income,37.09,-95.71,2018,Happiness,Freedom Score,0.825,score 0-1,World Happiness Report 2024
USA,USA,North America,High Income,37.09,-95.71,2019,Happiness,Freedom Score,0.836,score 0-1,World Happiness Report 2024
USA,USA,North America,High Income,37.09,-95.71,2020,Happiness,Freedom Score,0.85,score 0-1,World Happiness Report 2024
USA,USA,North America,High Income,37.09,-95.71,2021,Happiness,Freedom Score,0.816,score 0-1,World Happiness Report 2024
USA,USA,North America,High Income,37.09,-95.71,2022,Happiness,Freedom Score,0.736,score 0-1,World Happiness Report 2024
USA,USA,North America,High Income,37.09,-95.71,2023,Happiness,Freedom Score,0.721,score 0-1,World Happiness Report 2024
Australia,AUS,Oceania,High Income,-25.27,133.77,2007,Happiness,Generosity,0.342,score,World Happiness Report 2024
Australia,AUS,Oceania,High Income,-25.27,133.77,2008,Happiness,Generosity,0.3,score,World Happiness Report 2024
Australia,AUS,Oceania,High Income,-25.27,133.77,2010,Happiness,Generosity,0.311,score,World Happiness Report 2024
Australia,AUS,Oceania,High Income,-25.27,133.77,2011,Happiness,Generosity,0.364,score,World Happiness Report 2024
Australia,AUS,Oceania,High Income,-25.27,133.77,2012,Happiness,Generosity,0.268,score,World Happiness Report 2024
Australia,AUS,Oceania,High Income,-25.27,133.77,2013,Happiness,Generosity,0.263,score,World Happiness Report 2024
Australia,AUS,Oceania,High Income,-25.27,133.77,2014,Happiness,Generosity,0.313,score,World Happiness Report 2024
Australia,AUS,Oceania,High Income,-25.27,133.77,2015,Happiness,Generosity,0.327,score,World Happiness Report 2024
Australia,AUS,Oceania,High Income,-25.27,133.77,2016,Happiness,Generosity,0.233,score,World Happiness Report 2024
Australia,AUS,Oceania,High Income,-25.27,133.77,2017,Happiness,Generosity,0.312,score,World Happiness Report 2024
Australia,AUS,Oceania,High Income,-25.27,133.77,2018,Happiness,Generosity,0.141,score,World Happiness Report 2024
Australia,AUS,Oceania,High Income,-25.27,133.77,2019,Happiness,Generosity,0.115,score,World Happiness Report 2024
Australia,AUS,Oceania,High Income,-25.27,133.77,2020,Happiness,Generosity,0.202,score,World Happiness Report 2024
Australia,AUS,Oceania,High Income,-25.27,133.77,2021,Happiness,Generosity,0.234,score,World Happiness Report 2024
Australia,AUS,Oceania,High Income,-25.27,133.77,2022,Happiness,Generosity,0.153,score,World Happiness Report 2024
Australia,AUS,Oceania,High Income,-25.27,133.77,2023,Happiness,Generosity,0.187,score,World Happiness Report 2024
Brazil,BRA,South America,Upper Middle Income,-14.24,-51.93,2007,Happiness,Generosity,-0.022,score,World Happiness Report 2024
Brazil,BRA,South America,Upper Middle Income,-14.24,-51.93,2008,Happiness,Generosity,-0.083,score,World Happiness Report 2024
Brazil,BRA,South America,Upper Middle Income,-14.24,-51.93,2009,Happiness,Generosity,-0.061,score,World Happiness Report 2024
Brazil,BRA,South America,Upper Middle Income,-14.24,-51.93,2010,Happiness,Generosity,-0.059,score,World Happiness Report 2024
Brazil,BRA,South America,Upper Middle Income,-14.24,-51.93,2011,Happiness,Generosity,-0.078,score,World Happiness Report 2024
Brazil,BRA,South America,Upper Middle Income,-14.24,-51.93,2013,Happiness,Generosity,-0.1,score,World Happiness Report 2024
Brazil,BRA,South America,Upper Middle Income,-14.24,-51.93,2014,Happiness,Generosity,-0.121,score,World Happiness Report 2024
Brazil,BRA,South America,Upper Middle Income,-14.24,-51.93,2015,Happiness,Generosity,-0.021,score,World Happiness Report 2024
Brazil,BRA,South America,Upper Middle Income,-14.24,-51.93,2016,Happiness,Generosity,-0.106,score,World Happiness Report 2024
Brazil,BRA,South America,Upper Middle Income,-14.24,-51.93,2017,Happiness,Generosity,-0.181,score,World Happiness Report 2024
Brazil,BRA,South America,Upper Middle Income,-14.24,-51.93,2018,Happiness,Generosity,-0.123,score,World Happiness Report 2024
Brazil,BRA,South America,Upper Middle Income,-14.24,-51.93,2019,Happiness,Generosity,-0.068,score,World Happiness Report 2024
Brazil,BRA,South America,Upper Middle Income,-14.24,-51.93,2020,Happiness,Generosity,-0.061,score,World Happiness Report 2024
Brazil,BRA,South America,Upper Middle Income,-14.24,-51.93,2021,Happiness,Generosity,0.086,score,World Happiness Report 2024
Brazil,BRA,South America,Upper Middle Income,-14.24,-51.93,2022,Happiness,Generosity,-0.064,score,World Happiness Report 2024
Brazil,BRA,South America,Upper Middle Income,-14.24,-51.93,2023,Happiness,Generosity,-0.036,score,World Happiness Report 2024
Canada,CAN,North America,High Income,56.13,-106.35,2005,Happiness,Generosity,0.246,score,World Happiness Report 2024
Canada,CAN,North America,High Income,56.13,-106.35,2007,Happiness,Generosity,0.244,score,World Happiness Report 2024
Canada,CAN,North America,High Income,56.13,-106.35,2008,Happiness,Generosity,0.256,score,World Happiness Report 2024
Canada,CAN,North America,High Income,56.13,-106.35,2009,Happiness,Generosity,0.241,score,World Happiness Report 2024
Canada,CAN,North America,High Income,56.13,-106.35,2010,Happiness,Generosity,0.225,score,World Happiness Report 2024
Canada,CAN,North America,High Income,56.13,-106.35,2011,Happiness,Generosity,0.247,score,World Happiness Report 2024
Canada,CAN,North America,High Income,56.13,-106.35,2012,Happiness,Generosity,0.284,score,World Happiness Report 2024
Canada,CAN,North America,High Income,56.13,-106.35,2013,Happiness,Generosity,0.31,score,World Happiness Report 2024
Canada,CAN,North America,High Income,56.13,-106.35,2014,Happiness,Generosity,0.264,score,World Happiness Report 2024
Canada,CAN,North America,High Income,56.13,-106.35,2015,Happiness,Generosity,0.247,score,World Happiness Report 2024
Canada,CAN,North America,High Income,56.13,-106.35,2016,Happiness,Generosity,0.205,score,World Happiness Report 2024
Canada,CAN,North America,High Income,56.13,-106.35,2017,Happiness,Generosity,0.157,score,World Happiness Report 2024
Canada,CAN,North America,High Income,56.13,-106.35,2018,Happiness,Generosity,0.1,score,World Happiness Report 2024
Canada,CAN,North America,High Income,56.13,-106.35,2019,Happiness,Generosity,0.105,score,World Happiness Report 2024
Canada,CAN,North America,High Income,56.13,-106.35,2020,Happiness,Generosity,0.043,score,World Happiness Report 2024
Canada,CAN,North America,High Income,56.13,-106.35,2021,Happiness,Generosity,0.189,score,World Happiness Report 2024
Canada,CAN,North America,High Income,56.13,-106.35,2022,Happiness,Generosity,0.22,score,World Happiness Report 2024
Canada,CAN,North America,High Income,56.13,-106.35,2023,Happiness,Generosity,0.196,score,World Happiness Report 2024
France,FRA,Europe,High Income,46.23,2.21,2006,Happiness,Generosity,0.12,score,World Happiness Report 2024
France,FRA,Europe,High Income,46.23,2.21,2008,Happiness,Generosity,-0.037,score,World Happiness Report 2024
France,FRA,Europe,High Income,46.23,2.21,2009,Happiness,Generosity,-0.088,score,World Happiness Report 2024
France,FRA,Europe,High Income,46.23,2.21,2010,Happiness,Generosity,-0.109,score,World Happiness Report 2024
France,FRA,Europe,High Income,46.23,2.21,2011,Happiness,Generosity,-0.108,score,World Happiness Report 2024
France,FRA,Europe,High Income,46.23,2.21,2012,Happiness,Generosity,-0.155,score,World Happiness Report 2024
France,FRA,Europe,High Income,46.23,2.21,2013,Happiness,Generosity,-0.13,score,World Happiness Report 2024
France,FRA,Europe,High Income,46.23,2.21,2014,Happiness,Generosity,-0.124,score,World Happiness Report 2024
France,FRA,Europe,High Income,46.23,2.21,2015,Happiness,Generosity,-0.145,score,World Happiness Report 2024
France,FRA,Europe,High Income,46.23,2.21,2016,Happiness,Generosity,-0.097,score,World Happiness Report 2024
France,FRA,Europe,High Income,46.23,2.21,2017,Happiness,Generosity,-0.129,score,World Happiness Report 2024
France,FRA,Europe,High Income,46.23,2.21,2018,Happiness,Generosity,-0.143,score,World Happiness Report 2024
France,FRA,Europe,High Income,46.23,2.21,2019,Happiness,Generosity,-0.139,score,World Happiness Report 2024
France,FRA,Europe,High Income,46.23,2.21,2020,Happiness,Generosity,-0.176,score,World Happiness Report 2024
France,FRA,Europe,High Income,46.23,2.21,2021,Happiness,Generosity,-0.104,score,World Happiness Report 2024
France,FRA,Europe,High Income,46.23,2.21,2022,Happiness,Generosity,-0.027,score,World Happiness Report 2024
France,FRA,Europe,High Income,46.23,2.21,2023,Happiness,Generosity,0.01,score,World Happiness Report 2024
Germany,DEU,Europe,High Income,51.17,10.45,2007,Happiness,Generosity,0.161,score,World Happiness Report 2024
Germany,DEU,Europe,High Income,51.17,10.45,2009,Happiness,Generosity,0.121,score,World Happiness Report 2024
Germany,DEU,Europe,High Income,51.17,10.45,2010,Happiness,Generosity,0.089,score,World Happiness Report 2024
Germany,DEU,Europe,High Income,51.17,10.45,2011,Happiness,Generosity,0.027,score,World Happiness Report 2024
Germany,DEU,Europe,High Income,51.17,10.45,2012,Happiness,Generosity,0.065,score,World Happiness Report 2024
Germany,DEU,Europe,High Income,51.17,10.45,2013,Happiness,Generosity,0.018,score,World Happiness Report 2024
Germany,DEU,Europe,High Income,51.17,10.45,2014,Happiness,Generosity,0.082,score,World Happiness Report 2024
Germany,DEU,Europe,High Income,51.17,10.45,2015,Happiness,Generosity,0.172,score,World Happiness Report 2024
Germany,DEU,Europe,High Income,51.17,10.45,2016,Happiness,Generosity,0.142,score,World Happiness Report 2024
Germany,DEU,Europe,High Income,51.17,10.45,2017,Happiness,Generosity,0.139,score,World Happiness Report 2024
Germany,DEU,Europe,High Income,51.17,10.45,2018,Happiness,Generosity,0.028,score,World Happiness Report 2024
Germany,DEU,Europe,High Income,51.17,10.45,2019,Happiness,Generosity,0.051,score,World Happiness Report 2024
Germany,DEU,Europe,High Income,51.17,10.45,2020,Happiness,Generosity,-0.068,score,World Happiness Report 2024
Germany,DEU,Europe,High Income,51.17,10.45,2021,Happiness,Generosity,0.074,score,World Happiness Report 2024
Germany,DEU,Europe,High Income,51.17,10.45,2022,Happiness,Generosity,0.08,score,World Happiness Report 2024
Germany,DEU,Europe,High Income,51.17,10.45,2023,Happiness,Generosity,0.106,score,World Happiness Report 2024
India,IND,Asia,Lower Middle Income,20.59,78.96,2007,Happiness,Generosity,-0.056,score,World Happiness Report 2024
India,IND,Asia,Lower Middle Income,20.59,78.96,2008,Happiness,Generosity,-0.077,score,World Happiness Report 2024
India,IND,Asia,Lower Middle Income,20.59,78.96,2009,Happiness,Generosity,-0.031,score,World Happiness Report 2024
India,IND,Asia,Lower Middle Income,20.59,78.96,2010,Happiness,Generosity,0.053,score,World Happiness Report 2024
India,IND,Asia,Lower Middle Income,20.59,78.96,2011,Happiness,Generosity,-0.043,score,World Happiness Report 2024
India,IND,Asia,Lower Middle Income,20.59,78.96,2012,Happiness,Generosity,0.062,score,World Happiness Report 2024
India,IND,Asia,Lower Middle Income,20.59,78.96,2013,Happiness,Generosity,0.079,score,World Happiness Report 2024
India,IND,Asia,Lower Middle Income,20.59,78.96,2014,Happiness,Generosity,-0.031,score,World Happiness Report 2024
India,IND,Asia,Lower Middle Income,20.59,78.96,2015,Happiness,Generosity,-0.01,score,World Happiness Report 2024
India,IND,Asia,Lower Middle Income,20.59,78.96,2016,Happiness,Generosity,0.041,score,World Happiness Report 2024
India,IND,Asia,Lower Middle Income,20.59,78.96,2017,Happiness,Generosity,-0.046,score,World Happiness Report 2024
India,IND,Asia,Lower Middle Income,20.59,78.96,2018,Happiness,Generosity,0.08,score,World Happiness Report 2024
India,IND,Asia,Lower Middle Income,20.59,78.96,2019,Happiness,Generosity,0.108,score,World Happiness Report 2024
India,IND,Asia,Lower Middle Income,20.59,78.96,2020,Happiness,Generosity,0.068,score,World Happiness Report 2024
India,IND,Asia,Lower Middle Income,20.59,78.96,2021,Happiness,Generosity,0.052,score,World Happiness Report 2024
India,IND,Asia,Lower Middle Income,20.59,78.96,2022,Happiness,Generosity,0.085,score,World Happiness Report 2024
India,IND,Asia,Lower Middle Income,20.59,78.96,2023,Happiness,Generosity,0.121,score,World Happiness Report 2024
Japan,JPN,Asia,High Income,36.2,138.25,2007,Happiness,Generosity,-0.097,score,World Happiness Report 2024
Japan,JPN,Asia,High Income,36.2,138.25,2008,Happiness,Generosity,-0.142,score,World Happiness Report 2024
Japan,JPN,Asia,High Income,36.2,138.25,2009,Happiness,Generosity,-0.217,score,World Happiness Report 2024
Japan,JPN,Asia,High Income,36.2,138.25,2010,Happiness,Generosity,-0.147,score,World Happiness Report 2024
Japan,JPN,Asia,High Income,36.2,138.25,2011,Happiness,Generosity,-0.059,score,World Happiness Report 2024
Japan,JPN,Asia,High Income,36.2,138.25,2013,Happiness,Generosity,-0.154,score,World Happiness Report 2024
Japan,JPN,Asia,High Income,36.2,138.25,2014,Happiness,Generosity,-0.146,score,World Happiness Report 2024
Japan,JPN,Asia,High Income,36.2,138.25,2015,Happiness,Generosity,-0.162,score,World Happiness Report 2024
Japan,JPN,Asia,High Income,36.2,138.25,2016,Happiness,Generosity,-0.069,score,World Happiness Report 2024
Japan,JPN,Asia,High Income,36.2,138.25,2017,Happiness,Generosity,-0.213,score,World Happiness Report 2024
Japan,JPN,Asia,High Income,36.2,138.25,2018,Happiness,Generosity,-0.268,score,World Happiness Report 2024
Japan,JPN,Asia,High Income,36.2,138.25,2019,Happiness,Generosity,-0.261,score,World Happiness Report 2024
Japan,JPN,Asia,High Income,36.2,138.25,2020,Happiness,Generosity,-0.266,score,World Happiness Report 2024
Japan,JPN,Asia,High Income,36.2,138.25,2021,Happiness,Generosity,-0.213,score,World Happiness Report 2024
Japan,JPN,Asia,High Income,36.2,138.25,2022,Happiness,Generosity,-0.237,score,World Happiness Report 2024
Japan,JPN,Asia,High Income,36.2,138.25,2023,Happiness,Generosity,-0.222,score,World Happiness Report 2024
South Korea,KOR,Asia,High Income,35.91,127.77,2006,Happiness,Generosity,-0.058,score,World Happiness Report 2024
South Korea,KOR,Asia,High Income,35.91,127.77,2007,Happiness,Generosity,-0.065,score,World Happiness Report 2024
South Korea,KOR,Asia,High Income,35.91,127.77,2008,Happiness,Generosity,-0.108,score,World Happiness Report 2024
South Korea,KOR,Asia,High Income,35.91,127.77,2009,Happiness,Generosity,-0.102,score,World Happiness Report 2024
South Korea,KOR,Asia,High Income,35.91,127.77,2010,Happiness,Generosity,-0.039,score,World Happiness Report 2024
South Korea,KOR,Asia,High Income,35.91,127.77,2011,Happiness,Generosity,-0.054,score,World Happiness Report 2024
South Korea,KOR,Asia,High Income,35.91,127.77,2013,Happiness,Generosity,-0.056,score,World Happiness Report 2024
South Korea,KOR,Asia,High Income,35.91,127.77,2014,Happiness,Generosity,-0.049,score,World Happiness Report 2024
South Korea,KOR,Asia,High Income,35.91,127.77,2015,Happiness,Generosity,-0.041,score,World Happiness Report 2024
South Korea,KOR,Asia,High Income,35.91,127.77,2016,Happiness,Generosity,0.02,score,World Happiness Report 2024
South Korea,KOR,Asia,High Income,35.91,127.77,2017,Happiness,Generosity,0.008,score,World Happiness Report 2024
South Korea,KOR,Asia,High Income,35.91,127.77,2018,Happiness,Generosity,-0.095,score,World Happiness Report 2024
South Korea,KOR,Asia,High Income,35.91,127.77,2019,Happiness,Generosity,-0.061,score,World Happiness Report 2024
South Korea,KOR,Asia,High Income,35.91,127.77,2020,Happiness,Generosity,-0.112,score,World Happiness Report 2024
South Korea,KOR,Asia,High Income,35.91,127.77,2021,Happiness,Generosity,-0.033,score,World Happiness Report 2024
South Korea,KOR,Asia,High Income,35.91,127.77,2022,Happiness,Generosity,0.002,score,World Happiness Report 2024
South Korea,KOR,Asia,High Income,35.91,127.77,2023,Happiness,Generosity,-0.004,score,World Happiness Report 2024
UK,GBR,Europe,High Income,55.38,-3.44,2007,Happiness,Generosity,0.331,score,World Happiness Report 2024
UK,GBR,Europe,High Income,55.38,-3.44,2008,Happiness,Generosity,0.325,score,World Happiness Report 2024
UK,GBR,Europe,High Income,55.38,-3.44,2009,Happiness,Generosity,0.336,score,World Happiness Report 2024
UK,GBR,Europe,High Income,55.38,-3.44,2010,Happiness,Generosity,0.397,score,World Happiness Report 2024
UK,GBR,Europe,High Income,55.38,-3.44,2011,Happiness,Generosity,0.331,score,World Happiness Report 2024
UK,GBR,Europe,High Income,55.38,-3.44,2012,Happiness,Generosity,0.366,score,World Happiness Report 2024
UK,GBR,Europe,High Income,55.38,-3.44,2013,Happiness,Generosity,0.341,score,World Happiness Report 2024
UK,GBR,Europe,High Income,55.38,-3.44,2014,Happiness,Generosity,0.349,score,World Happiness Report 2024
UK,GBR,Europe,High Income,55.38,-3.44,2015,Happiness,Generosity,0.294,score,World Happiness Report 2024
UK,GBR,Europe,High Income,55.38,-3.44,2016,Happiness,Generosity,0.244,score,World Happiness Report 2024
UK,GBR,Europe,High Income,55.38,-3.44,2017,Happiness,Generosity,0.285,score,World Happiness Report 2024
UK,GBR,Europe,High Income,55.38,-3.44,2018,Happiness,Generosity,0.22,score,World Happiness Report 2024
UK,GBR,Europe,High Income,55.38,-3.44,2019,Happiness,Generosity,0.264,score,World Happiness Report 2024
UK,GBR,Europe,High Income,55.38,-3.44,2020,Happiness,Generosity,0.196,score,World Happiness Report 2024
UK,GBR,Europe,High Income,55.38,-3.44,2021,Happiness,Generosity,0.252,score,World Happiness Report 2024
UK,GBR,Europe,High Income,55.38,-3.44,2022,Happiness,Generosity,0.308,score,World Happiness Report 2024
UK,GBR,Europe,High Income,55.38,-3.44,2023,Happiness,Generosity,0.27,score,World Happiness Report 2024
USA,USA,North America,High Income,37.09,-95.71,2007,Happiness,Generosity,0.191,score,World Happiness Report 2024
USA,USA,North America,High Income,37.09,-95.71,2008,Happiness,Generosity,0.249,score,World Happiness Report 2024
USA,USA,North America,High Income,37.09,-95.71,2009,Happiness,Generosity,0.195,score,World Happiness Report 2024
USA,USA,North America,High Income,37.09,-95.71,2010,Happiness,Generosity,0.238,score,World Happiness Report 2024
USA,USA,North America,High Income,37.09,-95.71,2011,Happiness,Generosity,0.155,score,World Happiness Report 2024
USA,USA,North America,High Income,37.09,-95.71,2012,Happiness,Generosity,0.208,score,World Happiness Report 2024
USA,USA,North America,High Income,37.09,-95.71,2013,Happiness,Generosity,0.268,score,World Happiness Report 2024
USA,USA,North America,High Income,37.09,-95.71,2014,Happiness,Generosity,0.215,score,World Happiness Report 2024
USA,USA,North America,High Income,37.09,-95.71,2015,Happiness,Generosity,0.213,score,World Happiness Report 2024
USA,USA,North America,High Income,37.09,-95.71,2016,Happiness,Generosity,0.138,score,World Happiness Report 2024
USA,USA,North America,High Income,37.09,-95.71,2017,Happiness,Generosity,0.191,score,World Happiness Report 2024
USA,USA,North America,High Income,37.09,-95.71,2018,Happiness,Generosity,0.11,score,World Happiness Report 2024
USA,USA,North America,High Income,37.09,-95.71,2019,Happiness,Generosity,0.138,score,World Happiness Report 2024
USA,USA,North America,High Income,37.09,-95.71,2020,Happiness,Generosity,0.028,score,World Happiness Report 2024
USA,USA,North America,High Income,37.09,-95.71,2021,Happiness,Generosity,0.188,score,World Happiness Report 2024
USA,USA,North America,High Income,37.09,-95.71,2022,Happiness,Generosity,0.189,score,World Happiness Report 2024
USA,USA,North America,High Income,37.09,-95.71,2023,Happiness,Generosity,0.185,score,World Happiness Report 2024
Australia,AUS,Oceania,High Income,-25.27,133.77,2005,Happiness,Happiness Score,7.341,score 0-10,World Happiness Report 2024
Australia,AUS,Oceania,High Income,-25.27,133.77,2007,Happiness,Happiness Score,7.285,score 0-10,World Happiness Report 2024
Australia,AUS,Oceania,High Income,-25.27,133.77,2008,Happiness,Happiness Score,7.254,score 0-10,World Happiness Report 2024
Australia,AUS,Oceania,High Income,-25.27,133.77,2010,Happiness,Happiness Score,7.45,score 0-10,World Happiness Report 2024
Australia,AUS,Oceania,High Income,-25.27,133.77,2011,Happiness,Happiness Score,7.406,score 0-10,World Happiness Report 2024
Australia,AUS,Oceania,High Income,-25.27,133.77,2012,Happiness,Happiness Score,7.196,score 0-10,World Happiness Report 2024
Australia,AUS,Oceania,High Income,-25.27,133.77,2013,Happiness,Happiness Score,7.364,score 0-10,World Happiness Report 2024
Australia,AUS,Oceania,High Income,-25.27,133.77,2014,Happiness,Happiness Score,7.289,score 0-10,World Happiness Report 2024
Australia,AUS,Oceania,High Income,-25.27,133.77,2015,Happiness,Happiness Score,7.309,score 0-10,World Happiness Report 2024
Australia,AUS,Oceania,High Income,-25.27,133.77,2016,Happiness,Happiness Score,7.25,score 0-10,World Happiness Report 2024
Australia,AUS,Oceania,High Income,-25.27,133.77,2017,Happiness,Happiness Score,7.257,score 0-10,World Happiness Report 2024
Australia,AUS,Oceania,High Income,-25.27,133.77,2018,Happiness,Happiness Score,7.177,score 0-10,World Happiness Report 2024
Australia,AUS,Oceania,High Income,-25.27,133.77,2019,Happiness,Happiness Score,7.234,score 0-10,World Happiness Report 2024
Australia,AUS,Oceania,High Income,-25.27,133.77,2020,Happiness,Happiness Score,7.137,score 0-10,World Happiness Report 2024
Australia,AUS,Oceania,High Income,-25.27,133.77,2021,Happiness,Happiness Score,7.112,score 0-10,World Happiness Report 2024
Australia,AUS,Oceania,High Income,-25.27,133.77,2022,Happiness,Happiness Score,7.035,score 0-10,World Happiness Report 2024
Australia,AUS,Oceania,High Income,-25.27,133.77,2023,Happiness,Happiness Score,7.025,score 0-10,World Happiness Report 2024
Brazil,BRA,South America,Upper Middle Income,-14.24,-51.93,2005,Happiness,Happiness Score,6.637,score 0-10,World Happiness Report 2024
Brazil,BRA,South America,Upper Middle Income,-14.24,-51.93,2007,Happiness,Happiness Score,6.321,score 0-10,World Happiness Report 2024
Brazil,BRA,South America,Upper Middle Income,-14.24,-51.93,2008,Happiness,Happiness Score,6.691,score 0-10,World Happiness Report 2024
Brazil,BRA,South America,Upper Middle Income,-14.24,-51.93,2009,Happiness,Happiness Score,7.001,score 0-10,World Happiness Report 2024
Brazil,BRA,South America,Upper Middle Income,-14.24,-51.93,2010,Happiness,Happiness Score,6.837,score 0-10,World Happiness Report 2024
Brazil,BRA,South America,Upper Middle Income,-14.24,-51.93,2011,Happiness,Happiness Score,7.038,score 0-10,World Happiness Report 2024
Brazil,BRA,South America,Upper Middle Income,-14.24,-51.93,2012,Happiness,Happiness Score,6.66,score 0-10,World Happiness Report 2024
Brazil,BRA,South America,Upper Middle Income,-14.24,-51.93,2013,Happiness,Happiness Score,7.14,score 0-10,World Happiness Report 2024
Brazil,BRA,South America,Upper Middle Income,-14.24,-51.93,2014,Happiness,Happiness Score,6.981,score 0-10,World Happiness Report 2024
Brazil,BRA,South America,Upper Middle Income,-14.24,-51.93,2015,Happiness,Happiness Score,6.547,score 0-10,World Happiness Report 2024
Brazil,BRA,South America,Upper Middle Income,-14.24,-51.93,2016,Happiness,Happiness Score,6.375,score 0-10,World Happiness Report 2024
Brazil,BRA,South America,Upper Middle Income,-14.24,-51.93,2017,Happiness,Happiness Score,6.333,score 0-10,World Happiness Report 2024
Brazil,BRA,South America,Upper Middle Income,-14.24,-51.93,2018,Happiness,Happiness Score,6.191,score 0-10,World Happiness Report 2024
Brazil,BRA,South America,Upper Middle Income,-14.24,-51.93,2019,Happiness,Happiness Score,6.451,score 0-10,World Happiness Report 2024
Brazil,BRA,South America,Upper Middle Income,-14.24,-51.93,2020,Happiness,Happiness Score,6.11,score 0-10,World Happiness Report 2024
Brazil,BRA,South America,Upper Middle Income,-14.24,-51.93,2021,Happiness,Happiness Score,6.01,score 0-10,World Happiness Report 2024
Brazil,BRA,South America,Upper Middle Income,-14.24,-51.93,2022,Happiness,Happiness Score,6.257,score 0-10,World Happiness Report 2024
Brazil,BRA,South America,Upper Middle Income,-14.24,-51.93,2023,Happiness,Happiness Score,6.553,score 0-10,World Happiness Report 2024
Canada,CAN,North America,High Income,56.13,-106.35,2005,Happiness,Happiness Score,7.418,score 0-10,World Happiness Report 2024
Canada,CAN,North America,High Income,56.13,-106.35,2007,Happiness,Happiness Score,7.482,score 0-10,World Happiness Report 2024
Canada,CAN,North America,High Income,56.13,-106.35,2008,Happiness,Happiness Score,7.486,score 0-10,World Happiness Report 2024
Canada,CAN,North America,High Income,56.13,-106.35,2009,Happiness,Happiness Score,7.488,score 0-10,World Happiness Report 2024
Canada,CAN,North America,High Income,56.13,-106.35,2010,Happiness,Happiness Score,7.65,score 0-10,World Happiness Report 2024
Canada,CAN,North America,High Income,56.13,-106.35,2011,Happiness,Happiness Score,7.426,score 0-10,World Happiness Report 2024
Canada,CAN,North America,High Income,56.13,-106.35,2012,Happiness,Happiness Score,7.415,score 0-10,World Happiness Report 2024
Canada,CAN,North America,High Income,56.13,-106.35,2013,Happiness,Happiness Score,7.594,score 0-10,World Happiness Report 2024
Canada,CAN,North America,High Income,56.13,-106.35,2014,Happiness,Happiness Score,7.304,score 0-10,World Happiness Report 2024
Canada,CAN,North America,High Income,56.13,-106.35,2015,Happiness,Happiness Score,7.413,score 0-10,World Happiness Report 2024
Canada,CAN,North America,High Income,56.13,-106.35,2016,Happiness,Happiness Score,7.245,score 0-10,World Happiness Report 2024
Canada,CAN,North America,High Income,56.13,-106.35,2017,Happiness,Happiness Score,7.415,score 0-10,World Happiness Report 2024
Canada,CAN,North America,High Income,56.13,-106.35,2018,Happiness,Happiness Score,7.175,score 0-10,World Happiness Report 2024
Canada,CAN,North America,High Income,56.13,-106.35,2019,Happiness,Happiness Score,7.109,score 0-10,World Happiness Report 2024
Canada,CAN,North America,High Income,56.13,-106.35,2020,Happiness,Happiness Score,7.025,score 0-10,World Happiness Report 2024
Canada,CAN,North America,High Income,56.13,-106.35,2021,Happiness,Happiness Score,6.939,score 0-10,World Happiness Report 2024
Canada,CAN,North America,High Income,56.13,-106.35,2022,Happiness,Happiness Score,6.918,score 0-10,World Happiness Report 2024
Canada,CAN,North America,High Income,56.13,-106.35,2023,Happiness,Happiness Score,6.841,score 0-10,World Happiness Report 2024
France,FRA,Europe,High Income,46.23,2.21,2005,Happiness,Happiness Score,7.093,score 0-10,World Happiness Report 2024
France,FRA,Europe,High Income,46.23,2.21,2006,Happiness,Happiness Score,6.583,score 0-10,World Happiness Report 2024
France,FRA,Europe,High Income,46.23,2.21,2008,Happiness,Happiness Score,7.008,score 0-10,World Happiness Report 2024
France,FRA,Europe,High Income,46.23,2.21,2009,Happiness,Happiness Score,6.283,score 0-10,World Happiness Report 2024
France,FRA,Europe,High Income,46.23,2.21,2010,Happiness,Happiness Score,6.798,score 0-10,World Happiness Report 2024
France,FRA,Europe,High Income,46.23,2.21,2011,Happiness,Happiness Score,6.959,score 0-10,World Happiness Report 2024
France,FRA,Europe,High Income,46.23,2.21,2012,Happiness,Happiness Score,6.649,score 0-10,World Happiness Report 2024
France,FRA,Europe,High Income,46.23,2.21,2013,Happiness,Happiness Score,6.667,score 0-10,World Happiness Report 2024
France,FRA,Europe,High Income,46.23,2.21,2014,Happiness,Happiness Score,6.467,score 0-10,World Happiness Report 2024
France,FRA,Europe,High Income,46.23,2.21,2015,Happiness,Happiness Score,6.358,score 0-10,World Happiness Report 2024
France,FRA,Europe,High Income,46.23,2.21,2016,Happiness,Happiness Score,6.475,score 0-10,World Happiness Report 2024
France,FRA,Europe,High Income,46.23,2.21,2017,Happiness,Happiness Score,6.635,score 0-10,World Happiness Report 2024
France,FRA,Europe,High Income,46.23,2.21,2018,Happiness,Happiness Score,6.666,score 0-10,World Happiness Report 2024
France,FRA,Europe,High Income,46.23,2.21,2019,Happiness,Happiness Score,6.69,score 0-10,World Happiness Report 2024
France,FRA,Europe,High Income,46.23,2.21,2020,Happiness,Happiness Score,6.714,score 0-10,World Happiness Report 2024
France,FRA,Europe,High Income,46.23,2.21,2021,Happiness,Happiness Score,6.656,score 0-10,World Happiness Report 2024
France,FRA,Europe,High Income,46.23,2.21,2022,Happiness,Happiness Score,6.614,score 0-10,World Happiness Report 2024
France,FRA,Europe,High Income,46.23,2.21,2023,Happiness,Happiness Score,6.557,score 0-10,World Happiness Report 2024
Germany,DEU,Europe,High Income,51.17,10.45,2005,Happiness,Happiness Score,6.62,score 0-10,World Happiness Report 2024
Germany,DEU,Europe,High Income,51.17,10.45,2007,Happiness,Happiness Score,6.417,score 0-10,World Happiness Report 2024
Germany,DEU,Europe,High Income,51.17,10.45,2008,Happiness,Happiness Score,6.522,score 0-10,World Happiness Report 2024
Germany,DEU,Europe,High Income,51.17,10.45,2009,Happiness,Happiness Score,6.641,score 0-10,World Happiness Report 2024
Germany,DEU,Europe,High Income,51.17,10.45,2010,Happiness,Happiness Score,6.725,score 0-10,World Happiness Report 2024
Germany,DEU,Europe,High Income,51.17,10.45,2011,Happiness,Happiness Score,6.621,score 0-10,World Happiness Report 2024
Germany,DEU,Europe,High Income,51.17,10.45,2012,Happiness,Happiness Score,6.702,score 0-10,World Happiness Report 2024
Germany,DEU,Europe,High Income,51.17,10.45,2013,Happiness,Happiness Score,6.965,score 0-10,World Happiness Report 2024
Germany,DEU,Europe,High Income,51.17,10.45,2014,Happiness,Happiness Score,6.984,score 0-10,World Happiness Report 2024
Germany,DEU,Europe,High Income,51.17,10.45,2015,Happiness,Happiness Score,7.037,score 0-10,World Happiness Report 2024
Germany,DEU,Europe,High Income,51.17,10.45,2016,Happiness,Happiness Score,6.874,score 0-10,World Happiness Report 2024
Germany,DEU,Europe,High Income,51.17,10.45,2017,Happiness,Happiness Score,7.074,score 0-10,World Happiness Report 2024
Germany,DEU,Europe,High Income,51.17,10.45,2018,Happiness,Happiness Score,7.118,score 0-10,World Happiness Report 2024
Germany,DEU,Europe,High Income,51.17,10.45,2019,Happiness,Happiness Score,7.035,score 0-10,World Happiness Report 2024
Germany,DEU,Europe,High Income,51.17,10.45,2020,Happiness,Happiness Score,7.312,score 0-10,World Happiness Report 2024
Germany,DEU,Europe,High Income,51.17,10.45,2021,Happiness,Happiness Score,6.755,score 0-10,World Happiness Report 2024
Germany,DEU,Europe,High Income,51.17,10.45,2022,Happiness,Happiness Score,6.608,score 0-10,World Happiness Report 2024
Germany,DEU,Europe,High Income,51.17,10.45,2023,Happiness,Happiness Score,6.792,score 0-10,World Happiness Report 2024
India,IND,Asia,Lower Middle Income,20.59,78.96,2006,Happiness,Happiness Score,5.348,score 0-10,World Happiness Report 2024
India,IND,Asia,Lower Middle Income,20.59,78.96,2007,Happiness,Happiness Score,5.027,score 0-10,World Happiness Report 2024
India,IND,Asia,Lower Middle Income,20.59,78.96,2008,Happiness,Happiness Score,5.146,score 0-10,World Happiness Report 2024
India,IND,Asia,Lower Middle Income,20.59,78.96,2009,Happiness,Happiness Score,4.522,score 0-10,World Happiness Report 2024
India,IND,Asia,Lower Middle Income,20.59,78.96,2010,Happiness,Happiness Score,4.989,score 0-10,World Happiness Report 2024
India,IND,Asia,Lower Middle Income,20.59,78.96,2011,Happiness,Happiness Score,4.635,score 0-10,World Happiness Report 2024
India,IND,Asia,Lower Middle Income,20.59,78.96,2012,Happiness,Happiness Score,4.72,score 0-10,World Happiness Report 2024
India,IND,Asia,Lower Middle Income,20.59,78.96,2013,Happiness,Happiness Score,4.428,score 0-10,World Happiness Report 2024
India,IND,Asia,Lower Middle Income,20.59,78.96,2014,Happiness,Happiness Score,4.424,score 0-10,World Happiness Report 2024
India,IND,Asia,Lower Middle Income,20.59,78.96,2015,Happiness,Happiness Score,4.342,score 0-10,World Happiness Report 2024
India,IND,Asia,Lower Middle Income,20.59,78.96,2016,Happiness,Happiness Score,4.179,score 0-10,World Happiness Report 2024
India,IND,Asia,Lower Middle Income,20.59,78.96,2017,Happiness,Happiness Score,4.046,score 0-10,World Happiness Report 2024
India,IND,Asia,Lower Middle Income,20.59,78.96,2018,Happiness,Happiness Score,3.818,score 0-10,World Happiness Report 2024
India,IND,Asia,Lower Middle Income,20.59,78.96,2019,Happiness,Happiness Score,3.249,score 0-10,World Happiness Report 2024
India,IND,Asia,Lower Middle Income,20.59,78.96,2020,Happiness,Happiness Score,4.224,score 0-10,World Happiness Report 2024
India,IND,Asia,Lower Middle Income,20.59,78.96,2021,Happiness,Happiness Score,3.558,score 0-10,World Happiness Report 2024
India,IND,Asia,Lower Middle Income,20.59,78.96,2022,Happiness,Happiness Score,3.93,score 0-10,World Happiness Report 2024
India,IND,Asia,Lower Middle Income,20.59,78.96,2023,Happiness,Happiness Score,4.676,score 0-10,World Happiness Report 2024
Japan,JPN,Asia,High Income,36.2,138.25,2005,Happiness,Happiness Score,6.516,score 0-10,World Happiness Report 2024
Japan,JPN,Asia,High Income,36.2,138.25,2007,Happiness,Happiness Score,6.238,score 0-10,World Happiness Report 2024
Japan,JPN,Asia,High Income,36.2,138.25,2008,Happiness,Happiness Score,5.911,score 0-10,World Happiness Report 2024
Japan,JPN,Asia,High Income,36.2,138.25,2009,Happiness,Happiness Score,5.845,score 0-10,World Happiness Report 2024
Japan,JPN,Asia,High Income,36.2,138.25,2010,Happiness,Happiness Score,6.057,score 0-10,World Happiness Report 2024
Japan,JPN,Asia,High Income,36.2,138.25,2011,Happiness,Happiness Score,6.263,score 0-10,World Happiness Report 2024
Japan,JPN,Asia,High Income,36.2,138.25,2012,Happiness,Happiness Score,5.968,score 0-10,World Happiness Report 2024
Japan,JPN,Asia,High Income,36.2,138.25,2013,Happiness,Happiness Score,5.959,score 0-10,World Happiness Report 2024
Japan,JPN,Asia,High Income,36.2,138.25,2014,Happiness,Happiness Score,5.923,score 0-10,World Happiness Report 2024
Japan,JPN,Asia,High Income,36.2,138.25,2015,Happiness,Happiness Score,5.88,score 0-10,World Happiness Report 2024
Japan,JPN,Asia,High Income,36.2,138.25,2016,Happiness,Happiness Score,5.955,score 0-10,World Happiness Report 2024
Japan,JPN,Asia,High Income,36.2,138.25,2017,Happiness,Happiness Score,5.911,score 0-10,World Happiness Report 2024
Japan,JPN,Asia,High Income,36.2,138.25,2018,Happiness,Happiness Score,5.794,score 0-10,World Happiness Report 2024
Japan,JPN,Asia,High Income,36.2,138.25,2019,Happiness,Happiness Score,5.908,score 0-10,World Happiness Report 2024
Japan,JPN,Asia,High Income,36.2,138.25,2020,Happiness,Happiness Score,6.118,score 0-10,World Happiness Report 2024
Japan,JPN,Asia,High Income,36.2,138.25,2021,Happiness,Happiness Score,6.091,score 0-10,World Happiness Report 2024
Japan,JPN,Asia,High Income,36.2,138.25,2022,Happiness,Happiness Score,6.178,score 0-10,World Happiness Report 2024
Japan,JPN,Asia,High Income,36.2,138.25,2023,Happiness,Happiness Score,5.91,score 0-10,World Happiness Report 2024
South Korea,KOR,Asia,High Income,35.91,127.77,2006,Happiness,Happiness Score,5.332,score 0-10,World Happiness Report 2024
South Korea,KOR,Asia,High Income,35.91,127.77,2007,Happiness,Happiness Score,5.767,score 0-10,World Happiness Report 2024
South Korea,KOR,Asia,High Income,35.91,127.77,2008,Happiness,Happiness Score,5.39,score 0-10,World Happiness Report 2024
South Korea,KOR,Asia,High Income,35.91,127.77,2009,Happiness,Happiness Score,5.648,score 0-10,World Happiness Report 2024
South Korea,KOR,Asia,High Income,35.91,127.77,2010,Happiness,Happiness Score,6.116,score 0-10,World Happiness Report 2024
South Korea,KOR,Asia,High Income,35.91,127.77,2011,Happiness,Happiness Score,6.947,score 0-10,World Happiness Report 2024
South Korea,KOR,Asia,High Income,35.91,127.77,2012,Happiness,Happiness Score,6.003,score 0-10,World Happiness Report 2024
South Korea,KOR,Asia,High Income,35.91,127.77,2013,Happiness,Happiness Score,5.959,score 0-10,World Happiness Report 2024
South Korea,KOR,Asia,High Income,35.91,127.77,2014,Happiness,Happiness Score,5.801,score 0-10,World Happiness Report 2024
South Korea,KOR,Asia,High Income,35.91,127.77,2015,Happiness,Happiness Score,5.78,score 0-10,World Happiness Report 2024
South Korea,KOR,Asia,High Income,35.91,127.77,2016,Happiness,Happiness Score,5.971,score 0-10,World Happiness Report 2024
South Korea,KOR,Asia,High Income,35.91,127.77,2017,Happiness,Happiness Score,5.874,score 0-10,World Happiness Report 2024
South Korea,KOR,Asia,High Income,35.91,127.77,2018,Happiness,Happiness Score,5.84,score 0-10,World Happiness Report 2024
South Korea,KOR,Asia,High Income,35.91,127.77,2019,Happiness,Happiness Score,5.903,score 0-10,World Happiness Report 2024
South Korea,KOR,Asia,High Income,35.91,127.77,2020,Happiness,Happiness Score,5.793,score 0-10,World Happiness Report 2024
South Korea,KOR,Asia,High Income,35.91,127.77,2021,Happiness,Happiness Score,6.113,score 0-10,World Happiness Report 2024
South Korea,KOR,Asia,High Income,35.91,127.77,2022,Happiness,Happiness Score,5.95,score 0-10,World Happiness Report 2024
South Korea,KOR,Asia,High Income,35.91,127.77,2023,Happiness,Happiness Score,6.112,score 0-10,World Happiness Report 2024
UK,GBR,Europe,High Income,55.38,-3.44,2005,Happiness,Happiness Score,6.984,score 0-10,World Happiness Report 2024
UK,GBR,Europe,High Income,55.38,-3.44,2007,Happiness,Happiness Score,6.802,score 0-10,World Happiness Report 2024
UK,GBR,Europe,High Income,55.38,-3.44,2008,Happiness,Happiness Score,6.986,score 0-10,World Happiness Report 2024
UK,GBR,Europe,High Income,55.38,-3.44,2009,Happiness,Happiness Score,6.907,score 0-10,World Happiness Report 2024
UK,GBR,Europe,High Income,55.38,-3.44,2010,Happiness,Happiness Score,7.029,score 0-10,World Happiness Report 2024
UK,GBR,Europe,High Income,55.38,-3.44,2011,Happiness,Happiness Score,6.869,score 0-10,World Happiness Report 2024
UK,GBR,Europe,High Income,55.38,-3.44,2012,Happiness,Happiness Score,6.881,score 0-10,World Happiness Report 2024
UK,GBR,Europe,High Income,55.38,-3.44,2013,Happiness,Happiness Score,6.918,score 0-10,World Happiness Report 2024
UK,GBR,Europe,High Income,55.38,-3.44,2014,Happiness,Happiness Score,6.758,score 0-10,World Happiness Report 2024
UK,GBR,Europe,High Income,55.38,-3.44,2015,Happiness,Happiness Score,6.515,score 0-10,World Happiness Report 2024
UK,GBR,Europe,High Income,55.38,-3.44,2016,Happiness,Happiness Score,6.824,score 0-10,World Happiness Report 2024
UK,GBR,Europe,High Income,55.38,-3.44,2017,Happiness,Happiness Score,7.103,score 0-10,World Happiness Report 2024
UK,GBR,Europe,High Income,55.38,-3.44,2018,Happiness,Happiness Score,7.233,score 0-10,World Happiness Report 2024
UK,GBR,Europe,High Income,55.38,-3.44,2019,Happiness,Happiness Score,7.157,score 0-10,World Happiness Report 2024
UK,GBR,Europe,High Income,55.38,-3.44,2020,Happiness,Happiness Score,6.798,score 0-10,World Happiness Report 2024
UK,GBR,Europe,High Income,55.38,-3.44,2021,Happiness,Happiness Score,6.867,score 0-10,World Happiness Report 2024
UK,GBR,Europe,High Income,55.38,-3.44,2022,Happiness,Happiness Score,6.722,score 0-10,World Happiness Report 2024
UK,GBR,Europe,High Income,55.38,-3.44,2023,Happiness,Happiness Score,6.658,score 0-10,World Happiness Report 2024
USA,USA,North America,High Income,37.09,-95.71,2006,Happiness,Happiness Score,7.182,score 0-10,World Happiness Report 2024
USA,USA,North America,High Income,37.09,-95.71,2007,Happiness,Happiness Score,7.513,score 0-10,World Happiness Report 2024
USA,USA,North America,High Income,37.09,-95.71,2008,Happiness,Happiness Score,7.28,score 0-10,World Happiness Report 2024
USA,USA,North America,High Income,37.09,-95.71,2009,Happiness,Happiness Score,7.158,score 0-10,World Happiness Report 2024
USA,USA,North America,High Income,37.09,-95.71,2010,Happiness,Happiness Score,7.164,score 0-10,World Happiness Report 2024
USA,USA,North America,High Income,37.09,-95.71,2011,Happiness,Happiness Score,7.115,score 0-10,World Happiness Report 2024
USA,USA,North America,High Income,37.09,-95.71,2012,Happiness,Happiness Score,7.026,score 0-10,World Happiness Report 2024
USA,USA,North America,High Income,37.09,-95.71,2013,Happiness,Happiness Score,7.249,score 0-10,World Happiness Report 2024
USA,USA,North America,High Income,37.09,-95.71,2014,Happiness,Happiness Score,7.151,score 0-10,World Happiness Report 2024
USA,USA,North America,High Income,37.09,-95.71,2015,Happiness,Happiness Score,6.864,score 0-10,World Happiness Report 2024
USA,USA,North America,High Income,37.09,-95.71,2016,Happiness,Happiness Score,6.804,score 0-10,World Happiness Report 2024
USA,USA,North America,High Income,37.09,-95.71,2017,Happiness,Happiness Score,6.992,score 0-10,World Happiness Report 2024
USA,USA,North America,High Income,37.09,-95.71,2018,Happiness,Happiness Score,6.883,score 0-10,World Happiness Report 2024
USA,USA,North America,High Income,37.09,-95.71,2019,Happiness,Happiness Score,6.944,score 0-10,World Happiness Report 2024
USA,USA,North America,High Income,37.09,-95.71,2020,Happiness,Happiness Score,7.028,score 0-10,World Happiness Report 2024
USA,USA,North America,High Income,37.09,-95.71,2021,Happiness,Happiness Score,6.959,score 0-10,World Happiness Report 2024
USA,USA,North America,High Income,37.09,-95.71,2022,Happiness,Happiness Score,6.693,score 0-10,World Happiness Report 2024
USA,USA,North America,High Income,37.09,-95.71,2023,Happiness,Happiness Score,6.521,score 0-10,World Happiness Report 2024
Australia,AUS,Oceania,High Income,-25.27,133.77,2005,Happiness,Healthy Life Expectancy,69.8,years,World Happiness Report 2024
Australia,AUS,Oceania,High Income,-25.27,133.77,2007,Happiness,Healthy Life Expectancy,69.96,years,World Happiness Report 2024
Australia,AUS,Oceania,High Income,-25.27,133.77,2008,Happiness,Healthy Life Expectancy,70.04,years,World Happiness Report 2024
Australia,AUS,Oceania,High Income,-25.27,133.77,2010,Happiness,Healthy Life Expectancy,70.2,years,World Happiness Report 2024
Australia,AUS,Oceania,High Income,-25.27,133.77,2011,Happiness,Healthy Life Expectancy,70.28,years,World Happiness Report 2024
Australia,AUS,Oceania,High Income,-25.27,133.77,2012,Happiness,Healthy Life Expectancy,70.36,years,World Happiness Report 2024
Australia,AUS,Oceania,High Income,-25.27,133.77,2013,Happiness,Healthy Life Expectancy,70.44,years,World Happiness Report 2024
Australia,AUS,Oceania,High Income,-25.27,133.77,2014,Happiness,Healthy Life Expectancy,70.52,years,World Happiness Report 2024
Australia,AUS,Oceania,High Income,-25.27,133.77,2015,Happiness,Healthy Life Expectancy,70.6,years,World Happiness Report 2024
Australia,AUS,Oceania,High Income,-25.27,133.77,2016,Happiness,Healthy Life Expectancy,70.675,years,World Happiness Report 2024
Australia,AUS,Oceania,High Income,-25.27,133.77,2017,Happiness,Healthy Life Expectancy,70.75,years,World Happiness Report 2024
Australia,AUS,Oceania,High Income,-25.27,133.77,2018,Happiness,Healthy Life Expectancy,70.825,years,World Happiness Report 2024
Australia,AUS,Oceania,High Income,-25.27,133.77,2019,Happiness,Healthy Life Expectancy,70.9,years,World Happiness Report 2024
Australia,AUS,Oceania,High Income,-25.27,133.77,2020,Happiness,Healthy Life Expectancy,70.975,years,World Happiness Report 2024
Australia,AUS,Oceania,High Income,-25.27,133.77,2021,Happiness,Healthy Life Expectancy,71.05,years,World Happiness Report 2024
Australia,AUS,Oceania,High Income,-25.27,133.77,2022,Happiness,Healthy Life Expectancy,71.125,years,World Happiness Report 2024
Australia,AUS,Oceania,High Income,-25.27,133.77,2023,Happiness,Healthy Life Expectancy,71.2,years,World Happiness Report 2024
Brazil,BRA,South America,Upper Middle Income,-14.24,-51.93,2005,Happiness,Healthy Life Expectancy,63.1,years,World Happiness Report 2024
Brazil,BRA,South America,Upper Middle Income,-14.24,-51.93,2007,Happiness,Healthy Life Expectancy,63.42,years,World Happiness Report 2024
Brazil,BRA,South America,Upper Middle Income,-14.24,-51.93,2008,Happiness,Healthy Life Expectancy,63.58,years,World Happiness Report 2024
Brazil,BRA,South America,Upper Middle Income,-14.24,-51.93,2009,Happiness,Healthy Life Expectancy,63.74,years,World Happiness Report 2024
Brazil,BRA,South America,Upper Middle Income,-14.24,-51.93,2010,Happiness,Healthy Life Expectancy,63.9,years,World Happiness Report 2024
Brazil,BRA,South America,Upper Middle Income,-14.24,-51.93,2011,Happiness,Healthy Life Expectancy,64.06,years,World Happiness Report 2024
Brazil,BRA,South America,Upper Middle Income,-14.24,-51.93,2012,Happiness,Healthy Life Expectancy,64.22,years,World Happiness Report 2024
Brazil,BRA,South America,Upper Middle Income,-14.24,-51.93,2013,Happiness,Healthy Life Expectancy,64.38,years,World Happiness Report 2024
Brazil,BRA,South America,Upper Middle Income,-14.24,-51.93,2014,Happiness,Healthy Life Expectancy,64.54,years,World Happiness Report 2024
Brazil,BRA,South America,Upper Middle Income,-14.24,-51.93,2015,Happiness,Healthy Life Expectancy,64.7,years,World Happiness Report 2024
Brazil,BRA,South America,Upper Middle Income,-14.24,-51.93,2016,Happiness,Healthy Life Expectancy,64.875,years,World Happiness Report 2024
Brazil,BRA,South America,Upper Middle Income,-14.24,-51.93,2017,Happiness,Healthy Life Expectancy,65.05,years,World Happiness Report 2024
Brazil,BRA,South America,Upper Middle Income,-14.24,-51.93,2018,Happiness,Healthy Life Expectancy,65.225,years,World Happiness Report 2024
Brazil,BRA,South America,Upper Middle Income,-14.24,-51.93,2019,Happiness,Healthy Life Expectancy,65.4,years,World Happiness Report 2024
Brazil,BRA,South America,Upper Middle Income,-14.24,-51.93,2020,Happiness,Healthy Life Expectancy,65.575,years,World Happiness Report 2024
Brazil,BRA,South America,Upper Middle Income,-14.24,-51.93,2021,Happiness,Healthy Life Expectancy,65.75,years,World Happiness Report 2024
Brazil,BRA,South America,Upper Middle Income,-14.24,-51.93,2022,Happiness,Healthy Life Expectancy,65.925,years,World Happiness Report 2024
Brazil,BRA,South America,Upper Middle Income,-14.24,-51.93,2023,Happiness,Healthy Life Expectancy,66.1,years,World Happiness Report 2024
Canada,CAN,North America,High Income,56.13,-106.35,2005,Happiness,Healthy Life Expectancy,70.5,years,World Happiness Report 2024
Canada,CAN,North America,High Income,56.13,-106.35,2007,Happiness,Healthy Life Expectancy,70.62,years,World Happiness Report 2024
Canada,CAN,North America,High Income,56.13,-106.35,2008,Happiness,Healthy Life Expectancy,70.68,years,World Happiness Report 2024
Canada,CAN,North America,High Income,56.13,-106.35,2009,Happiness,Healthy Life Expectancy,70.74,years,World Happiness Report 2024
Canada,CAN,North America,High Income,56.13,-106.35,2010,Happiness,Healthy Life Expectancy,70.8,years,World Happiness Report 2024
Canada,CAN,North America,High Income,56.13,-106.35,2011,Happiness,Healthy Life Expectancy,70.86,years,World Happiness Report 2024
Canada,CAN,North America,High Income,56.13,-106.35,2012,Happiness,Healthy Life Expectancy,70.92,years,World Happiness Report 2024
Canada,CAN,North America,High Income,56.13,-106.35,2013,Happiness,Healthy Life Expectancy,70.98,years,World Happiness Report 2024
Canada,CAN,North America,High Income,56.13,-106.35,2014,Happiness,Healthy Life Expectancy,71.04,years,World Happiness Report 2024
Canada,CAN,North America,High Income,56.13,-106.35,2015,Happiness,Healthy Life Expectancy,71.1,years,World Happiness Report 2024
Canada,CAN,North America,High Income,56.13,-106.35,2016,Happiness,Healthy Life Expectancy,71.15,years,World Happiness Report 2024
Canada,CAN,North America,High Income,56.13,-106.35,2017,Happiness,Healthy Life Expectancy,71.2,years,World Happiness Report 2024
Canada,CAN,North America,High Income,56.13,-106.35,2018,Happiness,Healthy Life Expectancy,71.25,years,World Happiness Report 2024
Canada,CAN,North America,High Income,56.13,-106.35,2019,Happiness,Healthy Life Expectancy,71.3,years,World Happiness Report 2024
Canada,CAN,North America,High Income,56.13,-106.35,2020,Happiness,Healthy Life Expectancy,71.35,years,World Happiness Report 2024
Canada,CAN,North America,High Income,56.13,-106.35,2021,Happiness,Healthy Life Expectancy,71.4,years,World Happiness Report 2024
Canada,CAN,North America,High Income,56.13,-106.35,2022,Happiness,Healthy Life Expectancy,71.45,years,World Happiness Report 2024
Canada,CAN,North America,High Income,56.13,-106.35,2023,Happiness,Healthy Life Expectancy,71.5,years,World Happiness Report 2024
France,FRA,Europe,High Income,46.23,2.21,2005,Happiness,Healthy Life Expectancy,70.7,years,World Happiness Report 2024
France,FRA,Europe,High Income,46.23,2.21,2006,Happiness,Healthy Life Expectancy,70.8,years,World Happiness Report 2024
France,FRA,Europe,High Income,46.23,2.21,2008,Happiness,Healthy Life Expectancy,71.0,years,World Happiness Report 2024
France,FRA,Europe,High Income,46.23,2.21,2009,Happiness,Healthy Life Expectancy,71.1,years,World Happiness Report 2024
France,FRA,Europe,High Income,46.23,2.21,2010,Happiness,Healthy Life Expectancy,71.2,years,World Happiness Report 2024
France,FRA,Europe,High Income,46.23,2.21,2011,Happiness,Healthy Life Expectancy,71.3,years,World Happiness Report 2024
France,FRA,Europe,High Income,46.23,2.21,2012,Happiness,Healthy Life Expectancy,71.4,years,World Happiness Report 2024
France,FRA,Europe,High Income,46.23,2.21,2013,Happiness,Healthy Life Expectancy,71.5,years,World Happiness Report 2024
France,FRA,Europe,High Income,46.23,2.21,2014,Happiness,Healthy Life Expectancy,71.6,years,World Happiness Report 2024
France,FRA,Europe,High Income,46.23,2.21,2015,Happiness,Healthy Life Expectancy,71.7,years,World Happiness Report 2024
France,FRA,Europe,High Income,46.23,2.21,2016,Happiness,Healthy Life Expectancy,71.8,years,World Happiness Report 2024
France,FRA,Europe,High Income,46.23,2.21,2017,Happiness,Healthy Life Expectancy,71.9,years,World Happiness Report 2024
France,FRA,Europe,High Income,46.23,2.21,2018,Happiness,Healthy Life Expectancy,72.0,years,World Happiness Report 2024
France,FRA,Europe,High Income,46.23,2.21,2019,Happiness,Healthy Life Expectancy,72.1,years,World Happiness Report 2024
France,FRA,Europe,High Income,46.23,2.21,2020,Happiness,Healthy Life Expectancy,72.2,years,World Happiness Report 2024
France,FRA,Europe,High Income,46.23,2.21,2021,Happiness,Healthy Life Expectancy,72.3,years,World Happiness Report 2024
France,FRA,Europe,High Income,46.23,2.21,2022,Happiness,Healthy Life Expectancy,72.4,years,World Happiness Report 2024
France,FRA,Europe,High Income,46.23,2.21,2023,Happiness,Healthy Life Expectancy,72.5,years,World Happiness Report 2024
Germany,DEU,Europe,High Income,51.17,10.45,2005,Happiness,Healthy Life Expectancy,69.9,years,World Happiness Report 2024
Germany,DEU,Europe,High Income,51.17,10.45,2007,Happiness,Healthy Life Expectancy,69.94,years,World Happiness Report 2024
Germany,DEU,Europe,High Income,51.17,10.45,2008,Happiness,Healthy Life Expectancy,69.96,years,World Happiness Report 2024
Germany,DEU,Europe,High Income,51.17,10.45,2009,Happiness,Healthy Life Expectancy,69.98,years,World Happiness Report 2024
Germany,DEU,Europe,High Income,51.17,10.45,2010,Happiness,Healthy Life Expectancy,70.0,years,World Happiness Report 2024
Germany,DEU,Europe,High Income,51.17,10.45,2011,Happiness,Healthy Life Expectancy,70.02,years,World Happiness Report 2024
Germany,DEU,Europe,High Income,51.17,10.45,2012,Happiness,Healthy Life Expectancy,70.04,years,World Happiness Report 2024
Germany,DEU,Europe,High Income,51.17,10.45,2013,Happiness,Healthy Life Expectancy,70.06,years,World Happiness Report 2024
Germany,DEU,Europe,High Income,51.17,10.45,2014,Happiness,Healthy Life Expectancy,70.08,years,World Happiness Report 2024
Germany,DEU,Europe,High Income,51.17,10.45,2015,Happiness,Healthy Life Expectancy,70.1,years,World Happiness Report 2024
Germany,DEU,Europe,High Income,51.17,10.45,2016,Happiness,Healthy Life Expectancy,70.3,years,World Happiness Report 2024
Germany,DEU,Europe,High Income,51.17,10.45,2017,Happiness,Healthy Life Expectancy,70.5,years,World Happiness Report 2024
Germany,DEU,Europe,High Income,51.17,10.45,2018,Happiness,Healthy Life Expectancy,70.7,years,World Happiness Report 2024
Germany,DEU,Europe,High Income,51.17,10.45,2019,Happiness,Healthy Life Expectancy,70.9,years,World Happiness Report 2024
Germany,DEU,Europe,High Income,51.17,10.45,2020,Happiness,Healthy Life Expectancy,71.1,years,World Happiness Report 2024
Germany,DEU,Europe,High Income,51.17,10.45,2021,Happiness,Healthy Life Expectancy,71.3,years,World Happiness Report 2024
Germany,DEU,Europe,High Income,51.17,10.45,2022,Happiness,Healthy Life Expectancy,71.5,years,World Happiness Report 2024
Germany,DEU,Europe,High Income,51.17,10.45,2023,Happiness,Healthy Life Expectancy,71.7,years,World Happiness Report 2024
India,IND,Asia,Lower Middle Income,20.59,78.96,2006,Happiness,Healthy Life Expectancy,55.86,years,World Happiness Report 2024
India,IND,Asia,Lower Middle Income,20.59,78.96,2007,Happiness,Healthy Life Expectancy,56.22,years,World Happiness Report 2024
India,IND,Asia,Lower Middle Income,20.59,78.96,2008,Happiness,Healthy Life Expectancy,56.58,years,World Happiness Report 2024
India,IND,Asia,Lower Middle Income,20.59,78.96,2009,Happiness,Healthy Life Expectancy,56.94,years,World Happiness Report 2024
India,IND,Asia,Lower Middle Income,20.59,78.96,2010,Happiness,Healthy Life Expectancy,57.3,years,World Happiness Report 2024
India,IND,Asia,Lower Middle Income,20.59,78.96,2011,Happiness,Healthy Life Expectancy,57.66,years,World Happiness Report 2024
India,IND,Asia,Lower Middle Income,20.59,78.96,2012,Happiness,Healthy Life Expectancy,58.02,years,World Happiness Report 2024
India,IND,Asia,Lower Middle Income,20.59,78.96,2013,Happiness,Healthy Life Expectancy,58.38,years,World Happiness Report 2024
India,IND,Asia,Lower Middle Income,20.59,78.96,2014,Happiness,Healthy Life Expectancy,58.74,years,World Happiness Report 2024
India,IND,Asia,Lower Middle Income,20.59,78.96,2015,Happiness,Healthy Life Expectancy,59.1,years,World Happiness Report 2024
India,IND,Asia,Lower Middle Income,20.59,78.96,2016,Happiness,Healthy Life Expectancy,59.4,years,World Happiness Report 2024
India,IND,Asia,Lower Middle Income,20.59,78.96,2017,Happiness,Healthy Life Expectancy,59.7,years,World Happiness Report 2024
India,IND,Asia,Lower Middle Income,20.59,78.96,2018,Happiness,Healthy Life Expectancy,60.0,years,World Happiness Report 2024
India,IND,Asia,Lower Middle Income,20.59,78.96,2019,Happiness,Healthy Life Expectancy,60.3,years,World Happiness Report 2024
India,IND,Asia,Lower Middle Income,20.59,78.96,2020,Happiness,Healthy Life Expectancy,60.6,years,World Happiness Report 2024
India,IND,Asia,Lower Middle Income,20.59,78.96,2021,Happiness,Healthy Life Expectancy,60.9,years,World Happiness Report 2024
India,IND,Asia,Lower Middle Income,20.59,78.96,2022,Happiness,Healthy Life Expectancy,61.2,years,World Happiness Report 2024
India,IND,Asia,Lower Middle Income,20.59,78.96,2023,Happiness,Healthy Life Expectancy,61.5,years,World Happiness Report 2024
Japan,JPN,Asia,High Income,36.2,138.25,2005,Happiness,Healthy Life Expectancy,72.4,years,World Happiness Report 2024
Japan,JPN,Asia,High Income,36.2,138.25,2007,Happiness,Healthy Life Expectancy,72.64,years,World Happiness Report 2024
Japan,JPN,Asia,High Income,36.2,138.25,2008,Happiness,Healthy Life Expectancy,72.76,years,World Happiness Report 2024
Japan,JPN,Asia,High Income,36.2,138.25,2009,Happiness,Healthy Life Expectancy,72.88,years,World Happiness Report 2024
Japan,JPN,Asia,High Income,36.2,138.25,2010,Happiness,Healthy Life Expectancy,73.0,years,World Happiness Report 2024
Japan,JPN,Asia,High Income,36.2,138.25,2011,Happiness,Healthy Life Expectancy,73.12,years,World Happiness Report 2024
Japan,JPN,Asia,High Income,36.2,138.25,2012,Happiness,Healthy Life Expectancy,73.24,years,World Happiness Report 2024
Japan,JPN,Asia,High Income,36.2,138.25,2013,Happiness,Healthy Life Expectancy,73.36,years,World Happiness Report 2024
Japan,JPN,Asia,High Income,36.2,138.25,2014,Happiness,Healthy Life Expectancy,73.48,years,World Happiness Report 2024
Japan,JPN,Asia,High Income,36.2,138.25,2015,Happiness,Healthy Life Expectancy,73.6,years,World Happiness Report 2024
Japan,JPN,Asia,High Income,36.2,138.25,2016,Happiness,Healthy Life Expectancy,73.725,years,World Happiness Report 2024
Japan,JPN,Asia,High Income,36.2,138.25,2017,Happiness,Healthy Life Expectancy,73.85,years,World Happiness Report 2024
Japan,JPN,Asia,High Income,36.2,138.25,2018,Happiness,Healthy Life Expectancy,73.975,years,World Happiness Report 2024
Japan,JPN,Asia,High Income,36.2,138.25,2019,Happiness,Healthy Life Expectancy,74.1,years,World Happiness Report 2024
Japan,JPN,Asia,High Income,36.2,138.25,2020,Happiness,Healthy Life Expectancy,74.225,years,World Happiness Report 2024
Japan,JPN,Asia,High Income,36.2,138.25,2021,Happiness,Healthy Life Expectancy,74.35,years,World Happiness Report 2024
Japan,JPN,Asia,High Income,36.2,138.25,2022,Happiness,Healthy Life Expectancy,74.475,years,World Happiness Report 2024
Japan,JPN,Asia,High Income,36.2,138.25,2023,Happiness,Healthy Life Expectancy,74.6,years,World Happiness Report 2024
South Korea,KOR,Asia,High Income,35.91,127.77,2006,Happiness,Healthy Life Expectancy,70.02,years,World Happiness Report 2024
South Korea,KOR,Asia,High Income,35.91,127.77,2007,Happiness,Healthy Life Expectancy,70.24,years,World Happiness Report 2024
South Korea,KOR,Asia,High Income,35.91,127.77,2008,Happiness,Healthy Life Expectancy,70.46,years,World Happiness Report 2024
South Korea,KOR,Asia,High Income,35.91,127.77,2009,Happiness,Healthy Life Expectancy,70.68,years,World Happiness Report 2024
South Korea,KOR,Asia,High Income,35.91,127.77,2010,Happiness,Healthy Life Expectancy,70.9,years,World Happiness Report 2024
South Korea,KOR,Asia,High Income,35.91,127.77,2011,Happiness,Healthy Life Expectancy,71.12,years,World Happiness Report 2024
South Korea,KOR,Asia,High Income,35.91,127.77,2012,Happiness,Healthy Life Expectancy,71.34,years,World Happiness Report 2024
South Korea,KOR,Asia,High Income,35.91,127.77,2013,Happiness,Healthy Life Expectancy,71.56,years,World Happiness Report 2024
South Korea,KOR,Asia,High Income,35.91,127.77,2014,Happiness,Healthy Life Expectancy,71.78,years,World Happiness Report 2024
South Korea,KOR,Asia,High Income,35.91,127.77,2015,Happiness,Healthy Life Expectancy,72.0,years,World Happiness Report 2024
South Korea,KOR,Asia,High Income,35.91,127.77,2016,Happiness,Healthy Life Expectancy,72.275,years,World Happiness Report 2024
South Korea,KOR,Asia,High Income,35.91,127.77,2017,Happiness,Healthy Life Expectancy,72.55,years,World Happiness Report 2024
South Korea,KOR,Asia,High Income,35.91,127.77,2018,Happiness,Healthy Life Expectancy,72.825,years,World Happiness Report 2024
South Korea,KOR,Asia,High Income,35.91,127.77,2019,Happiness,Healthy Life Expectancy,73.1,years,World Happiness Report 2024
South Korea,KOR,Asia,High Income,35.91,127.77,2020,Happiness,Healthy Life Expectancy,73.375,years,World Happiness Report 2024
South Korea,KOR,Asia,High Income,35.91,127.77,2021,Happiness,Healthy Life Expectancy,73.65,years,World Happiness Report 2024
South Korea,KOR,Asia,High Income,35.91,127.77,2022,Happiness,Healthy Life Expectancy,73.925,years,World Happiness Report 2024
South Korea,KOR,Asia,High Income,35.91,127.77,2023,Happiness,Healthy Life Expectancy,74.2,years,World Happiness Report 2024
UK,GBR,Europe,High Income,55.38,-3.44,2005,Happiness,Healthy Life Expectancy,69.1,years,World Happiness Report 2024
UK,GBR,Europe,High Income,55.38,-3.44,2007,Happiness,Healthy Life Expectancy,69.22,years,World Happiness Report 2024
UK,GBR,Europe,High Income,55.38,-3.44,2008,Happiness,Healthy Life Expectancy,69.28,years,World Happiness Report 2024
UK,GBR,Europe,High Income,55.38,-3.44,2009,Happiness,Healthy Life Expectancy,69.34,years,World Happiness Report 2024
UK,GBR,Europe,High Income,55.38,-3.44,2010,Happiness,Healthy Life Expectancy,69.4,years,World Happiness Report 2024
UK,GBR,Europe,High Income,55.38,-3.44,2011,Happiness,Healthy Life Expectancy,69.46,years,World Happiness Report 2024
UK,GBR,Europe,High Income,55.38,-3.44,2012,Happiness,Healthy Life Expectancy,69.52,years,World Happiness Report 2024
UK,GBR,Europe,High Income,55.38,-3.44,2013,Happiness,Healthy Life Expectancy,69.58,years,World Happiness Report 2024
UK,GBR,Europe,High Income,55.38,-3.44,2014,Happiness,Healthy Life Expectancy,69.64,years,World Happiness Report 2024
UK,GBR,Europe,High Income,55.38,-3.44,2015,Happiness,Healthy Life Expectancy,69.7,years,World Happiness Report 2024
UK,GBR,Europe,High Income,55.38,-3.44,2016,Happiness,Healthy Life Expectancy,69.8,years,World Happiness Report 2024
UK,GBR,Europe,High Income,55.38,-3.44,2017,Happiness,Healthy Life Expectancy,69.9,years,World Happiness Report 2024
UK,GBR,Europe,High Income,55.38,-3.44,2018,Happiness,Healthy Life Expectancy,70.0,years,World Happiness Report 2024
UK,GBR,Europe,High Income,55.38,-3.44,2019,Happiness,Healthy Life Expectancy,70.1,years,World Happiness Report 2024
UK,GBR,Europe,High Income,55.38,-3.44,2020,Happiness,Healthy Life Expectancy,70.2,years,World Happiness Report 2024
UK,GBR,Europe,High Income,55.38,-3.44,2021,Happiness,Healthy Life Expectancy,70.3,years,World Happiness Report 2024
UK,GBR,Europe,High Income,55.38,-3.44,2022,Happiness,Healthy Life Expectancy,70.4,years,World Happiness Report 2024
UK,GBR,Europe,High Income,55.38,-3.44,2023,Happiness,Healthy Life Expectancy,70.5,years,World Happiness Report 2024
USA,USA,North America,High Income,37.09,-95.71,2006,Happiness,Healthy Life Expectancy,66.78,years,World Happiness Report 2024
USA,USA,North America,High Income,37.09,-95.71,2007,Happiness,Healthy Life Expectancy,66.76,years,World Happiness Report 2024
USA,USA,North America,High Income,37.09,-95.71,2008,Happiness,Healthy Life Expectancy,66.74,years,World Happiness Report 2024
USA,USA,North America,High Income,37.09,-95.71,2009,Happiness,Healthy Life Expectancy,66.72,years,World Happiness Report 2024
USA,USA,North America,High Income,37.09,-95.71,2010,Happiness,Healthy Life Expectancy,66.7,years,World Happiness Report 2024
USA,USA,North America,High Income,37.09,-95.71,2011,Happiness,Healthy Life Expectancy,66.68,years,World Happiness Report 2024
USA,USA,North America,High Income,37.09,-95.71,2012,Happiness,Healthy Life Expectancy,66.66,years,World Happiness Report 2024
USA,USA,North America,High Income,37.09,-95.71,2013,Happiness,Healthy Life Expectancy,66.64,years,World Happiness Report 2024
USA,USA,North America,High Income,37.09,-95.71,2014,Happiness,Healthy Life Expectancy,66.62,years,World Happiness Report 2024
USA,USA,North America,High Income,37.09,-95.71,2015,Happiness,Healthy Life Expectancy,66.6,years,World Happiness Report 2024
USA,USA,North America,High Income,37.09,-95.71,2016,Happiness,Healthy Life Expectancy,66.475,years,World Happiness Report 2024
USA,USA,North America,High Income,37.09,-95.71,2017,Happiness,Healthy Life Expectancy,66.35,years,World Happiness Report 2024
USA,USA,North America,High Income,37.09,-95.71,2018,Happiness,Healthy Life Expectancy,66.225,years,World Happiness Report 2024
USA,USA,North America,High Income,37.09,-95.71,2019,Happiness,Healthy Life Expectancy,66.1,years,World Happiness Report 2024
USA,USA,North America,High Income,37.09,-95.71,2020,Happiness,Healthy Life Expectancy,65.975,years,World Happiness Report 2024
USA,USA,North America,High Income,37.09,-95.71,2021,Happiness,Healthy Life Expectancy,65.85,years,World Happiness Report 2024
USA,USA,North America,High Income,37.09,-95.71,2022,Happiness,Healthy Life Expectancy,65.725,years,World Happiness Report 2024
USA,USA,North America,High Income,37.09,-95.71,2023,Happiness,Healthy Life Expectancy,65.6,years,World Happiness Report 2024
Australia,AUS,Oceania,High Income,-25.27,133.77,2005,Happiness,Negative Affect,0.238,score 0-1,World Happiness Report 2024
Australia,AUS,Oceania,High Income,-25.27,133.77,2007,Happiness,Negative Affect,0.215,score 0-1,World Happiness Report 2024
Australia,AUS,Oceania,High Income,-25.27,133.77,2008,Happiness,Negative Affect,0.218,score 0-1,World Happiness Report 2024
Australia,AUS,Oceania,High Income,-25.27,133.77,2010,Happiness,Negative Affect,0.22,score 0-1,World Happiness Report 2024
Australia,AUS,Oceania,High Income,-25.27,133.77,2011,Happiness,Negative Affect,0.195,score 0-1,World Happiness Report 2024
Australia,AUS,Oceania,High Income,-25.27,133.77,2012,Happiness,Negative Affect,0.214,score 0-1,World Happiness Report 2024
Australia,AUS,Oceania,High Income,-25.27,133.77,2013,Happiness,Negative Affect,0.177,score 0-1,World Happiness Report 2024
Australia,AUS,Oceania,High Income,-25.27,133.77,2014,Happiness,Negative Affect,0.245,score 0-1,World Happiness Report 2024
Australia,AUS,Oceania,High Income,-25.27,133.77,2015,Happiness,Negative Affect,0.21,score 0-1,World Happiness Report 2024
Australia,AUS,Oceania,High Income,-25.27,133.77,2016,Happiness,Negative Affect,0.236,score 0-1,World Happiness Report 2024
Australia,AUS,Oceania,High Income,-25.27,133.77,2017,Happiness,Negative Affect,0.225,score 0-1,World Happiness Report 2024
Australia,AUS,Oceania,High Income,-25.27,133.77,2018,Happiness,Negative Affect,0.187,score 0-1,World Happiness Report 2024
Australia,AUS,Oceania,High Income,-25.27,133.77,2019,Happiness,Negative Affect,0.202,score 0-1,World Happiness Report 2024
Australia,AUS,Oceania,High Income,-25.27,133.77,2020,Happiness,Negative Affect,0.205,score 0-1,World Happiness Report 2024
Australia,AUS,Oceania,High Income,-25.27,133.77,2021,Happiness,Negative Affect,0.235,score 0-1,World Happiness Report 2024
Australia,AUS,Oceania,High Income,-25.27,133.77,2022,Happiness,Negative Affect,0.244,score 0-1,World Happiness Report 2024
Australia,AUS,Oceania,High Income,-25.27,133.77,2023,Happiness,Negative Affect,0.248,score 0-1,World Happiness Report 2024
Brazil,BRA,South America,Upper Middle Income,-14.24,-51.93,2005,Happiness,Negative Affect,0.302,score 0-1,World Happiness Report 2024
Brazil,BRA,South America,Upper Middle Income,-14.24,-51.93,2007,Happiness,Negative Affect,0.299,score 0-1,World Happiness Report 2024
Brazil,BRA,South America,Upper Middle Income,-14.24,-51.93,2008,Happiness,Negative Affect,0.265,score 0-1,World Happiness Report 2024
Brazil,BRA,South America,Upper Middle Income,-14.24,-51.93,2009,Happiness,Negative Affect,0.274,score 0-1,World Happiness Report 2024
Brazil,BRA,South America,Upper Middle Income,-14.24,-51.93,2010,Happiness,Negative Affect,0.25,score 0-1,World Happiness Report 2024
Brazil,BRA,South America,Upper Middle Income,-14.24,-51.93,2011,Happiness,Negative Affect,0.268,score 0-1,World Happiness Report 2024
Brazil,BRA,South America,Upper Middle Income,-14.24,-51.93,2012,Happiness,Negative Affect,0.35,score 0-1,World Happiness Report 2024
Brazil,BRA,South America,Upper Middle Income,-14.24,-51.93,2013,Happiness,Negative Affect,0.276,score 0-1,World Happiness Report 2024
Brazil,BRA,South America,Upper Middle Income,-14.24,-51.93,2014,Happiness,Negative Affect,0.274,score 0-1,World Happiness Report 2024
Brazil,BRA,South America,Upper Middle Income,-14.24,-51.93,2015,Happiness,Negative Affect,0.325,score 0-1,World Happiness Report 2024
Brazil,BRA,South America,Upper Middle Income,-14.24,-51.93,2016,Happiness,Negative Affect,0.302,score 0-1,World Happiness Report 2024
Brazil,BRA,South America,Upper Middle Income,-14.24,-51.93,2017,Happiness,Negative Affect,0.308,score 0-1,World Happiness Report 2024
Brazil,BRA,South America,Upper Middle Income,-14.24,-51.93,2018,Happiness,Negative Affect,0.35,score 0-1,World Happiness Report 2024
Brazil,BRA,South America,Upper Middle Income,-14.24,-51.93,2019,Happiness,Negative Affect,0.337,score 0-1,World Happiness Report 2024
Brazil,BRA,South America,Upper Middle Income,-14.24,-51.93,2020,Happiness,Negative Affect,0.389,score 0-1,World Happiness Report 2024
Brazil,BRA,South America,Upper Middle Income,-14.24,-51.93,2021,Happiness,Negative Affect,0.407,score 0-1,World Happiness Report 2024
Brazil,BRA,South America,Upper Middle Income,-14.24,-51.93,2022,Happiness,Negative Affect,0.341,score 0-1,World Happiness Report 2024
Brazil,BRA,South America,Upper Middle Income,-14.24,-51.93,2023,Happiness,Negative Affect,0.313,score 0-1,World Happiness Report 2024
Canada,CAN,North America,High Income,56.13,-106.35,2005,Happiness,Negative Affect,0.233,score 0-1,World Happiness Report 2024
Canada,CAN,North America,High Income,56.13,-106.35,2007,Happiness,Negative Affect,0.257,score 0-1,World Happiness Report 2024
Canada,CAN,North America,High Income,56.13,-106.35,2008,Happiness,Negative Affect,0.202,score 0-1,World Happiness Report 2024
Canada,CAN,North America,High Income,56.13,-106.35,2009,Happiness,Negative Affect,0.248,score 0-1,World Happiness Report 2024
Canada,CAN,North America,High Income,56.13,-106.35,2010,Happiness,Negative Affect,0.233,score 0-1,World Happiness Report 2024
Canada,CAN,North America,High Income,56.13,-106.35,2011,Happiness,Negative Affect,0.248,score 0-1,World Happiness Report 2024
Canada,CAN,North America,High Income,56.13,-106.35,2012,Happiness,Negative Affect,0.229,score 0-1,World Happiness Report 2024
Canada,CAN,North America,High Income,56.13,-106.35,2013,Happiness,Negative Affect,0.263,score 0-1,World Happiness Report 2024
Canada,CAN,North America,High Income,56.13,-106.35,2014,Happiness,Negative Affect,0.259,score 0-1,World Happiness Report 2024
Canada,CAN,North America,High Income,56.13,-106.35,2015,Happiness,Negative Affect,0.286,score 0-1,World Happiness Report 2024
Canada,CAN,North America,High Income,56.13,-106.35,2016,Happiness,Negative Affect,0.237,score 0-1,World Happiness Report 2024
Canada,CAN,North America,High Income,56.13,-106.35,2017,Happiness,Negative Affect,0.218,score 0-1,World Happiness Report 2024
Canada,CAN,North America,High Income,56.13,-106.35,2018,Happiness,Negative Affect,0.259,score 0-1,World Happiness Report 2024
Canada,CAN,North America,High Income,56.13,-106.35,2019,Happiness,Negative Affect,0.285,score 0-1,World Happiness Report 2024
Canada,CAN,North America,High Income,56.13,-106.35,2020,Happiness,Negative Affect,0.307,score 0-1,World Happiness Report 2024
Canada,CAN,North America,High Income,56.13,-106.35,2021,Happiness,Negative Affect,0.276,score 0-1,World Happiness Report 2024
Canada,CAN,North America,High Income,56.13,-106.35,2022,Happiness,Negative Affect,0.287,score 0-1,World Happiness Report 2024
Canada,CAN,North America,High Income,56.13,-106.35,2023,Happiness,Negative Affect,0.304,score 0-1,World Happiness Report 2024
France,FRA,Europe,High Income,46.23,2.21,2005,Happiness,Negative Affect,0.225,score 0-1,World Happiness Report 2024
France,FRA,Europe,High Income,46.23,2.21,2006,Happiness,Negative Affect,0.289,score 0-1,World Happiness Report 2024
France,FRA,Europe,High Income,46.23,2.21,2008,Happiness,Negative Affect,0.281,score 0-1,World Happiness Report 2024
France,FRA,Europe,High Income,46.23,2.21,2009,Happiness,Negative Affect,0.303,score 0-1,World Happiness Report 2024
France,FRA,Europe,High Income,46.23,2.21,2010,Happiness,Negative Affect,0.261,score 0-1,World Happiness Report 2024
France,FRA,Europe,High Income,46.23,2.21,2011,Happiness,Negative Affect,0.281,score 0-1,World Happiness Report 2024
France,FRA,Europe,High Income,46.23,2.21,2012,Happiness,Negative Affect,0.253,score 0-1,World Happiness Report 2024
France,FRA,Europe,High Income,46.23,2.21,2013,Happiness,Negative Affect,0.205,score 0-1,World Happiness Report 2024
France,FRA,Europe,High Income,46.23,2.21,2014,Happiness,Negative Affect,0.216,score 0-1,World Happiness Report 2024
France,FRA,Europe,High Income,46.23,2.21,2015,Happiness,Negative Affect,0.215,score 0-1,World Happiness Report 2024
France,FRA,Europe,High Income,46.23,2.21,2016,Happiness,Negative Affect,0.27,score 0-1,World Happiness Report 2024
France,FRA,Europe,High Income,46.23,2.21,2017,Happiness,Negative Affect,0.242,score 0-1,World Happiness Report 2024
France,FRA,Europe,High Income,46.23,2.21,2018,Happiness,Negative Affect,0.282,score 0-1,World Happiness Report 2024
France,FRA,Europe,High Income,46.23,2.21,2019,Happiness,Negative Affect,0.25,score 0-1,World Happiness Report 2024
France,FRA,Europe,High Income,46.23,2.21,2020,Happiness,Negative Affect,0.231,score 0-1,World Happiness Report 2024
France,FRA,Europe,High Income,46.23,2.21,2021,Happiness,Negative Affect,0.268,score 0-1,World Happiness Report 2024
France,FRA,Europe,High Income,46.23,2.21,2022,Happiness,Negative Affect,0.249,score 0-1,World Happiness Report 2024
France,FRA,Europe,High Income,46.23,2.21,2023,Happiness,Negative Affect,0.228,score 0-1,World Happiness Report 2024
Germany,DEU,Europe,High Income,51.17,10.45,2005,Happiness,Negative Affect,0.197,score 0-1,World Happiness Report 2024
Germany,DEU,Europe,High Income,51.17,10.45,2007,Happiness,Negative Affect,0.231,score 0-1,World Happiness Report 2024
Germany,DEU,Europe,High Income,51.17,10.45,2008,Happiness,Negative Affect,0.22,score 0-1,World Happiness Report 2024
Germany,DEU,Europe,High Income,51.17,10.45,2009,Happiness,Negative Affect,0.206,score 0-1,World Happiness Report 2024
Germany,DEU,Europe,High Income,51.17,10.45,2010,Happiness,Negative Affect,0.182,score 0-1,World Happiness Report 2024
Germany,DEU,Europe,High Income,51.17,10.45,2011,Happiness,Negative Affect,0.165,score 0-1,World Happiness Report 2024
Germany,DEU,Europe,High Income,51.17,10.45,2012,Happiness,Negative Affect,0.17,score 0-1,World Happiness Report 2024
Germany,DEU,Europe,High Income,51.17,10.45,2013,Happiness,Negative Affect,0.205,score 0-1,World Happiness Report 2024
Germany,DEU,Europe,High Income,51.17,10.45,2014,Happiness,Negative Affect,0.188,score 0-1,World Happiness Report 2024
Germany,DEU,Europe,High Income,51.17,10.45,2015,Happiness,Negative Affect,0.203,score 0-1,World Happiness Report 2024
Germany,DEU,Europe,High Income,51.17,10.45,2016,Happiness,Negative Affect,0.187,score 0-1,World Happiness Report 2024
Germany,DEU,Europe,High Income,51.17,10.45,2017,Happiness,Negative Affect,0.196,score 0-1,World Happiness Report 2024
Germany,DEU,Europe,High Income,51.17,10.45,2018,Happiness,Negative Affect,0.243,score 0-1,World Happiness Report 2024
Germany,DEU,Europe,High Income,51.17,10.45,2019,Happiness,Negative Affect,0.226,score 0-1,World Happiness Report 2024
Germany,DEU,Europe,High Income,51.17,10.45,2020,Happiness,Negative Affect,0.206,score 0-1,World Happiness Report 2024
Germany,DEU,Europe,High Income,51.17,10.45,2021,Happiness,Negative Affect,0.251,score 0-1,World Happiness Report 2024
Germany,DEU,Europe,High Income,51.17,10.45,2022,Happiness,Negative Affect,0.201,score 0-1,World Happiness Report 2024
Germany,DEU,Europe,High Income,51.17,10.45,2023,Happiness,Negative Affect,0.231,score 0-1,World Happiness Report 2024
India,IND,Asia,Lower Middle Income,20.59,78.96,2006,Happiness,Negative Affect,0.199,score 0-1,World Happiness Report 2024
India,IND,Asia,Lower Middle Income,20.59,78.96,2007,Happiness,Negative Affect,0.253,score 0-1,World Happiness Report 2024
India,IND,Asia,Lower Middle Income,20.59,78.96,2008,Happiness,Negative Affect,0.259,score 0-1,World Happiness Report 2024
India,IND,Asia,Lower Middle Income,20.59,78.96,2009,Happiness,Negative Affect,0.301,score 0-1,World Happiness Report 2024
India,IND,Asia,Lower Middle Income,20.59,78.96,2010,Happiness,Negative Affect,0.267,score 0-1,World Happiness Report 2024
India,IND,Asia,Lower Middle Income,20.59,78.96,2011,Happiness,Negative Affect,0.232,score 0-1,World Happiness Report 2024
India,IND,Asia,Lower Middle Income,20.59,78.96,2012,Happiness,Negative Affect,0.295,score 0-1,World Happiness Report 2024
India,IND,Asia,Lower Middle Income,20.59,78.96,2013,Happiness,Negative Affect,0.33,score 0-1,World Happiness Report 2024
India,IND,Asia,Lower Middle Income,20.59,78.96,2014,Happiness,Negative Affect,0.285,score 0-1,World Happiness Report 2024
India,IND,Asia,Lower Middle Income,20.59,78.96,2015,Happiness,Negative Affect,0.322,score 0-1,World Happiness Report 2024
India,IND,Asia,Lower Middle Income,20.59,78.96,2016,Happiness,Negative Affect,0.346,score 0-1,World Happiness Report 2024
India,IND,Asia,Lower Middle Income,20.59,78.96,2017,Happiness,Negative Affect,0.318,score 0-1,World Happiness Report 2024
India,IND,Asia,Lower Middle Income,20.59,78.96,2018,Happiness,Negative Affect,0.357,score 0-1,World Happiness Report 2024
India,IND,Asia,Lower Middle Income,20.59,78.96,2019,Happiness,Negative Affect,0.466,score 0-1,World Happiness Report 2024
India,IND,Asia,Lower Middle Income,20.59,78.96,2020,Happiness,Negative Affect,0.383,score 0-1,World Happiness Report 2024
India,IND,Asia,Lower Middle Income,20.59,78.96,2021,Happiness,Negative Affect,0.429,score 0-1,World Happiness Report 2024
India,IND,Asia,Lower Middle Income,20.59,78.96,2022,Happiness,Negative Affect,0.432,score 0-1,World Happiness Report 2024
India,IND,Asia,Lower Middle Income,20.59,78.96,2023,Happiness,Negative Affect,0.389,score 0-1,World Happiness Report 2024
Japan,JPN,Asia,High Income,36.2,138.25,2005,Happiness,Negative Affect,0.153,score 0-1,World Happiness Report 2024
Japan,JPN,Asia,High Income,36.2,138.25,2007,Happiness,Negative Affect,0.207,score 0-1,World Happiness Report 2024
Japan,JPN,Asia,High Income,36.2,138.25,2008,Happiness,Negative Affect,0.191,score 0-1,World Happiness Report 2024
Japan,JPN,Asia,High Income,36.2,138.25,2009,Happiness,Negative Affect,0.169,score 0-1,World Happiness Report 2024
Japan,JPN,Asia,High Income,36.2,138.25,2010,Happiness,Negative Affect,0.188,score 0-1,World Happiness Report 2024
Japan,JPN,Asia,High Income,36.2,138.25,2011,Happiness,Negative Affect,0.181,score 0-1,World Happiness Report 2024
Japan,JPN,Asia,High Income,36.2,138.25,2012,Happiness,Negative Affect,0.171,score 0-1,World Happiness Report 2024
Japan,JPN,Asia,High Income,36.2,138.25,2013,Happiness,Negative Affect,0.175,score 0-1,World Happiness Report 2024
Japan,JPN,Asia,High Income,36.2,138.25,2014,Happiness,Negative Affect,0.189,score 0-1,World Happiness Report 2024
Japan,JPN,Asia,High Income,36.2,138.25,2015,Happiness,Negative Affect,0.176,score 0-1,World Happiness Report 2024
Japan,JPN,Asia,High Income,36.2,138.25,2016,Happiness,Negative Affect,0.192,score 0-1,World Happiness Report 2024
Japan,JPN,Asia,High Income,36.2,138.25,2017,Happiness,Negative Affect,0.176,score 0-1,World Happiness Report 2024
Japan,JPN,Asia,High Income,36.2,138.25,2018,Happiness,Negative Affect,0.185,score 0-1,World Happiness Report 2024
Japan,JPN,Asia,High Income,36.2,138.25,2019,Happiness,Negative Affect,0.194,score 0-1,World Happiness Report 2024
Japan,JPN,Asia,High Income,36.2,138.25,2020,Happiness,Negative Affect,0.186,score 0-1,World Happiness Report 2024
Japan,JPN,Asia,High Income,36.2,138.25,2021,Happiness,Negative Affect,0.189,score 0-1,World Happiness Report 2024
Japan,JPN,Asia,High Income,36.2,138.25,2022,Happiness,Negative Affect,0.165,score 0-1,World Happiness Report 2024
Japan,JPN,Asia,High Income,36.2,138.25,2023,Happiness,Negative Affect,0.178,score 0-1,World Happiness Report 2024
South Korea,KOR,Asia,High Income,35.91,127.77,2006,Happiness,Negative Affect,0.338,score 0-1,World Happiness Report 2024
South Korea,KOR,Asia,High Income,35.91,127.77,2007,Happiness,Negative Affect,0.226,score 0-1,World Happiness Report 2024
South Korea,KOR,Asia,High Income,35.91,127.77,2008,Happiness,Negative Affect,0.239,score 0-1,World Happiness Report 2024
South Korea,KOR,Asia,High Income,35.91,127.77,2009,Happiness,Negative Affect,0.209,score 0-1,World Happiness Report 2024
South Korea,KOR,Asia,High Income,35.91,127.77,2010,Happiness,Negative Affect,0.13,score 0-1,World Happiness Report 2024
South Korea,KOR,Asia,High Income,35.91,127.77,2011,Happiness,Negative Affect,0.168,score 0-1,World Happiness Report 2024
South Korea,KOR,Asia,High Income,35.91,127.77,2012,Happiness,Negative Affect,0.206,score 0-1,World Happiness Report 2024
South Korea,KOR,Asia,High Income,35.91,127.77,2013,Happiness,Negative Affect,0.189,score 0-1,World Happiness Report 2024
South Korea,KOR,Asia,High Income,35.91,127.77,2014,Happiness,Negative Affect,0.283,score 0-1,World Happiness Report 2024
South Korea,KOR,Asia,High Income,35.91,127.77,2015,Happiness,Negative Affect,0.244,score 0-1,World Happiness Report 2024
South Korea,KOR,Asia,High Income,35.91,127.77,2016,Happiness,Negative Affect,0.233,score 0-1,World Happiness Report 2024
South Korea,KOR,Asia,High Income,35.91,127.77,2017,Happiness,Negative Affect,0.235,score 0-1,World Happiness Report 2024
South Korea,KOR,Asia,High Income,35.91,127.77,2018,Happiness,Negative Affect,0.217,score 0-1,World Happiness Report 2024
South Korea,KOR,Asia,High Income,35.91,127.77,2019,Happiness,Negative Affect,0.236,score 0-1,World Happiness Report 2024
South Korea,KOR,Asia,High Income,35.91,127.77,2020,Happiness,Negative Affect,0.247,score 0-1,World Happiness Report 2024
South Korea,KOR,Asia,High Income,35.91,127.77,2021,Happiness,Negative Affect,0.221,score 0-1,World Happiness Report 2024
South Korea,KOR,Asia,High Income,35.91,127.77,2022,Happiness,Negative Affect,0.233,score 0-1,World Happiness Report 2024
South Korea,KOR,Asia,High Income,35.91,127.77,2023,Happiness,Negative Affect,0.245,score 0-1,World Happiness Report 2024
UK,GBR,Europe,High Income,55.38,-3.44,2005,Happiness,Negative Affect,0.262,score 0-1,World Happiness Report 2024
UK,GBR,Europe,High Income,55.38,-3.44,2007,Happiness,Negative Affect,0.241,score 0-1,World Happiness Report 2024
UK,GBR,Europe,High Income,55.38,-3.44,2008,Happiness,Negative Affect,0.218,score 0-1,World Happiness Report 2024
UK,GBR,Europe,High Income,55.38,-3.44,2009,Happiness,Negative Affect,0.231,score 0-1,World Happiness Report 2024
UK,GBR,Europe,High Income,55.38,-3.44,2010,Happiness,Negative Affect,0.176,score 0-1,World Happiness Report 2024
UK,GBR,Europe,High Income,55.38,-3.44,2011,Happiness,Negative Affect,0.174,score 0-1,World Happiness Report 2024
UK,GBR,Europe,High Income,55.38,-3.44,2012,Happiness,Negative Affect,0.184,score 0-1,World Happiness Report 2024
UK,GBR,Europe,High Income,55.38,-3.44,2013,Happiness,Negative Affect,0.252,score 0-1,World Happiness Report 2024
UK,GBR,Europe,High Income,55.38,-3.44,2014,Happiness,Negative Affect,0.251,score 0-1,World Happiness Report 2024
UK,GBR,Europe,High Income,55.38,-3.44,2015,Happiness,Negative Affect,0.219,score 0-1,World Happiness Report 2024
UK,GBR,Europe,High Income,55.38,-3.44,2016,Happiness,Negative Affect,0.23,score 0-1,World Happiness Report 2024
UK,GBR,Europe,High Income,55.38,-3.44,2017,Happiness,Negative Affect,0.21,score 0-1,World Happiness Report 2024
UK,GBR,Europe,High Income,55.38,-3.44,2018,Happiness,Negative Affect,0.228,score 0-1,World Happiness Report 2024
UK,GBR,Europe,High Income,55.38,-3.44,2019,Happiness,Negative Affect,0.251,score 0-1,World Happiness Report 2024
UK,GBR,Europe,High Income,55.38,-3.44,2020,Happiness,Negative Affect,0.225,score 0-1,World Happiness Report 2024
UK,GBR,Europe,High Income,55.38,-3.44,2021,Happiness,Negative Affect,0.266,score 0-1,World Happiness Report 2024
UK,GBR,Europe,High Income,55.38,-3.44,2022,Happiness,Negative Affect,0.27,score 0-1,World Happiness Report 2024
UK,GBR,Europe,High Income,55.38,-3.44,2023,Happiness,Negative Affect,0.272,score 0-1,World Happiness Report 2024
USA,USA,North America,High Income,37.09,-95.71,2006,Happiness,Negative Affect,0.261,score 0-1,World Happiness Report 2024
USA,USA,North America,High Income,37.09,-95.71,2007,Happiness,Negative Affect,0.232,score 0-1,World Happiness Report 2024
USA,USA,North America,High Income,37.09,-95.71,2008,Happiness,Negative Affect,0.227,score 0-1,World Happiness Report 2024
USA,USA,North America,High Income,37.09,-95.71,2009,Happiness,Negative Affect,0.262,score 0-1,World Happiness Report 2024
USA,USA,North America,High Income,37.09,-95.71,2010,Happiness,Negative Affect,0.231,score 0-1,World Happiness Report 2024
USA,USA,North America,High Income,37.09,-95.71,2011,Happiness,Negative Affect,0.273,score 0-1,World Happiness Report 2024
USA,USA,North America,High Income,37.09,-95.71,2012,Happiness,Negative Affect,0.26,score 0-1,World Happiness Report 2024
USA,USA,North America,High Income,37.09,-95.71,2013,Happiness,Negative Affect,0.26,score 0-1,World Happiness Report 2024
USA,USA,North America,High Income,37.09,-95.71,2014,Happiness,Negative Affect,0.281,score 0-1,World Happiness Report 2024
USA,USA,North America,High Income,37.09,-95.71,2015,Happiness,Negative Affect,0.275,score 0-1,World Happiness Report 2024
USA,USA,North America,High Income,37.09,-95.71,2016,Happiness,Negative Affect,0.264,score 0-1,World Happiness Report 2024
USA,USA,North America,High Income,37.09,-95.71,2017,Happiness,Negative Affect,0.268,score 0-1,World Happiness Report 2024
USA,USA,North America,High Income,37.09,-95.71,2018,Happiness,Negative Affect,0.292,score 0-1,World Happiness Report 2024
USA,USA,North America,High Income,37.09,-95.71,2019,Happiness,Negative Affect,0.244,score 0-1,World Happiness Report 2024
USA,USA,North America,High Income,37.09,-95.71,2020,Happiness,Negative Affect,0.295,score 0-1,World Happiness Report 2024
USA,USA,North America,High Income,37.09,-95.71,2021,Happiness,Negative Affect,0.277,score 0-1,World Happiness Report 2024
USA,USA,North America,High Income,37.09,-95.71,2022,Happiness,Negative Affect,0.267,score 0-1,World Happiness Report 2024
USA,USA,North America,High Income,37.09,-95.71,2023,Happiness,Negative Affect,0.284,score 0-1,World Happiness Report 2024
Australia,AUS,Oceania,High Income,-25.27,133.77,2005,Happiness,Positive Affect,0.77,score 0-1,World Happiness Report 2024
Australia,AUS,Oceania,High Income,-25.27,133.77,2007,Happiness,Positive Affect,0.762,score 0-1,World Happiness Report 2024
Australia,AUS,Oceania,High Income,-25.27,133.77,2008,Happiness,Positive Affect,0.729,score 0-1,World Happiness Report 2024
Australia,AUS,Oceania,High Income,-25.27,133.77,2010,Happiness,Positive Affect,0.762,score 0-1,World Happiness Report 2024
Australia,AUS,Oceania,High Income,-25.27,133.77,2011,Happiness,Positive Affect,0.724,score 0-1,World Happiness Report 2024
Australia,AUS,Oceania,High Income,-25.27,133.77,2012,Happiness,Positive Affect,0.728,score 0-1,World Happiness Report 2024
Australia,AUS,Oceania,High Income,-25.27,133.77,2013,Happiness,Positive Affect,0.77,score 0-1,World Happiness Report 2024
Australia,AUS,Oceania,High Income,-25.27,133.77,2014,Happiness,Positive Affect,0.74,score 0-1,World Happiness Report 2024
Australia,AUS,Oceania,High Income,-25.27,133.77,2015,Happiness,Positive Affect,0.75,score 0-1,World Happiness Report 2024
Australia,AUS,Oceania,High Income,-25.27,133.77,2016,Happiness,Positive Affect,0.736,score 0-1,World Happiness Report 2024
Australia,AUS,Oceania,High Income,-25.27,133.77,2017,Happiness,Positive Affect,0.728,score 0-1,World Happiness Report 2024
Australia,AUS,Oceania,High Income,-25.27,133.77,2018,Happiness,Positive Affect,0.706,score 0-1,World Happiness Report 2024
Australia,AUS,Oceania,High Income,-25.27,133.77,2019,Happiness,Positive Affect,0.727,score 0-1,World Happiness Report 2024
Australia,AUS,Oceania,High Income,-25.27,133.77,2020,Happiness,Positive Affect,0.726,score 0-1,World Happiness Report 2024
Australia,AUS,Oceania,High Income,-25.27,133.77,2021,Happiness,Positive Affect,0.74,score 0-1,World Happiness Report 2024
Australia,AUS,Oceania,High Income,-25.27,133.77,2022,Happiness,Positive Affect,0.711,score 0-1,World Happiness Report 2024
Australia,AUS,Oceania,High Income,-25.27,133.77,2023,Happiness,Positive Affect,0.731,score 0-1,World Happiness Report 2024
Brazil,BRA,South America,Upper Middle Income,-14.24,-51.93,2005,Happiness,Positive Affect,0.77,score 0-1,World Happiness Report 2024
Brazil,BRA,South America,Upper Middle Income,-14.24,-51.93,2007,Happiness,Positive Affect,0.775,score 0-1,World Happiness Report 2024
Brazil,BRA,South America,Upper Middle Income,-14.24,-51.93,2008,Happiness,Positive Affect,0.718,score 0-1,World Happiness Report 2024
Brazil,BRA,South America,Upper Middle Income,-14.24,-51.93,2009,Happiness,Positive Affect,0.744,score 0-1,World Happiness Report 2024
Brazil,BRA,South America,Upper Middle Income,-14.24,-51.93,2010,Happiness,Positive Affect,0.726,score 0-1,World Happiness Report 2024
Brazil,BRA,South America,Upper Middle Income,-14.24,-51.93,2011,Happiness,Positive Affect,0.698,score 0-1,World Happiness Report 2024
Brazil,BRA,South America,Upper Middle Income,-14.24,-51.93,2012,Happiness,Positive Affect,0.685,score 0-1,World Happiness Report 2024
Brazil,BRA,South America,Upper Middle Income,-14.24,-51.93,2013,Happiness,Positive Affect,0.725,score 0-1,World Happiness Report 2024
Brazil,BRA,South America,Upper Middle Income,-14.24,-51.93,2014,Happiness,Positive Affect,0.718,score 0-1,World Happiness Report 2024
Brazil,BRA,South America,Upper Middle Income,-14.24,-51.93,2015,Happiness,Positive Affect,0.687,score 0-1,World Happiness Report 2024
Brazil,BRA,South America,Upper Middle Income,-14.24,-51.93,2016,Happiness,Positive Affect,0.711,score 0-1,World Happiness Report 2024
Brazil,BRA,South America,Upper Middle Income,-14.24,-51.93,2017,Happiness,Positive Affect,0.669,score 0-1,World Happiness Report 2024
Brazil,BRA,South America,Upper Middle Income,-14.24,-51.93,2018,Happiness,Positive Affect,0.677,score 0-1,World Happiness Report 2024
Brazil,BRA,South America,Upper Middle Income,-14.24,-51.93,2019,Happiness,Positive Affect,0.701,score 0-1,World Happiness Report 2024
Brazil,BRA,South America,Upper Middle Income,-14.24,-51.93,2020,Happiness,Positive Affect,0.653,score 0-1,World Happiness Report 2024
Brazil,BRA,South America,Upper Middle Income,-14.24,-51.93,2021,Happiness,Positive Affect,0.662,score 0-1,World Happiness Report 2024
Brazil,BRA,South America,Upper Middle Income,-14.24,-51.93,2022,Happiness,Positive Affect,0.681,score 0-1,World Happiness Report 2024
Brazil,BRA,South America,Upper Middle Income,-14.24,-51.93,2023,Happiness,Positive Affect,0.694,score 0-1,World Happiness Report 2024
Canada,CAN,North America,High Income,56.13,-106.35,2005,Happiness,Positive Affect,0.783,score 0-1,World Happiness Report 2024
Canada,CAN,North America,High Income,56.13,-106.35,2007,Happiness,Positive Affect,0.812,score 0-1,World Happiness Report 2024
Canada,CAN,North America,High Income,56.13,-106.35,2008,Happiness,Positive Affect,0.802,score 0-1,World Happiness Report 2024
Canada,CAN,North America,High Income,56.13,-106.35,2009,Happiness,Positive Affect,0.793,score 0-1,World Happiness Report 2024
Canada,CAN,North America,High Income,56.13,-106.35,2010,Happiness,Positive Affect,0.791,score 0-1,World Happiness Report 2024
Canada,CAN,North America,High Income,56.13,-106.35,2011,Happiness,Positive Affect,0.803,score 0-1,World Happiness Report 2024
Canada,CAN,North America,High Income,56.13,-106.35,2012,Happiness,Positive Affect,0.776,score 0-1,World Happiness Report 2024
Canada,CAN,North America,High Income,56.13,-106.35,2013,Happiness,Positive Affect,0.801,score 0-1,World Happiness Report 2024
Canada,CAN,North America,High Income,56.13,-106.35,2014,Happiness,Positive Affect,0.791,score 0-1,World Happiness Report 2024
Canada,CAN,North America,High Income,56.13,-106.35,2015,Happiness,Positive Affect,0.792,score 0-1,World Happiness Report 2024
Canada,CAN,North America,High Income,56.13,-106.35,2016,Happiness,Positive Affect,0.768,score 0-1,World Happiness Report 2024
Canada,CAN,North America,High Income,56.13,-106.35,2017,Happiness,Positive Affect,0.799,score 0-1,World Happiness Report 2024
Canada,CAN,North America,High Income,56.13,-106.35,2018,Happiness,Positive Affect,0.773,score 0-1,World Happiness Report 2024
Canada,CAN,North America,High Income,56.13,-106.35,2019,Happiness,Positive Affect,0.781,score 0-1,World Happiness Report 2024
Canada,CAN,North America,High Income,56.13,-106.35,2020,Happiness,Positive Affect,0.738,score 0-1,World Happiness Report 2024
Canada,CAN,North America,High Income,56.13,-106.35,2021,Happiness,Positive Affect,0.763,score 0-1,World Happiness Report 2024
Canada,CAN,North America,High Income,56.13,-106.35,2022,Happiness,Positive Affect,0.719,score 0-1,World Happiness Report 2024
Canada,CAN,North America,High Income,56.13,-106.35,2023,Happiness,Positive Affect,0.726,score 0-1,World Happiness Report 2024
France,FRA,Europe,High Income,46.23,2.21,2005,Happiness,Positive Affect,0.681,score 0-1,World Happiness Report 2024
France,FRA,Europe,High Income,46.23,2.21,2006,Happiness,Positive Affect,0.694,score 0-1,World Happiness Report 2024
France,FRA,Europe,High Income,46.23,2.21,2008,Happiness,Positive Affect,0.702,score 0-1,World Happiness Report 2024
France,FRA,Europe,High Income,46.23,2.21,2009,Happiness,Positive Affect,0.691,score 0-1,World Happiness Report 2024
France,FRA,Europe,High Income,46.23,2.21,2010,Happiness,Positive Affect,0.729,score 0-1,World Happiness Report 2024
France,FRA,Europe,High Income,46.23,2.21,2011,Happiness,Positive Affect,0.718,score 0-1,World Happiness Report 2024
France,FRA,Europe,High Income,46.23,2.21,2012,Happiness,Positive Affect,0.705,score 0-1,World Happiness Report 2024
France,FRA,Europe,High Income,46.23,2.21,2013,Happiness,Positive Affect,0.741,score 0-1,World Happiness Report 2024
France,FRA,Europe,High Income,46.23,2.21,2014,Happiness,Positive Affect,0.759,score 0-1,World Happiness Report 2024
France,FRA,Europe,High Income,46.23,2.21,2015,Happiness,Positive Affect,0.74,score 0-1,World Happiness Report 2024
France,FRA,Europe,High Income,46.23,2.21,2016,Happiness,Positive Affect,0.715,score 0-1,World Happiness Report 2024
France,FRA,Europe,High Income,46.23,2.21,2017,Happiness,Positive Affect,0.716,score 0-1,World Happiness Report 2024
France,FRA,Europe,High Income,46.23,2.21,2018,Happiness,Positive Affect,0.705,score 0-1,World Happiness Report 2024
France,FRA,Europe,High Income,46.23,2.21,2019,Happiness,Positive Affect,0.693,score 0-1,World Happiness Report 2024
France,FRA,Europe,High Income,46.23,2.21,2020,Happiness,Positive Affect,0.69,score 0-1,World Happiness Report 2024
France,FRA,Europe,High Income,46.23,2.21,2021,Happiness,Positive Affect,0.685,score 0-1,World Happiness Report 2024
France,FRA,Europe,High Income,46.23,2.21,2022,Happiness,Positive Affect,0.688,score 0-1,World Happiness Report 2024
France,FRA,Europe,High Income,46.23,2.21,2023,Happiness,Positive Affect,0.676,score 0-1,World Happiness Report 2024
Germany,DEU,Europe,High Income,51.17,10.45,2005,Happiness,Positive Affect,0.685,score 0-1,World Happiness Report 2024
Germany,DEU,Europe,High Income,51.17,10.45,2007,Happiness,Positive Affect,0.647,score 0-1,World Happiness Report 2024
Germany,DEU,Europe,High Income,51.17,10.45,2008,Happiness,Positive Affect,0.672,score 0-1,World Happiness Report 2024
Germany,DEU,Europe,High Income,51.17,10.45,2009,Happiness,Positive Affect,0.684,score 0-1,World Happiness Report 2024
Germany,DEU,Europe,High Income,51.17,10.45,2010,Happiness,Positive Affect,0.698,score 0-1,World Happiness Report 2024
Germany,DEU,Europe,High Income,51.17,10.45,2011,Happiness,Positive Affect,0.686,score 0-1,World Happiness Report 2024
Germany,DEU,Europe,High Income,51.17,10.45,2012,Happiness,Positive Affect,0.699,score 0-1,World Happiness Report 2024
Germany,DEU,Europe,High Income,51.17,10.45,2013,Happiness,Positive Affect,0.693,score 0-1,World Happiness Report 2024
Germany,DEU,Europe,High Income,51.17,10.45,2014,Happiness,Positive Affect,0.739,score 0-1,World Happiness Report 2024
Germany,DEU,Europe,High Income,51.17,10.45,2015,Happiness,Positive Affect,0.722,score 0-1,World Happiness Report 2024
Germany,DEU,Europe,High Income,51.17,10.45,2016,Happiness,Positive Affect,0.709,score 0-1,World Happiness Report 2024
Germany,DEU,Europe,High Income,51.17,10.45,2017,Happiness,Positive Affect,0.707,score 0-1,World Happiness Report 2024
Germany,DEU,Europe,High Income,51.17,10.45,2018,Happiness,Positive Affect,0.74,score 0-1,World Happiness Report 2024
Germany,DEU,Europe,High Income,51.17,10.45,2019,Happiness,Positive Affect,0.712,score 0-1,World Happiness Report 2024
Germany,DEU,Europe,High Income,51.17,10.45,2020,Happiness,Positive Affect,0.698,score 0-1,World Happiness Report 2024
Germany,DEU,Europe,High Income,51.17,10.45,2021,Happiness,Positive Affect,0.703,score 0-1,World Happiness Report 2024
Germany,DEU,Europe,High Income,51.17,10.45,2022,Happiness,Positive Affect,0.668,score 0-1,World Happiness Report 2024
Germany,DEU,Europe,High Income,51.17,10.45,2023,Happiness,Positive Affect,0.706,score 0-1,World Happiness Report 2024
India,IND,Asia,Lower Middle Income,20.59,78.96,2006,Happiness,Positive Affect,0.576,score 0-1,World Happiness Report 2024
India,IND,Asia,Lower Middle Income,20.59,78.96,2007,Happiness,Positive Affect,0.541,score 0-1,World Happiness Report 2024
India,IND,Asia,Lower Middle Income,20.59,78.96,2008,Happiness,Positive Affect,0.573,score 0-1,World Happiness Report 2024
India,IND,Asia,Lower Middle Income,20.59,78.96,2009,Happiness,Positive Affect,0.639,score 0-1,World Happiness Report 2024
India,IND,Asia,Lower Middle Income,20.59,78.96,2010,Happiness,Positive Affect,0.579,score 0-1,World Happiness Report 2024
India,IND,Asia,Lower Middle Income,20.59,78.96,2011,Happiness,Positive Affect,0.48,score 0-1,World Happiness Report 2024
India,IND,Asia,Lower Middle Income,20.59,78.96,2012,Happiness,Positive Affect,0.544,score 0-1,World Happiness Report 2024
India,IND,Asia,Lower Middle Income,20.59,78.96,2013,Happiness,Positive Affect,0.608,score 0-1,World Happiness Report 2024
India,IND,Asia,Lower Middle Income,20.59,78.96,2014,Happiness,Positive Affect,0.651,score 0-1,World Happiness Report 2024
India,IND,Asia,Lower Middle Income,20.59,78.96,2015,Happiness,Positive Affect,0.657,score 0-1,World Happiness Report 2024
India,IND,Asia,Lower Middle Income,20.59,78.96,2016,Happiness,Positive Affect,0.646,score 0-1,World Happiness Report 2024
India,IND,Asia,Lower Middle Income,20.59,78.96,2017,Happiness,Positive Affect,0.579,score 0-1,World Happiness Report 2024
India,IND,Asia,Lower Middle Income,20.59,78.96,2018,Happiness,Positive Affect,0.591,score 0-1,World Happiness Report 2024
India,IND,Asia,Lower Middle Income,20.59,78.96,2019,Happiness,Positive Affect,0.56,score 0-1,World Happiness Report 2024
India,IND,Asia,Lower Middle Income,20.59,78.96,2020,Happiness,Positive Affect,0.686,score 0-1,World Happiness Report 2024
India,IND,Asia,Lower Middle Income,20.59,78.96,2021,Happiness,Positive Affect,0.547,score 0-1,World Happiness Report 2024
India,IND,Asia,Lower Middle Income,20.59,78.96,2022,Happiness,Positive Affect,0.596,score 0-1,World Happiness Report 2024
India,IND,Asia,Lower Middle Income,20.59,78.96,2023,Happiness,Positive Affect,0.699,score 0-1,World Happiness Report 2024
Japan,JPN,Asia,High Income,36.2,138.25,2005,Happiness,Positive Affect,0.686,score 0-1,World Happiness Report 2024
Japan,JPN,Asia,High Income,36.2,138.25,2007,Happiness,Positive Affect,0.683,score 0-1,World Happiness Report 2024
Japan,JPN,Asia,High Income,36.2,138.25,2008,Happiness,Positive Affect,0.705,score 0-1,World Happiness Report 2024
Japan,JPN,Asia,High Income,36.2,138.25,2009,Happiness,Positive Affect,0.713,score 0-1,World Happiness Report 2024
Japan,JPN,Asia,High Income,36.2,138.25,2010,Happiness,Positive Affect,0.779,score 0-1,World Happiness Report 2024
Japan,JPN,Asia,High Income,36.2,138.25,2011,Happiness,Positive Affect,0.714,score 0-1,World Happiness Report 2024
Japan,JPN,Asia,High Income,36.2,138.25,2012,Happiness,Positive Affect,0.708,score 0-1,World Happiness Report 2024
Japan,JPN,Asia,High Income,36.2,138.25,2013,Happiness,Positive Affect,0.719,score 0-1,World Happiness Report 2024
Japan,JPN,Asia,High Income,36.2,138.25,2014,Happiness,Positive Affect,0.687,score 0-1,World Happiness Report 2024
Japan,JPN,Asia,High Income,36.2,138.25,2015,Happiness,Positive Affect,0.702,score 0-1,World Happiness Report 2024
Japan,JPN,Asia,High Income,36.2,138.25,2016,Happiness,Positive Affect,0.69,score 0-1,World Happiness Report 2024
Japan,JPN,Asia,High Income,36.2,138.25,2017,Happiness,Positive Affect,0.692,score 0-1,World Happiness Report 2024
Japan,JPN,Asia,High Income,36.2,138.25,2018,Happiness,Positive Affect,0.649,score 0-1,World Happiness Report 2024
Japan,JPN,Asia,High Income,36.2,138.25,2019,Happiness,Positive Affect,0.693,score 0-1,World Happiness Report 2024
Japan,JPN,Asia,High Income,36.2,138.25,2020,Happiness,Positive Affect,0.681,score 0-1,World Happiness Report 2024
Japan,JPN,Asia,High Income,36.2,138.25,2021,Happiness,Positive Affect,0.674,score 0-1,World Happiness Report 2024
Japan,JPN,Asia,High Income,36.2,138.25,2022,Happiness,Positive Affect,0.67,score 0-1,World Happiness Report 2024
Japan,JPN,Asia,High Income,36.2,138.25,2023,Happiness,Positive Affect,0.638,score 0-1,World Happiness Report 2024
South Korea,KOR,Asia,High Income,35.91,127.77,2006,Happiness,Positive Affect,0.545,score 0-1,World Happiness Report 2024
South Korea,KOR,Asia,High Income,35.91,127.77,2007,Happiness,Positive Affect,0.612,score 0-1,World Happiness Report 2024
South Korea,KOR,Asia,High Income,35.91,127.77,2008,Happiness,Positive Affect,0.554,score 0-1,World Happiness Report 2024
South Korea,KOR,Asia,High Income,35.91,127.77,2009,Happiness,Positive Affect,0.596,score 0-1,World Happiness Report 2024
South Korea,KOR,Asia,High Income,35.91,127.77,2010,Happiness,Positive Affect,0.626,score 0-1,World Happiness Report 2024
South Korea,KOR,Asia,High Income,35.91,127.77,2011,Happiness,Positive Affect,0.587,score 0-1,World Happiness Report 2024
South Korea,KOR,Asia,High Income,35.91,127.77,2012,Happiness,Positive Affect,0.61,score 0-1,World Happiness Report 2024
South Korea,KOR,Asia,High Income,35.91,127.77,2013,Happiness,Positive Affect,0.589,score 0-1,World Happiness Report 2024
South Korea,KOR,Asia,High Income,35.91,127.77,2014,Happiness,Positive Affect,0.575,score 0-1,World Happiness Report 2024
South Korea,KOR,Asia,High Income,35.91,127.77,2015,Happiness,Positive Affect,0.561,score 0-1,World Happiness Report 2024
South Korea,KOR,Asia,High Income,35.91,127.77,2016,Happiness,Positive Affect,0.583,score 0-1,World Happiness Report 2024
South Korea,KOR,Asia,High Income,35.91,127.77,2017,Happiness,Positive Affect,0.546,score 0-1,World Happiness Report 2024
South Korea,KOR,Asia,High Income,35.91,127.77,2018,Happiness,Positive Affect,0.579,score 0-1,World Happiness Report 2024
South Korea,KOR,Asia,High Income,35.91,127.77,2019,Happiness,Positive Affect,0.593,score 0-1,World Happiness Report 2024
South Korea,KOR,Asia,High Income,35.91,127.77,2020,Happiness,Positive Affect,0.55,score 0-1,World Happiness Report 2024
South Korea,KOR,Asia,High Income,35.91,127.77,2021,Happiness,Positive Affect,0.566,score 0-1,World Happiness Report 2024
South Korea,KOR,Asia,High Income,35.91,127.77,2022,Happiness,Positive Affect,0.585,score 0-1,World Happiness Report 2024
South Korea,KOR,Asia,High Income,35.91,127.77,2023,Happiness,Positive Affect,0.603,score 0-1,World Happiness Report 2024
UK,GBR,Europe,High Income,55.38,-3.44,2005,Happiness,Positive Affect,0.779,score 0-1,World Happiness Report 2024
UK,GBR,Europe,High Income,55.38,-3.44,2007,Happiness,Positive Affect,0.686,score 0-1,World Happiness Report 2024
UK,GBR,Europe,High Income,55.38,-3.44,2008,Happiness,Positive Affect,0.724,score 0-1,World Happiness Report 2024
UK,GBR,Europe,High Income,55.38,-3.44,2009,Happiness,Positive Affect,0.739,score 0-1,World Happiness Report 2024
UK,GBR,Europe,High Income,55.38,-3.44,2010,Happiness,Positive Affect,0.753,score 0-1,World Happiness Report 2024
UK,GBR,Europe,High Income,55.38,-3.44,2011,Happiness,Positive Affect,0.742,score 0-1,World Happiness Report 2024
UK,GBR,Europe,High Income,55.38,-3.44,2012,Happiness,Positive Affect,0.739,score 0-1,World Happiness Report 2024
UK,GBR,Europe,High Income,55.38,-3.44,2013,Happiness,Positive Affect,0.719,score 0-1,World Happiness Report 2024
UK,GBR,Europe,High Income,55.38,-3.44,2014,Happiness,Positive Affect,0.74,score 0-1,World Happiness Report 2024
UK,GBR,Europe,High Income,55.38,-3.44,2015,Happiness,Positive Affect,0.74,score 0-1,World Happiness Report 2024
UK,GBR,Europe,High Income,55.38,-3.44,2016,Happiness,Positive Affect,0.732,score 0-1,World Happiness Report 2024
UK,GBR,Europe,High Income,55.38,-3.44,2017,Happiness,Positive Affect,0.712,score 0-1,World Happiness Report 2024
UK,GBR,Europe,High Income,55.38,-3.44,2018,Happiness,Positive Affect,0.736,score 0-1,World Happiness Report 2024
UK,GBR,Europe,High Income,55.38,-3.44,2019,Happiness,Positive Affect,0.739,score 0-1,World Happiness Report 2024
UK,GBR,Europe,High Income,55.38,-3.44,2020,Happiness,Positive Affect,0.717,score 0-1,World Happiness Report 2024
UK,GBR,Europe,High Income,55.38,-3.44,2021,Happiness,Positive Affect,0.684,score 0-1,World Happiness Report 2024
UK,GBR,Europe,High Income,55.38,-3.44,2022,Happiness,Positive Affect,0.723,score 0-1,World Happiness Report 2024
UK,GBR,Europe,High Income,55.38,-3.44,2023,Happiness,Positive Affect,0.719,score 0-1,World Happiness Report 2024
USA,USA,North America,High Income,37.09,-95.71,2006,Happiness,Positive Affect,0.775,score 0-1,World Happiness Report 2024
USA,USA,North America,High Income,37.09,-95.71,2007,Happiness,Positive Affect,0.756,score 0-1,World Happiness Report 2024
USA,USA,North America,High Income,37.09,-95.71,2008,Happiness,Positive Affect,0.774,score 0-1,World Happiness Report 2024
USA,USA,North America,High Income,37.09,-95.71,2009,Happiness,Positive Affect,0.753,score 0-1,World Happiness Report 2024
USA,USA,North America,High Income,37.09,-95.71,2010,Happiness,Positive Affect,0.776,score 0-1,World Happiness Report 2024
USA,USA,North America,High Income,37.09,-95.71,2011,Happiness,Positive Affect,0.737,score 0-1,World Happiness Report 2024
USA,USA,North America,High Income,37.09,-95.71,2012,Happiness,Positive Affect,0.765,score 0-1,World Happiness Report 2024
USA,USA,North America,High Income,37.09,-95.71,2013,Happiness,Positive Affect,0.776,score 0-1,World Happiness Report 2024
USA,USA,North America,High Income,37.09,-95.71,2014,Happiness,Positive Affect,0.786,score 0-1,World Happiness Report 2024
USA,USA,North America,High Income,37.09,-95.71,2015,Happiness,Positive Affect,0.769,score 0-1,World Happiness Report 2024
USA,USA,North America,High Income,37.09,-95.71,2016,Happiness,Positive Affect,0.737,score 0-1,World Happiness Report 2024
USA,USA,North America,High Income,37.09,-95.71,2017,Happiness,Positive Affect,0.755,score 0-1,World Happiness Report 2024
USA,USA,North America,High Income,37.09,-95.71,2018,Happiness,Positive Affect,0.757,score 0-1,World Happiness Report 2024
USA,USA,North America,High Income,37.09,-95.71,2019,Happiness,Positive Affect,0.755,score 0-1,World Happiness Report 2024
USA,USA,North America,High Income,37.09,-95.71,2020,Happiness,Positive Affect,0.722,score 0-1,World Happiness Report 2024
USA,USA,North America,High Income,37.09,-95.71,2021,Happiness,Positive Affect,0.74,score 0-1,World Happiness Report 2024
USA,USA,North America,High Income,37.09,-95.71,2022,Happiness,Positive Affect,0.712,score 0-1,World Happiness Report 2024
USA,USA,North America,High Income,37.09,-95.71,2023,Happiness,Positive Affect,0.706,score 0-1,World Happiness Report 2024
Australia,AUS,Oceania,High Income,-25.27,133.77,2005,Happiness,Social Support,0.968,score 0-1,World Happiness Report 2024
Australia,AUS,Oceania,High Income,-25.27,133.77,2007,Happiness,Social Support,0.965,score 0-1,World Happiness Report 2024
Australia,AUS,Oceania,High Income,-25.27,133.77,2008,Happiness,Social Support,0.947,score 0-1,World Happiness Report 2024
Australia,AUS,Oceania,High Income,-25.27,133.77,2010,Happiness,Social Support,0.955,score 0-1,World Happiness Report 2024
Australia,AUS,Oceania,High Income,-25.27,133.77,2011,Happiness,Social Support,0.967,score 0-1,World Happiness Report 2024
Australia,AUS,Oceania,High Income,-25.27,133.77,2012,Happiness,Social Support,0.945,score 0-1,World Happiness Report 2024
Australia,AUS,Oceania,High Income,-25.27,133.77,2013,Happiness,Social Support,0.928,score 0-1,World Happiness Report 2024
Australia,AUS,Oceania,High Income,-25.27,133.77,2014,Happiness,Social Support,0.924,score 0-1,World Happiness Report 2024
Australia,AUS,Oceania,High Income,-25.27,133.77,2015,Happiness,Social Support,0.952,score 0-1,World Happiness Report 2024
Australia,AUS,Oceania,High Income,-25.27,133.77,2016,Happiness,Social Support,0.942,score 0-1,World Happiness Report 2024
Australia,AUS,Oceania,High Income,-25.27,133.77,2017,Happiness,Social Support,0.95,score 0-1,World Happiness Report 2024
Australia,AUS,Oceania,High Income,-25.27,133.77,2018,Happiness,Social Support,0.94,score 0-1,World Happiness Report 2024
Australia,AUS,Oceania,High Income,-25.27,133.77,2019,Happiness,Social Support,0.943,score 0-1,World Happiness Report 2024
Australia,AUS,Oceania,High Income,-25.27,133.77,2020,Happiness,Social Support,0.937,score 0-1,World Happiness Report 2024
Australia,AUS,Oceania,High Income,-25.27,133.77,2021,Happiness,Social Support,0.92,score 0-1,World Happiness Report 2024
Australia,AUS,Oceania,High Income,-25.27,133.77,2022,Happiness,Social Support,0.942,score 0-1,World Happiness Report 2024
Australia,AUS,Oceania,High Income,-25.27,133.77,2023,Happiness,Social Support,0.896,score 0-1,World Happiness Report 2024
Brazil,BRA,South America,Upper Middle Income,-14.24,-51.93,2005,Happiness,Social Support,0.883,score 0-1,World Happiness Report 2024
Brazil,BRA,South America,Upper Middle Income,-14.24,-51.93,2007,Happiness,Social Support,0.886,score 0-1,World Happiness Report 2024
Brazil,BRA,South America,Upper Middle Income,-14.24,-51.93,2008,Happiness,Social Support,0.878,score 0-1,World Happiness Report 2024
Brazil,BRA,South America,Upper Middle Income,-14.24,-51.93,2009,Happiness,Social Support,0.913,score 0-1,World Happiness Report 2024
Brazil,BRA,South America,Upper Middle Income,-14.24,-51.93,2010,Happiness,Social Support,0.906,score 0-1,World Happiness Report 2024
Brazil,BRA,South America,Upper Middle Income,-14.24,-51.93,2011,Happiness,Social Support,0.916,score 0-1,World Happiness Report 2024
Brazil,BRA,South America,Upper Middle Income,-14.24,-51.93,2012,Happiness,Social Support,0.89,score 0-1,World Happiness Report 2024
Brazil,BRA,South America,Upper Middle Income,-14.24,-51.93,2013,Happiness,Social Support,0.91,score 0-1,World Happiness Report 2024
Brazil,BRA,South America,Upper Middle Income,-14.24,-51.93,2014,Happiness,Social Support,0.898,score 0-1,World Happiness Report 2024
Brazil,BRA,South America,Upper Middle Income,-14.24,-51.93,2015,Happiness,Social Support,0.907,score 0-1,World Happiness Report 2024
Brazil,BRA,South America,Upper Middle Income,-14.24,-51.93,2016,Happiness,Social Support,0.912,score 0-1,World Happiness Report 2024
Brazil,BRA,South America,Upper Middle Income,-14.24,-51.93,2017,Happiness,Social Support,0.905,score 0-1,World Happiness Report 2024
Brazil,BRA,South America,Upper Middle Income,-14.24,-51.93,2018,Happiness,Social Support,0.882,score 0-1,World Happiness Report 2024
Brazil,BRA,South America,Upper Middle Income,-14.24,-51.93,2019,Happiness,Social Support,0.899,score 0-1,World Happiness Report 2024
Brazil,BRA,South America,Upper Middle Income,-14.24,-51.93,2020,Happiness,Social Support,0.831,score 0-1,World Happiness Report 2024
Brazil,BRA,South America,Upper Middle Income,-14.24,-51.93,2021,Happiness,Social Support,0.814,score 0-1,World Happiness Report 2024
Brazil,BRA,South America,Upper Middle Income,-14.24,-51.93,2022,Happiness,Social Support,0.866,score 0-1,World Happiness Report 2024
Brazil,BRA,South America,Upper Middle Income,-14.24,-51.93,2023,Happiness,Social Support,0.856,score 0-1,World Happiness Report 2024
Canada,CAN,North America,High Income,56.13,-106.35,2005,Happiness,Social Support,0.962,score 0-1,World Happiness Report 2024
Canada,CAN,North America,High Income,56.13,-106.35,2008,Happiness,Social Support,0.939,score 0-1,World Happiness Report 2024
Canada,CAN,North America,High Income,56.13,-106.35,2009,Happiness,Social Support,0.943,score 0-1,World Happiness Report 2024
Canada,CAN,North America,High Income,56.13,-106.35,2010,Happiness,Social Support,0.954,score 0-1,World Happiness Report 2024
Canada,CAN,North America,High Income,56.13,-106.35,2011,Happiness,Social Support,0.922,score 0-1,World Happiness Report 2024
Canada,CAN,North America,High Income,56.13,-106.35,2012,Happiness,Social Support,0.948,score 0-1,World Happiness Report 2024
Canada,CAN,North America,High Income,56.13,-106.35,2013,Happiness,Social Support,0.936,score 0-1,World Happiness Report 2024
Canada,CAN,North America,High Income,56.13,-106.35,2014,Happiness,Social Support,0.918,score 0-1,World Happiness Report 2024
Canada,CAN,North America,High Income,56.13,-106.35,2015,Happiness,Social Support,0.939,score 0-1,World Happiness Report 2024
Canada,CAN,North America,High Income,56.13,-106.35,2016,Happiness,Social Support,0.924,score 0-1,World Happiness Report 2024
Canada,CAN,North America,High Income,56.13,-106.35,2017,Happiness,Social Support,0.934,score 0-1,World Happiness Report 2024
Canada,CAN,North America,High Income,56.13,-106.35,2018,Happiness,Social Support,0.923,score 0-1,World Happiness Report 2024
Canada,CAN,North America,High Income,56.13,-106.35,2019,Happiness,Social Support,0.925,score 0-1,World Happiness Report 2024
Canada,CAN,North America,High Income,56.13,-106.35,2020,Happiness,Social Support,0.931,score 0-1,World Happiness Report 2024
Canada,CAN,North America,High Income,56.13,-106.35,2021,Happiness,Social Support,0.926,score 0-1,World Happiness Report 2024
Canada,CAN,North America,High Income,56.13,-106.35,2022,Happiness,Social Support,0.929,score 0-1,World Happiness Report 2024
Canada,CAN,North America,High Income,56.13,-106.35,2023,Happiness,Social Support,0.902,score 0-1,World Happiness Report 2024
France,FRA,Europe,High Income,46.23,2.21,2005,Happiness,Social Support,0.94,score 0-1,World Happiness Report 2024
France,FRA,Europe,High Income,46.23,2.21,2006,Happiness,Social Support,0.944,score 0-1,World Happiness Report 2024
France,FRA,Europe,High Income,46.23,2.21,2008,Happiness,Social Support,0.935,score 0-1,World Happiness Report 2024
France,FRA,Europe,High Income,46.23,2.21,2009,Happiness,Social Support,0.918,score 0-1,World Happiness Report 2024
France,FRA,Europe,High Income,46.23,2.21,2010,Happiness,Social Support,0.943,score 0-1,World Happiness Report 2024
France,FRA,Europe,High Income,46.23,2.21,2011,Happiness,Social Support,0.921,score 0-1,World Happiness Report 2024
France,FRA,Europe,High Income,46.23,2.21,2012,Happiness,Social Support,0.937,score 0-1,World Happiness Report 2024
France,FRA,Europe,High Income,46.23,2.21,2013,Happiness,Social Support,0.908,score 0-1,World Happiness Report 2024
France,FRA,Europe,High Income,46.23,2.21,2014,Happiness,Social Support,0.878,score 0-1,World Happiness Report 2024
France,FRA,Europe,High Income,46.23,2.21,2015,Happiness,Social Support,0.896,score 0-1,World Happiness Report 2024
France,FRA,Europe,High Income,46.23,2.21,2016,Happiness,Social Support,0.885,score 0-1,World Happiness Report 2024
France,FRA,Europe,High Income,46.23,2.21,2017,Happiness,Social Support,0.931,score 0-1,World Happiness Report 2024
France,FRA,Europe,High Income,46.23,2.21,2018,Happiness,Social Support,0.921,score 0-1,World Happiness Report 2024
France,FRA,Europe,High Income,46.23,2.21,2019,Happiness,Social Support,0.958,score 0-1,World Happiness Report 2024
France,FRA,Europe,High Income,46.23,2.21,2020,Happiness,Social Support,0.947,score 0-1,World Happiness Report 2024
France,FRA,Europe,High Income,46.23,2.21,2021,Happiness,Social Support,0.915,score 0-1,World Happiness Report 2024
France,FRA,Europe,High Income,46.23,2.21,2022,Happiness,Social Support,0.866,score 0-1,World Happiness Report 2024
France,FRA,Europe,High Income,46.23,2.21,2023,Happiness,Social Support,0.85,score 0-1,World Happiness Report 2024
Germany,DEU,Europe,High Income,51.17,10.45,2005,Happiness,Social Support,0.963,score 0-1,World Happiness Report 2024
Germany,DEU,Europe,High Income,51.17,10.45,2007,Happiness,Social Support,0.926,score 0-1,World Happiness Report 2024
Germany,DEU,Europe,High Income,51.17,10.45,2008,Happiness,Social Support,0.923,score 0-1,World Happiness Report 2024
Germany,DEU,Europe,High Income,51.17,10.45,2009,Happiness,Social Support,0.935,score 0-1,World Happiness Report 2024
Germany,DEU,Europe,High Income,51.17,10.45,2010,Happiness,Social Support,0.939,score 0-1,World Happiness Report 2024
Germany,DEU,Europe,High Income,51.17,10.45,2011,Happiness,Social Support,0.947,score 0-1,World Happiness Report 2024
Germany,DEU,Europe,High Income,51.17,10.45,2012,Happiness,Social Support,0.926,score 0-1,World Happiness Report 2024
Germany,DEU,Europe,High Income,51.17,10.45,2013,Happiness,Social Support,0.931,score 0-1,World Happiness Report 2024
Germany,DEU,Europe,High Income,51.17,10.45,2014,Happiness,Social Support,0.938,score 0-1,World Happiness Report 2024
Germany,DEU,Europe,High Income,51.17,10.45,2015,Happiness,Social Support,0.926,score 0-1,World Happiness Report 2024
Germany,DEU,Europe,High Income,51.17,10.45,2016,Happiness,Social Support,0.906,score 0-1,World Happiness Report 2024
Germany,DEU,Europe,High Income,51.17,10.45,2017,Happiness,Social Support,0.892,score 0-1,World Happiness Report 2024
Germany,DEU,Europe,High Income,51.17,10.45,2018,Happiness,Social Support,0.92,score 0-1,World Happiness Report 2024
Germany,DEU,Europe,High Income,51.17,10.45,2019,Happiness,Social Support,0.886,score 0-1,World Happiness Report 2024
Germany,DEU,Europe,High Income,51.17,10.45,2020,Happiness,Social Support,0.905,score 0-1,World Happiness Report 2024
Germany,DEU,Europe,High Income,51.17,10.45,2021,Happiness,Social Support,0.868,score 0-1,World Happiness Report 2024
Germany,DEU,Europe,High Income,51.17,10.45,2022,Happiness,Social Support,0.916,score 0-1,World Happiness Report 2024
Germany,DEU,Europe,High Income,51.17,10.45,2023,Happiness,Social Support,0.895,score 0-1,World Happiness Report 2024
India,IND,Asia,Lower Middle Income,20.59,78.96,2006,Happiness,Social Support,0.707,score 0-1,World Happiness Report 2024
India,IND,Asia,Lower Middle Income,20.59,78.96,2007,Happiness,Social Support,0.569,score 0-1,World Happiness Report 2024
India,IND,Asia,Lower Middle Income,20.59,78.96,2008,Happiness,Social Support,0.684,score 0-1,World Happiness Report 2024
India,IND,Asia,Lower Middle Income,20.59,78.96,2009,Happiness,Social Support,0.653,score 0-1,World Happiness Report 2024
India,IND,Asia,Lower Middle Income,20.59,78.96,2010,Happiness,Social Support,0.605,score 0-1,World Happiness Report 2024
India,IND,Asia,Lower Middle Income,20.59,78.96,2011,Happiness,Social Support,0.553,score 0-1,World Happiness Report 2024
India,IND,Asia,Lower Middle Income,20.59,78.96,2012,Happiness,Social Support,0.511,score 0-1,World Happiness Report 2024
India,IND,Asia,Lower Middle Income,20.59,78.96,2013,Happiness,Social Support,0.553,score 0-1,World Happiness Report 2024
India,IND,Asia,Lower Middle Income,20.59,78.96,2014,Happiness,Social Support,0.621,score 0-1,World Happiness Report 2024
India,IND,Asia,Lower Middle Income,20.59,78.96,2015,Happiness,Social Support,0.61,score 0-1,World Happiness Report 2024
India,IND,Asia,Lower Middle Income,20.59,78.96,2016,Happiness,Social Support,0.614,score 0-1,World Happiness Report 2024
India,IND,Asia,Lower Middle Income,20.59,78.96,2017,Happiness,Social Support,0.607,score 0-1,World Happiness Report 2024
India,IND,Asia,Lower Middle Income,20.59,78.96,2018,Happiness,Social Support,0.638,score 0-1,World Happiness Report 2024
India,IND,Asia,Lower Middle Income,20.59,78.96,2019,Happiness,Social Support,0.561,score 0-1,World Happiness Report 2024
India,IND,Asia,Lower Middle Income,20.59,78.96,2020,Happiness,Social Support,0.616,score 0-1,World Happiness Report 2024
India,IND,Asia,Lower Middle Income,20.59,78.96,2021,Happiness,Social Support,0.57,score 0-1,World Happiness Report 2024
India,IND,Asia,Lower Middle Income,20.59,78.96,2022,Happiness,Social Support,0.608,score 0-1,World Happiness Report 2024
India,IND,Asia,Lower Middle Income,20.59,78.96,2023,Happiness,Social Support,0.633,score 0-1,World Happiness Report 2024
Japan,JPN,Asia,High Income,36.2,138.25,2005,Happiness,Social Support,0.928,score 0-1,World Happiness Report 2024
Japan,JPN,Asia,High Income,36.2,138.25,2007,Happiness,Social Support,0.938,score 0-1,World Happiness Report 2024
Japan,JPN,Asia,High Income,36.2,138.25,2008,Happiness,Social Support,0.887,score 0-1,World Happiness Report 2024
Japan,JPN,Asia,High Income,36.2,138.25,2009,Happiness,Social Support,0.888,score 0-1,World Happiness Report 2024
Japan,JPN,Asia,High Income,36.2,138.25,2010,Happiness,Social Support,0.902,score 0-1,World Happiness Report 2024
Japan,JPN,Asia,High Income,36.2,138.25,2011,Happiness,Social Support,0.917,score 0-1,World Happiness Report 2024
Japan,JPN,Asia,High Income,36.2,138.25,2012,Happiness,Social Support,0.905,score 0-1,World Happiness Report 2024
Japan,JPN,Asia,High Income,36.2,138.25,2013,Happiness,Social Support,0.924,score 0-1,World Happiness Report 2024
Japan,JPN,Asia,High Income,36.2,138.25,2014,Happiness,Social Support,0.9,score 0-1,World Happiness Report 2024
Japan,JPN,Asia,High Income,36.2,138.25,2015,Happiness,Social Support,0.923,score 0-1,World Happiness Report 2024
Japan,JPN,Asia,High Income,36.2,138.25,2016,Happiness,Social Support,0.9,score 0-1,World Happiness Report 2024
Japan,JPN,Asia,High Income,36.2,138.25,2017,Happiness,Social Support,0.882,score 0-1,World Happiness Report 2024
Japan,JPN,Asia,High Income,36.2,138.25,2018,Happiness,Social Support,0.886,score 0-1,World Happiness Report 2024
Japan,JPN,Asia,High Income,36.2,138.25,2019,Happiness,Social Support,0.878,score 0-1,World Happiness Report 2024
Japan,JPN,Asia,High Income,36.2,138.25,2020,Happiness,Social Support,0.887,score 0-1,World Happiness Report 2024
Japan,JPN,Asia,High Income,36.2,138.25,2021,Happiness,Social Support,0.896,score 0-1,World Happiness Report 2024
Japan,JPN,Asia,High Income,36.2,138.25,2022,Happiness,Social Support,0.899,score 0-1,World Happiness Report 2024
Japan,JPN,Asia,High Income,36.2,138.25,2023,Happiness,Social Support,0.842,score 0-1,World Happiness Report 2024
South Korea,KOR,Asia,High Income,35.91,127.77,2006,Happiness,Social Support,0.775,score 0-1,World Happiness Report 2024
South Korea,KOR,Asia,High Income,35.91,127.77,2007,Happiness,Social Support,0.827,score 0-1,World Happiness Report 2024
South Korea,KOR,Asia,High Income,35.91,127.77,2008,Happiness,Social Support,0.754,score 0-1,World Happiness Report 2024
South Korea,KOR,Asia,High Income,35.91,127.77,2009,Happiness,Social Support,0.811,score 0-1,World Happiness Report 2024
South Korea,KOR,Asia,High Income,35.91,127.77,2010,Happiness,Social Support,0.816,score 0-1,World Happiness Report 2024
South Korea,KOR,Asia,High Income,35.91,127.77,2011,Happiness,Social Support,0.809,score 0-1,World Happiness Report 2024
South Korea,KOR,Asia,High Income,35.91,127.77,2012,Happiness,Social Support,0.775,score 0-1,World Happiness Report 2024
South Korea,KOR,Asia,High Income,35.91,127.77,2013,Happiness,Social Support,0.797,score 0-1,World Happiness Report 2024
South Korea,KOR,Asia,High Income,35.91,127.77,2014,Happiness,Social Support,0.738,score 0-1,World Happiness Report 2024
South Korea,KOR,Asia,High Income,35.91,127.77,2015,Happiness,Social Support,0.768,score 0-1,World Happiness Report 2024
South Korea,KOR,Asia,High Income,35.91,127.77,2016,Happiness,Social Support,0.811,score 0-1,World Happiness Report 2024
South Korea,KOR,Asia,High Income,35.91,127.77,2017,Happiness,Social Support,0.807,score 0-1,World Happiness Report 2024
South Korea,KOR,Asia,High Income,35.91,127.77,2018,Happiness,Social Support,0.798,score 0-1,World Happiness Report 2024
South Korea,KOR,Asia,High Income,35.91,127.77,2019,Happiness,Social Support,0.783,score 0-1,World Happiness Report 2024
South Korea,KOR,Asia,High Income,35.91,127.77,2020,Happiness,Social Support,0.808,score 0-1,World Happiness Report 2024
South Korea,KOR,Asia,High Income,35.91,127.77,2021,Happiness,Social Support,0.811,score 0-1,World Happiness Report 2024
South Korea,KOR,Asia,High Income,35.91,127.77,2022,Happiness,Social Support,0.81,score 0-1,World Happiness Report 2024
South Korea,KOR,Asia,High Income,35.91,127.77,2023,Happiness,Social Support,0.799,score 0-1,World Happiness Report 2024
UK,GBR,Europe,High Income,55.38,-3.44,2005,Happiness,Social Support,0.979,score 0-1,World Happiness Report 2024
UK,GBR,Europe,High Income,55.38,-3.44,2007,Happiness,Social Support,0.97,score 0-1,World Happiness Report 2024
UK,GBR,Europe,High Income,55.38,-3.44,2008,Happiness,Social Support,0.954,score 0-1,World Happiness Report 2024
UK,GBR,Europe,High Income,55.38,-3.44,2009,Happiness,Social Support,0.964,score 0-1,World Happiness Report 2024
UK,GBR,Europe,High Income,55.38,-3.44,2010,Happiness,Social Support,0.955,score 0-1,World Happiness Report 2024
UK,GBR,Europe,High Income,55.38,-3.44,2011,Happiness,Social Support,0.949,score 0-1,World Happiness Report 2024
UK,GBR,Europe,High Income,55.38,-3.44,2012,Happiness,Social Support,0.935,score 0-1,World Happiness Report 2024
UK,GBR,Europe,High Income,55.38,-3.44,2013,Happiness,Social Support,0.937,score 0-1,World Happiness Report 2024
UK,GBR,Europe,High Income,55.38,-3.44,2014,Happiness,Social Support,0.91,score 0-1,World Happiness Report 2024
UK,GBR,Europe,High Income,55.38,-3.44,2015,Happiness,Social Support,0.936,score 0-1,World Happiness Report 2024
UK,GBR,Europe,High Income,55.38,-3.44,2016,Happiness,Social Support,0.954,score 0-1,World Happiness Report 2024
UK,GBR,Europe,High Income,55.38,-3.44,2017,Happiness,Social Support,0.937,score 0-1,World Happiness Report 2024
UK,GBR,Europe,High Income,55.38,-3.44,2018,Happiness,Social Support,0.928,score 0-1,World Happiness Report 2024
UK,GBR,Europe,High Income,55.38,-3.44,2019,Happiness,Social Support,0.943,score 0-1,World Happiness Report 2024
UK,GBR,Europe,High Income,55.38,-3.44,2020,Happiness,Social Support,0.929,score 0-1,World Happiness Report 2024
UK,GBR,Europe,High Income,55.38,-3.44,2021,Happiness,Social Support,0.854,score 0-1,World Happiness Report 2024
UK,GBR,Europe,High Income,55.38,-3.44,2022,Happiness,Social Support,0.863,score 0-1,World Happiness Report 2024
UK,GBR,Europe,High Income,55.38,-3.44,2023,Happiness,Social Support,0.886,score 0-1,World Happiness Report 2024
USA,USA,North America,High Income,37.09,-95.71,2006,Happiness,Social Support,0.965,score 0-1,World Happiness Report 2024
USA,USA,North America,High Income,37.09,-95.71,2008,Happiness,Social Support,0.953,score 0-1,World Happiness Report 2024
USA,USA,North America,High Income,37.09,-95.71,2009,Happiness,Social Support,0.912,score 0-1,World Happiness Report 2024
USA,USA,North America,High Income,37.09,-95.71,2010,Happiness,Social Support,0.926,score 0-1,World Happiness Report 2024
USA,USA,North America,High Income,37.09,-95.71,2011,Happiness,Social Support,0.922,score 0-1,World Happiness Report 2024
USA,USA,North America,High Income,37.09,-95.71,2012,Happiness,Social Support,0.903,score 0-1,World Happiness Report 2024
USA,USA,North America,High Income,37.09,-95.71,2013,Happiness,Social Support,0.925,score 0-1,World Happiness Report 2024
USA,USA,North America,High Income,37.09,-95.71,2014,Happiness,Social Support,0.902,score 0-1,World Happiness Report 2024
USA,USA,North America,High Income,37.09,-95.71,2015,Happiness,Social Support,0.904,score 0-1,World Happiness Report 2024
USA,USA,North America,High Income,37.09,-95.71,2016,Happiness,Social Support,0.897,score 0-1,World Happiness Report 2024
USA,USA,North America,High Income,37.09,-95.71,2017,Happiness,Social Support,0.921,score 0-1,World Happiness Report 2024
USA,USA,North America,High Income,37.09,-95.71,2018,Happiness,Social Support,0.904,score 0-1,World Happiness Report 2024
USA,USA,North America,High Income,37.09,-95.71,2019,Happiness,Social Support,0.917,score 0-1,World Happiness Report 2024
USA,USA,North America,High Income,37.09,-95.71,2020,Happiness,Social Support,0.937,score 0-1,World Happiness Report 2024
USA,USA,North America,High Income,37.09,-95.71,2021,Happiness,Social Support,0.92,score 0-1,World Happiness Report 2024
USA,USA,North America,High Income,37.09,-95.71,2022,Happiness,Social Support,0.9,score 0-1,World Happiness Report 2024
USA,USA,North America,High Income,37.09,-95.71,2023,Happiness,Social Support,0.861,score 0-1,World Happiness Report 2024
Australia,AUS,Oceania,High Income,-25.27,133.77,2000,SDG Goals,SDG Goal 11: Sustainable Cities,82.2,score 0-100,SDG Index 2000-2022
Australia,AUS,Oceania,High Income,-25.27,133.77,2001,SDG Goals,SDG Goal 11: Sustainable Cities,82.2,score 0-100,SDG Index 2000-2022
Australia,AUS,Oceania,High Income,-25.27,133.77,2002,SDG Goals,SDG Goal 11: Sustainable Cities,82.2,score 0-100,SDG Index 2000-2022
Australia,AUS,Oceania,High Income,-25.27,133.77,2003,SDG Goals,SDG Goal 11: Sustainable Cities,82.3,score 0-100,SDG Index 2000-2022
Australia,AUS,Oceania,High Income,-25.27,133.77,2004,SDG Goals,SDG Goal 11: Sustainable Cities,82.4,score 0-100,SDG Index 2000-2022
Australia,AUS,Oceania,High Income,-25.27,133.77,2005,SDG Goals,SDG Goal 11: Sustainable Cities,82.5,score 0-100,SDG Index 2000-2022
Australia,AUS,Oceania,High Income,-25.27,133.77,2006,SDG Goals,SDG Goal 11: Sustainable Cities,82.6,score 0-100,SDG Index 2000-2022
Australia,AUS,Oceania,High Income,-25.27,133.77,2007,SDG Goals,SDG Goal 11: Sustainable Cities,82.3,score 0-100,SDG Index 2000-2022
Australia,AUS,Oceania,High Income,-25.27,133.77,2008,SDG Goals,SDG Goal 11: Sustainable Cities,81.6,score 0-100,SDG Index 2000-2022
Australia,AUS,Oceania,High Income,-25.27,133.77,2009,SDG Goals,SDG Goal 11: Sustainable Cities,81.7,score 0-100,SDG Index 2000-2022
Australia,AUS,Oceania,High Income,-25.27,133.77,2010,SDG Goals,SDG Goal 11: Sustainable Cities,84.6,score 0-100,SDG Index 2000-2022
Australia,AUS,Oceania,High Income,-25.27,133.77,2011,SDG Goals,SDG Goal 11: Sustainable Cities,82.5,score 0-100,SDG Index 2000-2022
Australia,AUS,Oceania,High Income,-25.27,133.77,2012,SDG Goals,SDG Goal 11: Sustainable Cities,84.4,score 0-100,SDG Index 2000-2022
Australia,AUS,Oceania,High Income,-25.27,133.77,2013,SDG Goals,SDG Goal 11: Sustainable Cities,85.0,score 0-100,SDG Index 2000-2022
Australia,AUS,Oceania,High Income,-25.27,133.77,2014,SDG Goals,SDG Goal 11: Sustainable Cities,84.5,score 0-100,SDG Index 2000-2022
Australia,AUS,Oceania,High Income,-25.27,133.77,2015,SDG Goals,SDG Goal 11: Sustainable Cities,86.7,score 0-100,SDG Index 2000-2022
Australia,AUS,Oceania,High Income,-25.27,133.77,2016,SDG Goals,SDG Goal 11: Sustainable Cities,85.6,score 0-100,SDG Index 2000-2022
Australia,AUS,Oceania,High Income,-25.27,133.77,2017,SDG Goals,SDG Goal 11: Sustainable Cities,87.7,score 0-100,SDG Index 2000-2022
Australia,AUS,Oceania,High Income,-25.27,133.77,2018,SDG Goals,SDG Goal 11: Sustainable Cities,85.3,score 0-100,SDG Index 2000-2022
Australia,AUS,Oceania,High Income,-25.27,133.77,2019,SDG Goals,SDG Goal 11: Sustainable Cities,87.0,score 0-100,SDG Index 2000-2022
Australia,AUS,Oceania,High Income,-25.27,133.77,2020,SDG Goals,SDG Goal 11: Sustainable Cities,89.0,score 0-100,SDG Index 2000-2022
Australia,AUS,Oceania,High Income,-25.27,133.77,2021,SDG Goals,SDG Goal 11: Sustainable Cities,89.4,score 0-100,SDG Index 2000-2022
Australia,AUS,Oceania,High Income,-25.27,133.77,2022,SDG Goals,SDG Goal 11: Sustainable Cities,88.2,score 0-100,SDG Index 2000-2022
Brazil,BRA,South America,Upper Middle Income,-14.24,-51.93,2000,SDG Goals,SDG Goal 11: Sustainable Cities,75.2,score 0-100,SDG Index 2000-2022
Brazil,BRA,South America,Upper Middle Income,-14.24,-51.93,2001,SDG Goals,SDG Goal 11: Sustainable Cities,75.3,score 0-100,SDG Index 2000-2022
Brazil,BRA,South America,Upper Middle Income,-14.24,-51.93,2002,SDG Goals,SDG Goal 11: Sustainable Cities,76.3,score 0-100,SDG Index 2000-2022
Brazil,BRA,South America,Upper Middle Income,-14.24,-51.93,2003,SDG Goals,SDG Goal 11: Sustainable Cities,76.3,score 0-100,SDG Index 2000-2022
Brazil,BRA,South America,Upper Middle Income,-14.24,-51.93,2004,SDG Goals,SDG Goal 11: Sustainable Cities,77.3,score 0-100,SDG Index 2000-2022
Brazil,BRA,South America,Upper Middle Income,-14.24,-51.93,2005,SDG Goals,SDG Goal 11: Sustainable Cities,77.5,score 0-100,SDG Index 2000-2022
Brazil,BRA,South America,Upper Middle Income,-14.24,-51.93,2006,SDG Goals,SDG Goal 11: Sustainable Cities,78.5,score 0-100,SDG Index 2000-2022
Brazil,BRA,South America,Upper Middle Income,-14.24,-51.93,2007,SDG Goals,SDG Goal 11: Sustainable Cities,80.2,score 0-100,SDG Index 2000-2022
Brazil,BRA,South America,Upper Middle Income,-14.24,-51.93,2008,SDG Goals,SDG Goal 11: Sustainable Cities,78.3,score 0-100,SDG Index 2000-2022
Brazil,BRA,South America,Upper Middle Income,-14.24,-51.93,2009,SDG Goals,SDG Goal 11: Sustainable Cities,77.2,score 0-100,SDG Index 2000-2022
Brazil,BRA,South America,Upper Middle Income,-14.24,-51.93,2010,SDG Goals,SDG Goal 11: Sustainable Cities,80.5,score 0-100,SDG Index 2000-2022
Brazil,BRA,South America,Upper Middle Income,-14.24,-51.93,2011,SDG Goals,SDG Goal 11: Sustainable Cities,76.9,score 0-100,SDG Index 2000-2022
Brazil,BRA,South America,Upper Middle Income,-14.24,-51.93,2012,SDG Goals,SDG Goal 11: Sustainable Cities,78.5,score 0-100,SDG Index 2000-2022
Brazil,BRA,South America,Upper Middle Income,-14.24,-51.93,2013,SDG Goals,SDG Goal 11: Sustainable Cities,76.8,score 0-100,SDG Index 2000-2022
Brazil,BRA,South America,Upper Middle Income,-14.24,-51.93,2014,SDG Goals,SDG Goal 11: Sustainable Cities,75.4,score 0-100,SDG Index 2000-2022
Brazil,BRA,South America,Upper Middle Income,-14.24,-51.93,2015,SDG Goals,SDG Goal 11: Sustainable Cities,79.6,score 0-100,SDG Index 2000-2022
Brazil,BRA,South America,Upper Middle Income,-14.24,-51.93,2016,SDG Goals,SDG Goal 11: Sustainable Cities,79.2,score 0-100,SDG Index 2000-2022
Brazil,BRA,South America,Upper Middle Income,-14.24,-51.93,2017,SDG Goals,SDG Goal 11: Sustainable Cities,80.1,score 0-100,SDG Index 2000-2022
Brazil,BRA,South America,Upper Middle Income,-14.24,-51.93,2018,SDG Goals,SDG Goal 11: Sustainable Cities,79.9,score 0-100,SDG Index 2000-2022
Brazil,BRA,South America,Upper Middle Income,-14.24,-51.93,2019,SDG Goals,SDG Goal 11: Sustainable Cities,80.9,score 0-100,SDG Index 2000-2022
Brazil,BRA,South America,Upper Middle Income,-14.24,-51.93,2020,SDG Goals,SDG Goal 11: Sustainable Cities,76.4,score 0-100,SDG Index 2000-2022
Brazil,BRA,South America,Upper Middle Income,-14.24,-51.93,2021,SDG Goals,SDG Goal 11: Sustainable Cities,78.4,score 0-100,SDG Index 2000-2022
Brazil,BRA,South America,Upper Middle Income,-14.24,-51.93,2022,SDG Goals,SDG Goal 11: Sustainable Cities,80.9,score 0-100,SDG Index 2000-2022
Canada,CAN,North America,High Income,56.13,-106.35,2000,SDG Goals,SDG Goal 11: Sustainable Cities,89.3,score 0-100,SDG Index 2000-2022
Canada,CAN,North America,High Income,56.13,-106.35,2001,SDG Goals,SDG Goal 11: Sustainable Cities,89.3,score 0-100,SDG Index 2000-2022
Canada,CAN,North America,High Income,56.13,-106.35,2002,SDG Goals,SDG Goal 11: Sustainable Cities,89.3,score 0-100,SDG Index 2000-2022
Canada,CAN,North America,High Income,56.13,-106.35,2003,SDG Goals,SDG Goal 11: Sustainable Cities,89.3,score 0-100,SDG Index 2000-2022
Canada,CAN,North America,High Income,56.13,-106.35,2004,SDG Goals,SDG Goal 11: Sustainable Cities,89.3,score 0-100,SDG Index 2000-2022
Canada,CAN,North America,High Income,56.13,-106.35,2005,SDG Goals,SDG Goal 11: Sustainable Cities,89.2,score 0-100,SDG Index 2000-2022
Canada,CAN,North America,High Income,56.13,-106.35,2006,SDG Goals,SDG Goal 11: Sustainable Cities,89.2,score 0-100,SDG Index 2000-2022
Canada,CAN,North America,High Income,56.13,-106.35,2007,SDG Goals,SDG Goal 11: Sustainable Cities,88.4,score 0-100,SDG Index 2000-2022
Canada,CAN,North America,High Income,56.13,-106.35,2008,SDG Goals,SDG Goal 11: Sustainable Cities,87.9,score 0-100,SDG Index 2000-2022
Canada,CAN,North America,High Income,56.13,-106.35,2009,SDG Goals,SDG Goal 11: Sustainable Cities,89.6,score 0-100,SDG Index 2000-2022
Canada,CAN,North America,High Income,56.13,-106.35,2010,SDG Goals,SDG Goal 11: Sustainable Cities,88.8,score 0-100,SDG Index 2000-2022
Canada,CAN,North America,High Income,56.13,-106.35,2011,SDG Goals,SDG Goal 11: Sustainable Cities,90.8,score 0-100,SDG Index 2000-2022
Canada,CAN,North America,High Income,56.13,-106.35,2012,SDG Goals,SDG Goal 11: Sustainable Cities,89.7,score 0-100,SDG Index 2000-2022
Canada,CAN,North America,High Income,56.13,-106.35,2013,SDG Goals,SDG Goal 11: Sustainable Cities,89.4,score 0-100,SDG Index 2000-2022
Canada,CAN,North America,High Income,56.13,-106.35,2014,SDG Goals,SDG Goal 11: Sustainable Cities,90.3,score 0-100,SDG Index 2000-2022
Canada,CAN,North America,High Income,56.13,-106.35,2015,SDG Goals,SDG Goal 11: Sustainable Cities,90.8,score 0-100,SDG Index 2000-2022
Canada,CAN,North America,High Income,56.13,-106.35,2016,SDG Goals,SDG Goal 11: Sustainable Cities,88.5,score 0-100,SDG Index 2000-2022
Canada,CAN,North America,High Income,56.13,-106.35,2017,SDG Goals,SDG Goal 11: Sustainable Cities,91.0,score 0-100,SDG Index 2000-2022
Canada,CAN,North America,High Income,56.13,-106.35,2018,SDG Goals,SDG Goal 11: Sustainable Cities,90.2,score 0-100,SDG Index 2000-2022
Canada,CAN,North America,High Income,56.13,-106.35,2019,SDG Goals,SDG Goal 11: Sustainable Cities,90.6,score 0-100,SDG Index 2000-2022
Canada,CAN,North America,High Income,56.13,-106.35,2020,SDG Goals,SDG Goal 11: Sustainable Cities,92.7,score 0-100,SDG Index 2000-2022
Canada,CAN,North America,High Income,56.13,-106.35,2021,SDG Goals,SDG Goal 11: Sustainable Cities,89.4,score 0-100,SDG Index 2000-2022
Canada,CAN,North America,High Income,56.13,-106.35,2022,SDG Goals,SDG Goal 11: Sustainable Cities,90.6,score 0-100,SDG Index 2000-2022
France,FRA,Europe,High Income,46.23,2.21,2000,SDG Goals,SDG Goal 11: Sustainable Cities,87.8,score 0-100,SDG Index 2000-2022
France,FRA,Europe,High Income,46.23,2.21,2001,SDG Goals,SDG Goal 11: Sustainable Cities,87.8,score 0-100,SDG Index 2000-2022
France,FRA,Europe,High Income,46.23,2.21,2002,SDG Goals,SDG Goal 11: Sustainable Cities,87.8,score 0-100,SDG Index 2000-2022
France,FRA,Europe,High Income,46.23,2.21,2003,SDG Goals,SDG Goal 11: Sustainable Cities,87.8,score 0-100,SDG Index 2000-2022
France,FRA,Europe,High Income,46.23,2.21,2004,SDG Goals,SDG Goal 11: Sustainable Cities,87.8,score 0-100,SDG Index 2000-2022
France,FRA,Europe,High Income,46.23,2.21,2005,SDG Goals,SDG Goal 11: Sustainable Cities,87.9,score 0-100,SDG Index 2000-2022
France,FRA,Europe,High Income,46.23,2.21,2006,SDG Goals,SDG Goal 11: Sustainable Cities,87.9,score 0-100,SDG Index 2000-2022
France,FRA,Europe,High Income,46.23,2.21,2007,SDG Goals,SDG Goal 11: Sustainable Cities,83.4,score 0-100,SDG Index 2000-2022
France,FRA,Europe,High Income,46.23,2.21,2008,SDG Goals,SDG Goal 11: Sustainable Cities,86.6,score 0-100,SDG Index 2000-2022
France,FRA,Europe,High Income,46.23,2.21,2009,SDG Goals,SDG Goal 11: Sustainable Cities,88.7,score 0-100,SDG Index 2000-2022
France,FRA,Europe,High Income,46.23,2.21,2010,SDG Goals,SDG Goal 11: Sustainable Cities,89.8,score 0-100,SDG Index 2000-2022
France,FRA,Europe,High Income,46.23,2.21,2011,SDG Goals,SDG Goal 11: Sustainable Cities,89.0,score 0-100,SDG Index 2000-2022
France,FRA,Europe,High Income,46.23,2.21,2012,SDG Goals,SDG Goal 11: Sustainable Cities,88.5,score 0-100,SDG Index 2000-2022
France,FRA,Europe,High Income,46.23,2.21,2013,SDG Goals,SDG Goal 11: Sustainable Cities,89.0,score 0-100,SDG Index 2000-2022
France,FRA,Europe,High Income,46.23,2.21,2014,SDG Goals,SDG Goal 11: Sustainable Cities,93.4,score 0-100,SDG Index 2000-2022
France,FRA,Europe,High Income,46.23,2.21,2015,SDG Goals,SDG Goal 11: Sustainable Cities,94.5,score 0-100,SDG Index 2000-2022
France,FRA,Europe,High Income,46.23,2.21,2016,SDG Goals,SDG Goal 11: Sustainable Cities,93.1,score 0-100,SDG Index 2000-2022
France,FRA,Europe,High Income,46.23,2.21,2017,SDG Goals,SDG Goal 11: Sustainable Cities,92.3,score 0-100,SDG Index 2000-2022
France,FRA,Europe,High Income,46.23,2.21,2018,SDG Goals,SDG Goal 11: Sustainable Cities,90.4,score 0-100,SDG Index 2000-2022
France,FRA,Europe,High Income,46.23,2.21,2019,SDG Goals,SDG Goal 11: Sustainable Cities,92.6,score 0-100,SDG Index 2000-2022
France,FRA,Europe,High Income,46.23,2.21,2020,SDG Goals,SDG Goal 11: Sustainable Cities,89.3,score 0-100,SDG Index 2000-2022
France,FRA,Europe,High Income,46.23,2.21,2021,SDG Goals,SDG Goal 11: Sustainable Cities,90.5,score 0-100,SDG Index 2000-2022
France,FRA,Europe,High Income,46.23,2.21,2022,SDG Goals,SDG Goal 11: Sustainable Cities,90.5,score 0-100,SDG Index 2000-2022
Germany,DEU,Europe,High Income,51.17,10.45,2000,SDG Goals,SDG Goal 11: Sustainable Cities,89.1,score 0-100,SDG Index 2000-2022
Germany,DEU,Europe,High Income,51.17,10.45,2001,SDG Goals,SDG Goal 11: Sustainable Cities,89.1,score 0-100,SDG Index 2000-2022
Germany,DEU,Europe,High Income,51.17,10.45,2002,SDG Goals,SDG Goal 11: Sustainable Cities,89.1,score 0-100,SDG Index 2000-2022
Germany,DEU,Europe,High Income,51.17,10.45,2003,SDG Goals,SDG Goal 11: Sustainable Cities,89.1,score 0-100,SDG Index 2000-2022
Germany,DEU,Europe,High Income,51.17,10.45,2004,SDG Goals,SDG Goal 11: Sustainable Cities,89.1,score 0-100,SDG Index 2000-2022
Germany,DEU,Europe,High Income,51.17,10.45,2005,SDG Goals,SDG Goal 11: Sustainable Cities,89.3,score 0-100,SDG Index 2000-2022
Germany,DEU,Europe,High Income,51.17,10.45,2006,SDG Goals,SDG Goal 11: Sustainable Cities,89.3,score 0-100,SDG Index 2000-2022
Germany,DEU,Europe,High Income,51.17,10.45,2007,SDG Goals,SDG Goal 11: Sustainable Cities,88.5,score 0-100,SDG Index 2000-2022
Germany,DEU,Europe,High Income,51.17,10.45,2008,SDG Goals,SDG Goal 11: Sustainable Cities,87.8,score 0-100,SDG Index 2000-2022
Germany,DEU,Europe,High Income,51.17,10.45,2009,SDG Goals,SDG Goal 11: Sustainable Cities,88.2,score 0-100,SDG Index 2000-2022
Germany,DEU,Europe,High Income,51.17,10.45,2010,SDG Goals,SDG Goal 11: Sustainable Cities,89.6,score 0-100,SDG Index 2000-2022
Germany,DEU,Europe,High Income,51.17,10.45,2011,SDG Goals,SDG Goal 11: Sustainable Cities,91.0,score 0-100,SDG Index 2000-2022
Germany,DEU,Europe,High Income,51.17,10.45,2012,SDG Goals,SDG Goal 11: Sustainable Cities,90.6,score 0-100,SDG Index 2000-2022
Germany,DEU,Europe,High Income,51.17,10.45,2013,SDG Goals,SDG Goal 11: Sustainable Cities,91.9,score 0-100,SDG Index 2000-2022
Germany,DEU,Europe,High Income,51.17,10.45,2014,SDG Goals,SDG Goal 11: Sustainable Cities,89.2,score 0-100,SDG Index 2000-2022
Germany,DEU,Europe,High Income,51.17,10.45,2015,SDG Goals,SDG Goal 11: Sustainable Cities,95.7,score 0-100,SDG Index 2000-2022
Germany,DEU,Europe,High Income,51.17,10.45,2016,SDG Goals,SDG Goal 11: Sustainable Cities,95.2,score 0-100,SDG Index 2000-2022
Germany,DEU,Europe,High Income,51.17,10.45,2017,SDG Goals,SDG Goal 11: Sustainable Cities,93.9,score 0-100,SDG Index 2000-2022
Germany,DEU,Europe,High Income,51.17,10.45,2018,SDG Goals,SDG Goal 11: Sustainable Cities,93.2,score 0-100,SDG Index 2000-2022
Germany,DEU,Europe,High Income,51.17,10.45,2019,SDG Goals,SDG Goal 11: Sustainable Cities,92.1,score 0-100,SDG Index 2000-2022
Germany,DEU,Europe,High Income,51.17,10.45,2020,SDG Goals,SDG Goal 11: Sustainable Cities,91.3,score 0-100,SDG Index 2000-2022
Germany,DEU,Europe,High Income,51.17,10.45,2021,SDG Goals,SDG Goal 11: Sustainable Cities,90.9,score 0-100,SDG Index 2000-2022
Germany,DEU,Europe,High Income,51.17,10.45,2022,SDG Goals,SDG Goal 11: Sustainable Cities,90.1,score 0-100,SDG Index 2000-2022
India,IND,Asia,Lower Middle Income,20.59,78.96,2000,SDG Goals,SDG Goal 11: Sustainable Cities,47.5,score 0-100,SDG Index 2000-2022
India,IND,Asia,Lower Middle Income,20.59,78.96,2001,SDG Goals,SDG Goal 11: Sustainable Cities,47.4,score 0-100,SDG Index 2000-2022
India,IND,Asia,Lower Middle Income,20.59,78.96,2002,SDG Goals,SDG Goal 11: Sustainable Cities,47.5,score 0-100,SDG Index 2000-2022
India,IND,Asia,Lower Middle Income,20.59,78.96,2003,SDG Goals,SDG Goal 11: Sustainable Cities,47.4,score 0-100,SDG Index 2000-2022
India,IND,Asia,Lower Middle Income,20.59,78.96,2004,SDG Goals,SDG Goal 11: Sustainable Cities,47.5,score 0-100,SDG Index 2000-2022
India,IND,Asia,Lower Middle Income,20.59,78.96,2005,SDG Goals,SDG Goal 11: Sustainable Cities,46.6,score 0-100,SDG Index 2000-2022
India,IND,Asia,Lower Middle Income,20.59,78.96,2006,SDG Goals,SDG Goal 11: Sustainable Cities,46.7,score 0-100,SDG Index 2000-2022
India,IND,Asia,Lower Middle Income,20.59,78.96,2007,SDG Goals,SDG Goal 11: Sustainable Cities,45.0,score 0-100,SDG Index 2000-2022
India,IND,Asia,Lower Middle Income,20.59,78.96,2008,SDG Goals,SDG Goal 11: Sustainable Cities,46.7,score 0-100,SDG Index 2000-2022
India,IND,Asia,Lower Middle Income,20.59,78.96,2009,SDG Goals,SDG Goal 11: Sustainable Cities,46.6,score 0-100,SDG Index 2000-2022
India,IND,Asia,Lower Middle Income,20.59,78.96,2010,SDG Goals,SDG Goal 11: Sustainable Cities,45.9,score 0-100,SDG Index 2000-2022
India,IND,Asia,Lower Middle Income,20.59,78.96,2011,SDG Goals,SDG Goal 11: Sustainable Cities,46.6,score 0-100,SDG Index 2000-2022
India,IND,Asia,Lower Middle Income,20.59,78.96,2012,SDG Goals,SDG Goal 11: Sustainable Cities,43.0,score 0-100,SDG Index 2000-2022
India,IND,Asia,Lower Middle Income,20.59,78.96,2013,SDG Goals,SDG Goal 11: Sustainable Cities,47.4,score 0-100,SDG Index 2000-2022
India,IND,Asia,Lower Middle Income,20.59,78.96,2014,SDG Goals,SDG Goal 11: Sustainable Cities,45.4,score 0-100,SDG Index 2000-2022
India,IND,Asia,Lower Middle Income,20.59,78.96,2015,SDG Goals,SDG Goal 11: Sustainable Cities,46.5,score 0-100,SDG Index 2000-2022
India,IND,Asia,Lower Middle Income,20.59,78.96,2016,SDG Goals,SDG Goal 11: Sustainable Cities,49.1,score 0-100,SDG Index 2000-2022
India,IND,Asia,Lower Middle Income,20.59,78.96,2017,SDG Goals,SDG Goal 11: Sustainable Cities,49.0,score 0-100,SDG Index 2000-2022
India,IND,Asia,Lower Middle Income,20.59,78.96,2018,SDG Goals,SDG Goal 11: Sustainable Cities,48.2,score 0-100,SDG Index 2000-2022
India,IND,Asia,Lower Middle Income,20.59,78.96,2019,SDG Goals,SDG Goal 11: Sustainable Cities,48.9,score 0-100,SDG Index 2000-2022
India,IND,Asia,Lower Middle Income,20.59,78.96,2020,SDG Goals,SDG Goal 11: Sustainable Cities,52.1,score 0-100,SDG Index 2000-2022
India,IND,Asia,Lower Middle Income,20.59,78.96,2021,SDG Goals,SDG Goal 11: Sustainable Cities,46.4,score 0-100,SDG Index 2000-2022
India,IND,Asia,Lower Middle Income,20.59,78.96,2022,SDG Goals,SDG Goal 11: Sustainable Cities,50.0,score 0-100,SDG Index 2000-2022
Japan,JPN,Asia,High Income,36.2,138.25,2000,SDG Goals,SDG Goal 11: Sustainable Cities,89.4,score 0-100,SDG Index 2000-2022
Japan,JPN,Asia,High Income,36.2,138.25,2001,SDG Goals,SDG Goal 11: Sustainable Cities,89.4,score 0-100,SDG Index 2000-2022
Japan,JPN,Asia,High Income,36.2,138.25,2002,SDG Goals,SDG Goal 11: Sustainable Cities,89.4,score 0-100,SDG Index 2000-2022
Japan,JPN,Asia,High Income,36.2,138.25,2003,SDG Goals,SDG Goal 11: Sustainable Cities,89.4,score 0-100,SDG Index 2000-2022
Japan,JPN,Asia,High Income,36.2,138.25,2004,SDG Goals,SDG Goal 11: Sustainable Cities,89.4,score 0-100,SDG Index 2000-2022
Japan,JPN,Asia,High Income,36.2,138.25,2005,SDG Goals,SDG Goal 11: Sustainable Cities,89.4,score 0-100,SDG Index 2000-2022
Japan,JPN,Asia,High Income,36.2,138.25,2006,SDG Goals,SDG Goal 11: Sustainable Cities,89.4,score 0-100,SDG Index 2000-2022
Japan,JPN,Asia,High Income,36.2,138.25,2007,SDG Goals,SDG Goal 11: Sustainable Cities,88.3,score 0-100,SDG Index 2000-2022
Japan,JPN,Asia,High Income,36.2,138.25,2008,SDG Goals,SDG Goal 11: Sustainable Cities,84.5,score 0-100,SDG Index 2000-2022
Japan,JPN,Asia,High Income,36.2,138.25,2009,SDG Goals,SDG Goal 11: Sustainable Cities,85.6,score 0-100,SDG Index 2000-2022
Japan,JPN,Asia,High Income,36.2,138.25,2010,SDG Goals,SDG Goal 11: Sustainable Cities,86.2,score 0-100,SDG Index 2000-2022
Japan,JPN,Asia,High Income,36.2,138.25,2011,SDG Goals,SDG Goal 11: Sustainable Cities,86.7,score 0-100,SDG Index 2000-2022
Japan,JPN,Asia,High Income,36.2,138.25,2012,SDG Goals,SDG Goal 11: Sustainable Cities,87.1,score 0-100,SDG Index 2000-2022
Japan,JPN,Asia,High Income,36.2,138.25,2013,SDG Goals,SDG Goal 11: Sustainable Cities,83.8,score 0-100,SDG Index 2000-2022
Japan,JPN,Asia,High Income,36.2,138.25,2014,SDG Goals,SDG Goal 11: Sustainable Cities,85.2,score 0-100,SDG Index 2000-2022
Japan,JPN,Asia,High Income,36.2,138.25,2015,SDG Goals,SDG Goal 11: Sustainable Cities,82.5,score 0-100,SDG Index 2000-2022
Japan,JPN,Asia,High Income,36.2,138.25,2016,SDG Goals,SDG Goal 11: Sustainable Cities,85.1,score 0-100,SDG Index 2000-2022
Japan,JPN,Asia,High Income,36.2,138.25,2017,SDG Goals,SDG Goal 11: Sustainable Cities,83.4,score 0-100,SDG Index 2000-2022
Japan,JPN,Asia,High Income,36.2,138.25,2018,SDG Goals,SDG Goal 11: Sustainable Cities,83.5,score 0-100,SDG Index 2000-2022
Japan,JPN,Asia,High Income,36.2,138.25,2019,SDG Goals,SDG Goal 11: Sustainable Cities,84.8,score 0-100,SDG Index 2000-2022
Japan,JPN,Asia,High Income,36.2,138.25,2020,SDG Goals,SDG Goal 11: Sustainable Cities,85.8,score 0-100,SDG Index 2000-2022
Japan,JPN,Asia,High Income,36.2,138.25,2021,SDG Goals,SDG Goal 11: Sustainable Cities,86.9,score 0-100,SDG Index 2000-2022
Japan,JPN,Asia,High Income,36.2,138.25,2022,SDG Goals,SDG Goal 11: Sustainable Cities,84.2,score 0-100,SDG Index 2000-2022
South Korea,KOR,Asia,High Income,35.91,127.77,2000,SDG Goals,SDG Goal 11: Sustainable Cities,80.2,score 0-100,SDG Index 2000-2022
South Korea,KOR,Asia,High Income,35.91,127.77,2001,SDG Goals,SDG Goal 11: Sustainable Cities,80.2,score 0-100,SDG Index 2000-2022
South Korea,KOR,Asia,High Income,35.91,127.77,2002,SDG Goals,SDG Goal 11: Sustainable Cities,80.2,score 0-100,SDG Index 2000-2022
South Korea,KOR,Asia,High Income,35.91,127.77,2003,SDG Goals,SDG Goal 11: Sustainable Cities,80.2,score 0-100,SDG Index 2000-2022
South Korea,KOR,Asia,High Income,35.91,127.77,2004,SDG Goals,SDG Goal 11: Sustainable Cities,80.2,score 0-100,SDG Index 2000-2022
South Korea,KOR,Asia,High Income,35.91,127.77,2005,SDG Goals,SDG Goal 11: Sustainable Cities,80.0,score 0-100,SDG Index 2000-2022
South Korea,KOR,Asia,High Income,35.91,127.77,2006,SDG Goals,SDG Goal 11: Sustainable Cities,80.0,score 0-100,SDG Index 2000-2022
South Korea,KOR,Asia,High Income,35.91,127.77,2007,SDG Goals,SDG Goal 11: Sustainable Cities,80.0,score 0-100,SDG Index 2000-2022
South Korea,KOR,Asia,High Income,35.91,127.77,2008,SDG Goals,SDG Goal 11: Sustainable Cities,82.7,score 0-100,SDG Index 2000-2022
South Korea,KOR,Asia,High Income,35.91,127.77,2009,SDG Goals,SDG Goal 11: Sustainable Cities,80.5,score 0-100,SDG Index 2000-2022
South Korea,KOR,Asia,High Income,35.91,127.77,2010,SDG Goals,SDG Goal 11: Sustainable Cities,84.0,score 0-100,SDG Index 2000-2022
South Korea,KOR,Asia,High Income,35.91,127.77,2011,SDG Goals,SDG Goal 11: Sustainable Cities,83.4,score 0-100,SDG Index 2000-2022
South Korea,KOR,Asia,High Income,35.91,127.77,2012,SDG Goals,SDG Goal 11: Sustainable Cities,84.2,score 0-100,SDG Index 2000-2022
South Korea,KOR,Asia,High Income,35.91,127.77,2013,SDG Goals,SDG Goal 11: Sustainable Cities,84.3,score 0-100,SDG Index 2000-2022
South Korea,KOR,Asia,High Income,35.91,127.77,2014,SDG Goals,SDG Goal 11: Sustainable Cities,81.8,score 0-100,SDG Index 2000-2022
South Korea,KOR,Asia,High Income,35.91,127.77,2015,SDG Goals,SDG Goal 11: Sustainable Cities,85.2,score 0-100,SDG Index 2000-2022
South Korea,KOR,Asia,High Income,35.91,127.77,2016,SDG Goals,SDG Goal 11: Sustainable Cities,86.5,score 0-100,SDG Index 2000-2022
South Korea,KOR,Asia,High Income,35.91,127.77,2017,SDG Goals,SDG Goal 11: Sustainable Cities,88.1,score 0-100,SDG Index 2000-2022
South Korea,KOR,Asia,High Income,35.91,127.77,2018,SDG Goals,SDG Goal 11: Sustainable Cities,87.3,score 0-100,SDG Index 2000-2022
South Korea,KOR,Asia,High Income,35.91,127.77,2019,SDG Goals,SDG Goal 11: Sustainable Cities,87.6,score 0-100,SDG Index 2000-2022
South Korea,KOR,Asia,High Income,35.91,127.77,2020,SDG Goals,SDG Goal 11: Sustainable Cities,86.5,score 0-100,SDG Index 2000-2022
South Korea,KOR,Asia,High Income,35.91,127.77,2021,SDG Goals,SDG Goal 11: Sustainable Cities,88.7,score 0-100,SDG Index 2000-2022
South Korea,KOR,Asia,High Income,35.91,127.77,2022,SDG Goals,SDG Goal 11: Sustainable Cities,87.0,score 0-100,SDG Index 2000-2022
UK,GBR,Europe,High Income,55.38,-3.44,2000,SDG Goals,SDG Goal 11: Sustainable Cities,87.7,score 0-100,SDG Index 2000-2022
UK,GBR,Europe,High Income,55.38,-3.44,2001,SDG Goals,SDG Goal 11: Sustainable Cities,87.7,score 0-100,SDG Index 2000-2022
UK,GBR,Europe,High Income,55.38,-3.44,2002,SDG Goals,SDG Goal 11: Sustainable Cities,87.7,score 0-100,SDG Index 2000-2022
UK,GBR,Europe,High Income,55.38,-3.44,2003,SDG Goals,SDG Goal 11: Sustainable Cities,87.7,score 0-100,SDG Index 2000-2022
UK,GBR,Europe,High Income,55.38,-3.44,2004,SDG Goals,SDG Goal 11: Sustainable Cities,87.7,score 0-100,SDG Index 2000-2022
UK,GBR,Europe,High Income,55.38,-3.44,2005,SDG Goals,SDG Goal 11: Sustainable Cities,87.7,score 0-100,SDG Index 2000-2022
UK,GBR,Europe,High Income,55.38,-3.44,2006,SDG Goals,SDG Goal 11: Sustainable Cities,87.7,score 0-100,SDG Index 2000-2022
UK,GBR,Europe,High Income,55.38,-3.44,2007,SDG Goals,SDG Goal 11: Sustainable Cities,88.5,score 0-100,SDG Index 2000-2022
UK,GBR,Europe,High Income,55.38,-3.44,2008,SDG Goals,SDG Goal 11: Sustainable Cities,88.9,score 0-100,SDG Index 2000-2022
UK,GBR,Europe,High Income,55.38,-3.44,2009,SDG Goals,SDG Goal 11: Sustainable Cities,91.8,score 0-100,SDG Index 2000-2022
UK,GBR,Europe,High Income,55.38,-3.44,2010,SDG Goals,SDG Goal 11: Sustainable Cities,91.4,score 0-100,SDG Index 2000-2022
UK,GBR,Europe,High Income,55.38,-3.44,2011,SDG Goals,SDG Goal 11: Sustainable Cities,93.7,score 0-100,SDG Index 2000-2022
UK,GBR,Europe,High Income,55.38,-3.44,2012,SDG Goals,SDG Goal 11: Sustainable Cities,93.2,score 0-100,SDG Index 2000-2022
UK,GBR,Europe,High Income,55.38,-3.44,2013,SDG Goals,SDG Goal 11: Sustainable Cities,93.7,score 0-100,SDG Index 2000-2022
UK,GBR,Europe,High Income,55.38,-3.44,2014,SDG Goals,SDG Goal 11: Sustainable Cities,93.5,score 0-100,SDG Index 2000-2022
UK,GBR,Europe,High Income,55.38,-3.44,2015,SDG Goals,SDG Goal 11: Sustainable Cities,96.0,score 0-100,SDG Index 2000-2022
UK,GBR,Europe,High Income,55.38,-3.44,2016,SDG Goals,SDG Goal 11: Sustainable Cities,94.4,score 0-100,SDG Index 2000-2022
UK,GBR,Europe,High Income,55.38,-3.44,2017,SDG Goals,SDG Goal 11: Sustainable Cities,94.0,score 0-100,SDG Index 2000-2022
UK,GBR,Europe,High Income,55.38,-3.44,2018,SDG Goals,SDG Goal 11: Sustainable Cities,93.3,score 0-100,SDG Index 2000-2022
UK,GBR,Europe,High Income,55.38,-3.44,2019,SDG Goals,SDG Goal 11: Sustainable Cities,93.7,score 0-100,SDG Index 2000-2022
UK,GBR,Europe,High Income,55.38,-3.44,2020,SDG Goals,SDG Goal 11: Sustainable Cities,93.3,score 0-100,SDG Index 2000-2022
UK,GBR,Europe,High Income,55.38,-3.44,2021,SDG Goals,SDG Goal 11: Sustainable Cities,92.9,score 0-100,SDG Index 2000-2022
UK,GBR,Europe,High Income,55.38,-3.44,2022,SDG Goals,SDG Goal 11: Sustainable Cities,91.3,score 0-100,SDG Index 2000-2022
USA,USA,North America,High Income,37.09,-95.71,2000,SDG Goals,SDG Goal 11: Sustainable Cities,86.1,score 0-100,SDG Index 2000-2022
USA,USA,North America,High Income,37.09,-95.71,2001,SDG Goals,SDG Goal 11: Sustainable Cities,86.1,score 0-100,SDG Index 2000-2022
USA,USA,North America,High Income,37.09,-95.71,2002,SDG Goals,SDG Goal 11: Sustainable Cities,86.1,score 0-100,SDG Index 2000-2022
USA,USA,North America,High Income,37.09,-95.71,2003,SDG Goals,SDG Goal 11: Sustainable Cities,86.1,score 0-100,SDG Index 2000-2022
USA,USA,North America,High Income,37.09,-95.71,2004,SDG Goals,SDG Goal 11: Sustainable Cities,86.1,score 0-100,SDG Index 2000-2022
USA,USA,North America,High Income,37.09,-95.71,2005,SDG Goals,SDG Goal 11: Sustainable Cities,86.1,score 0-100,SDG Index 2000-2022
USA,USA,North America,High Income,37.09,-95.71,2006,SDG Goals,SDG Goal 11: Sustainable Cities,86.1,score 0-100,SDG Index 2000-2022
USA,USA,North America,High Income,37.09,-95.71,2007,SDG Goals,SDG Goal 11: Sustainable Cities,87.3,score 0-100,SDG Index 2000-2022
USA,USA,North America,High Income,37.09,-95.71,2008,SDG Goals,SDG Goal 11: Sustainable Cities,83.2,score 0-100,SDG Index 2000-2022
USA,USA,North America,High Income,37.09,-95.71,2009,SDG Goals,SDG Goal 11: Sustainable Cities,87.7,score 0-100,SDG Index 2000-2022
USA,USA,North America,High Income,37.09,-95.71,2010,SDG Goals,SDG Goal 11: Sustainable Cities,88.2,score 0-100,SDG Index 2000-2022
USA,USA,North America,High Income,37.09,-95.71,2011,SDG Goals,SDG Goal 11: Sustainable Cities,90.1,score 0-100,SDG Index 2000-2022
USA,USA,North America,High Income,37.09,-95.71,2012,SDG Goals,SDG Goal 11: Sustainable Cities,88.7,score 0-100,SDG Index 2000-2022
USA,USA,North America,High Income,37.09,-95.71,2013,SDG Goals,SDG Goal 11: Sustainable Cities,88.8,score 0-100,SDG Index 2000-2022
USA,USA,North America,High Income,37.09,-95.71,2014,SDG Goals,SDG Goal 11: Sustainable Cities,89.3,score 0-100,SDG Index 2000-2022
USA,USA,North America,High Income,37.09,-95.71,2015,SDG Goals,SDG Goal 11: Sustainable Cities,88.6,score 0-100,SDG Index 2000-2022
USA,USA,North America,High Income,37.09,-95.71,2016,SDG Goals,SDG Goal 11: Sustainable Cities,89.2,score 0-100,SDG Index 2000-2022
USA,USA,North America,High Income,37.09,-95.71,2017,SDG Goals,SDG Goal 11: Sustainable Cities,90.4,score 0-100,SDG Index 2000-2022
USA,USA,North America,High Income,37.09,-95.71,2018,SDG Goals,SDG Goal 11: Sustainable Cities,86.8,score 0-100,SDG Index 2000-2022
USA,USA,North America,High Income,37.09,-95.71,2019,SDG Goals,SDG Goal 11: Sustainable Cities,92.2,score 0-100,SDG Index 2000-2022
USA,USA,North America,High Income,37.09,-95.71,2020,SDG Goals,SDG Goal 11: Sustainable Cities,92.6,score 0-100,SDG Index 2000-2022
USA,USA,North America,High Income,37.09,-95.71,2021,SDG Goals,SDG Goal 11: Sustainable Cities,90.6,score 0-100,SDG Index 2000-2022
USA,USA,North America,High Income,37.09,-95.71,2022,SDG Goals,SDG Goal 11: Sustainable Cities,89.3,score 0-100,SDG Index 2000-2022
Australia,AUS,Oceania,High Income,-25.27,133.77,2000,SDG Goals,SDG Goal 12: Responsible Consumption,47.0,score 0-100,SDG Index 2000-2022
Australia,AUS,Oceania,High Income,-25.27,133.77,2001,SDG Goals,SDG Goal 12: Responsible Consumption,47.5,score 0-100,SDG Index 2000-2022
Australia,AUS,Oceania,High Income,-25.27,133.77,2002,SDG Goals,SDG Goal 12: Responsible Consumption,46.5,score 0-100,SDG Index 2000-2022
Australia,AUS,Oceania,High Income,-25.27,133.77,2003,SDG Goals,SDG Goal 12: Responsible Consumption,45.8,score 0-100,SDG Index 2000-2022
Australia,AUS,Oceania,High Income,-25.27,133.77,2004,SDG Goals,SDG Goal 12: Responsible Consumption,45.1,score 0-100,SDG Index 2000-2022
Australia,AUS,Oceania,High Income,-25.27,133.77,2005,SDG Goals,SDG Goal 12: Responsible Consumption,45.1,score 0-100,SDG Index 2000-2022
Australia,AUS,Oceania,High Income,-25.27,133.77,2006,SDG Goals,SDG Goal 12: Responsible Consumption,45.0,score 0-100,SDG Index 2000-2022
Australia,AUS,Oceania,High Income,-25.27,133.77,2007,SDG Goals,SDG Goal 12: Responsible Consumption,44.7,score 0-100,SDG Index 2000-2022
Australia,AUS,Oceania,High Income,-25.27,133.77,2008,SDG Goals,SDG Goal 12: Responsible Consumption,45.2,score 0-100,SDG Index 2000-2022
Australia,AUS,Oceania,High Income,-25.27,133.77,2009,SDG Goals,SDG Goal 12: Responsible Consumption,45.8,score 0-100,SDG Index 2000-2022
Australia,AUS,Oceania,High Income,-25.27,133.77,2010,SDG Goals,SDG Goal 12: Responsible Consumption,45.1,score 0-100,SDG Index 2000-2022
Australia,AUS,Oceania,High Income,-25.27,133.77,2011,SDG Goals,SDG Goal 12: Responsible Consumption,44.5,score 0-100,SDG Index 2000-2022
Australia,AUS,Oceania,High Income,-25.27,133.77,2012,SDG Goals,SDG Goal 12: Responsible Consumption,44.5,score 0-100,SDG Index 2000-2022
Australia,AUS,Oceania,High Income,-25.27,133.77,2013,SDG Goals,SDG Goal 12: Responsible Consumption,44.9,score 0-100,SDG Index 2000-2022
Australia,AUS,Oceania,High Income,-25.27,133.77,2014,SDG Goals,SDG Goal 12: Responsible Consumption,45.4,score 0-100,SDG Index 2000-2022
Australia,AUS,Oceania,High Income,-25.27,133.77,2015,SDG Goals,SDG Goal 12: Responsible Consumption,46.4,score 0-100,SDG Index 2000-2022
Australia,AUS,Oceania,High Income,-25.27,133.77,2016,SDG Goals,SDG Goal 12: Responsible Consumption,46.3,score 0-100,SDG Index 2000-2022
Australia,AUS,Oceania,High Income,-25.27,133.77,2017,SDG Goals,SDG Goal 12: Responsible Consumption,46.1,score 0-100,SDG Index 2000-2022
Australia,AUS,Oceania,High Income,-25.27,133.77,2018,SDG Goals,SDG Goal 12: Responsible Consumption,46.8,score 0-100,SDG Index 2000-2022
Australia,AUS,Oceania,High Income,-25.27,133.77,2019,SDG Goals,SDG Goal 12: Responsible Consumption,46.7,score 0-100,SDG Index 2000-2022
Australia,AUS,Oceania,High Income,-25.27,133.77,2020,SDG Goals,SDG Goal 12: Responsible Consumption,46.7,score 0-100,SDG Index 2000-2022
Australia,AUS,Oceania,High Income,-25.27,133.77,2021,SDG Goals,SDG Goal 12: Responsible Consumption,52.3,score 0-100,SDG Index 2000-2022
Australia,AUS,Oceania,High Income,-25.27,133.77,2022,SDG Goals,SDG Goal 12: Responsible Consumption,52.3,score 0-100,SDG Index 2000-2022
Brazil,BRA,South America,Upper Middle Income,-14.24,-51.93,2000,SDG Goals,SDG Goal 12: Responsible Consumption,85.4,score 0-100,SDG Index 2000-2022
Brazil,BRA,South America,Upper Middle Income,-14.24,-51.93,2001,SDG Goals,SDG Goal 12: Responsible Consumption,85.5,score 0-100,SDG Index 2000-2022
Brazil,BRA,South America,Upper Middle Income,-14.24,-51.93,2002,SDG Goals,SDG Goal 12: Responsible Consumption,85.5,score 0-100,SDG Index 2000-2022
Brazil,BRA,South America,Upper Middle Income,-14.24,-51.93,2003,SDG Goals,SDG Goal 12: Responsible Consumption,85.2,score 0-100,SDG Index 2000-2022
Brazil,BRA,South America,Upper Middle Income,-14.24,-51.93,2004,SDG Goals,SDG Goal 12: Responsible Consumption,85.1,score 0-100,SDG Index 2000-2022
Brazil,BRA,South America,Upper Middle Income,-14.24,-51.93,2005,SDG Goals,SDG Goal 12: Responsible Consumption,85.1,score 0-100,SDG Index 2000-2022
Brazil,BRA,South America,Upper Middle Income,-14.24,-51.93,2006,SDG Goals,SDG Goal 12: Responsible Consumption,85.0,score 0-100,SDG Index 2000-2022
Brazil,BRA,South America,Upper Middle Income,-14.24,-51.93,2007,SDG Goals,SDG Goal 12: Responsible Consumption,84.6,score 0-100,SDG Index 2000-2022
Brazil,BRA,South America,Upper Middle Income,-14.24,-51.93,2008,SDG Goals,SDG Goal 12: Responsible Consumption,84.4,score 0-100,SDG Index 2000-2022
Brazil,BRA,South America,Upper Middle Income,-14.24,-51.93,2009,SDG Goals,SDG Goal 12: Responsible Consumption,84.6,score 0-100,SDG Index 2000-2022
Brazil,BRA,South America,Upper Middle Income,-14.24,-51.93,2010,SDG Goals,SDG Goal 12: Responsible Consumption,84.1,score 0-100,SDG Index 2000-2022
Brazil,BRA,South America,Upper Middle Income,-14.24,-51.93,2011,SDG Goals,SDG Goal 12: Responsible Consumption,83.9,score 0-100,SDG Index 2000-2022
Brazil,BRA,South America,Upper Middle Income,-14.24,-51.93,2012,SDG Goals,SDG Goal 12: Responsible Consumption,83.9,score 0-100,SDG Index 2000-2022
Brazil,BRA,South America,Upper Middle Income,-14.24,-51.93,2013,SDG Goals,SDG Goal 12: Responsible Consumption,83.8,score 0-100,SDG Index 2000-2022
Brazil,BRA,South America,Upper Middle Income,-14.24,-51.93,2014,SDG Goals,SDG Goal 12: Responsible Consumption,83.8,score 0-100,SDG Index 2000-2022
Brazil,BRA,South America,Upper Middle Income,-14.24,-51.93,2015,SDG Goals,SDG Goal 12: Responsible Consumption,84.1,score 0-100,SDG Index 2000-2022
Brazil,BRA,South America,Upper Middle Income,-14.24,-51.93,2016,SDG Goals,SDG Goal 12: Responsible Consumption,84.0,score 0-100,SDG Index 2000-2022
Brazil,BRA,South America,Upper Middle Income,-14.24,-51.93,2017,SDG Goals,SDG Goal 12: Responsible Consumption,83.8,score 0-100,SDG Index 2000-2022
Brazil,BRA,South America,Upper Middle Income,-14.24,-51.93,2018,SDG Goals,SDG Goal 12: Responsible Consumption,83.7,score 0-100,SDG Index 2000-2022
Brazil,BRA,South America,Upper Middle Income,-14.24,-51.93,2019,SDG Goals,SDG Goal 12: Responsible Consumption,83.5,score 0-100,SDG Index 2000-2022
Brazil,BRA,South America,Upper Middle Income,-14.24,-51.93,2020,SDG Goals,SDG Goal 12: Responsible Consumption,83.5,score 0-100,SDG Index 2000-2022
Brazil,BRA,South America,Upper Middle Income,-14.24,-51.93,2021,SDG Goals,SDG Goal 12: Responsible Consumption,83.5,score 0-100,SDG Index 2000-2022
Brazil,BRA,South America,Upper Middle Income,-14.24,-51.93,2022,SDG Goals,SDG Goal 12: Responsible Consumption,83.5,score 0-100,SDG Index 2000-2022
Canada,CAN,North America,High Income,56.13,-106.35,2000,SDG Goals,SDG Goal 12: Responsible Consumption,49.2,score 0-100,SDG Index 2000-2022
Canada,CAN,North America,High Income,56.13,-106.35,2001,SDG Goals,SDG Goal 12: Responsible Consumption,49.2,score 0-100,SDG Index 2000-2022
Canada,CAN,North America,High Income,56.13,-106.35,2002,SDG Goals,SDG Goal 12: Responsible Consumption,49.9,score 0-100,SDG Index 2000-2022
Canada,CAN,North America,High Income,56.13,-106.35,2003,SDG Goals,SDG Goal 12: Responsible Consumption,48.9,score 0-100,SDG Index 2000-2022
Canada,CAN,North America,High Income,56.13,-106.35,2004,SDG Goals,SDG Goal 12: Responsible Consumption,49.5,score 0-100,SDG Index 2000-2022
Canada,CAN,North America,High Income,56.13,-106.35,2005,SDG Goals,SDG Goal 12: Responsible Consumption,49.4,score 0-100,SDG Index 2000-2022
Canada,CAN,North America,High Income,56.13,-106.35,2006,SDG Goals,SDG Goal 12: Responsible Consumption,49.1,score 0-100,SDG Index 2000-2022
Canada,CAN,North America,High Income,56.13,-106.35,2007,SDG Goals,SDG Goal 12: Responsible Consumption,48.4,score 0-100,SDG Index 2000-2022
Canada,CAN,North America,High Income,56.13,-106.35,2008,SDG Goals,SDG Goal 12: Responsible Consumption,49.4,score 0-100,SDG Index 2000-2022
Canada,CAN,North America,High Income,56.13,-106.35,2009,SDG Goals,SDG Goal 12: Responsible Consumption,51.3,score 0-100,SDG Index 2000-2022
Canada,CAN,North America,High Income,56.13,-106.35,2010,SDG Goals,SDG Goal 12: Responsible Consumption,50.4,score 0-100,SDG Index 2000-2022
Canada,CAN,North America,High Income,56.13,-106.35,2011,SDG Goals,SDG Goal 12: Responsible Consumption,49.7,score 0-100,SDG Index 2000-2022
Canada,CAN,North America,High Income,56.13,-106.35,2012,SDG Goals,SDG Goal 12: Responsible Consumption,49.6,score 0-100,SDG Index 2000-2022
Canada,CAN,North America,High Income,56.13,-106.35,2013,SDG Goals,SDG Goal 12: Responsible Consumption,50.1,score 0-100,SDG Index 2000-2022
Canada,CAN,North America,High Income,56.13,-106.35,2014,SDG Goals,SDG Goal 12: Responsible Consumption,50.4,score 0-100,SDG Index 2000-2022
Canada,CAN,North America,High Income,56.13,-106.35,2015,SDG Goals,SDG Goal 12: Responsible Consumption,50.9,score 0-100,SDG Index 2000-2022
Canada,CAN,North America,High Income,56.13,-106.35,2016,SDG Goals,SDG Goal 12: Responsible Consumption,51.2,score 0-100,SDG Index 2000-2022
Canada,CAN,North America,High Income,56.13,-106.35,2017,SDG Goals,SDG Goal 12: Responsible Consumption,51.8,score 0-100,SDG Index 2000-2022
Canada,CAN,North America,High Income,56.13,-106.35,2018,SDG Goals,SDG Goal 12: Responsible Consumption,51.7,score 0-100,SDG Index 2000-2022
Canada,CAN,North America,High Income,56.13,-106.35,2019,SDG Goals,SDG Goal 12: Responsible Consumption,51.7,score 0-100,SDG Index 2000-2022
Canada,CAN,North America,High Income,56.13,-106.35,2020,SDG Goals,SDG Goal 12: Responsible Consumption,51.7,score 0-100,SDG Index 2000-2022
Canada,CAN,North America,High Income,56.13,-106.35,2021,SDG Goals,SDG Goal 12: Responsible Consumption,51.7,score 0-100,SDG Index 2000-2022
Canada,CAN,North America,High Income,56.13,-106.35,2022,SDG Goals,SDG Goal 12: Responsible Consumption,51.7,score 0-100,SDG Index 2000-2022
France,FRA,Europe,High Income,46.23,2.21,2000,SDG Goals,SDG Goal 12: Responsible Consumption,56.4,score 0-100,SDG Index 2000-2022
France,FRA,Europe,High Income,46.23,2.21,2001,SDG Goals,SDG Goal 12: Responsible Consumption,56.2,score 0-100,SDG Index 2000-2022
France,FRA,Europe,High Income,46.23,2.21,2002,SDG Goals,SDG Goal 12: Responsible Consumption,56.6,score 0-100,SDG Index 2000-2022
France,FRA,Europe,High Income,46.23,2.21,2003,SDG Goals,SDG Goal 12: Responsible Consumption,56.7,score 0-100,SDG Index 2000-2022
France,FRA,Europe,High Income,46.23,2.21,2004,SDG Goals,SDG Goal 12: Responsible Consumption,56.7,score 0-100,SDG Index 2000-2022
France,FRA,Europe,High Income,46.23,2.21,2005,SDG Goals,SDG Goal 12: Responsible Consumption,57.3,score 0-100,SDG Index 2000-2022
France,FRA,Europe,High Income,46.23,2.21,2006,SDG Goals,SDG Goal 12: Responsible Consumption,57.5,score 0-100,SDG Index 2000-2022
France,FRA,Europe,High Income,46.23,2.21,2007,SDG Goals,SDG Goal 12: Responsible Consumption,57.1,score 0-100,SDG Index 2000-2022
France,FRA,Europe,High Income,46.23,2.21,2008,SDG Goals,SDG Goal 12: Responsible Consumption,57.8,score 0-100,SDG Index 2000-2022
France,FRA,Europe,High Income,46.23,2.21,2009,SDG Goals,SDG Goal 12: Responsible Consumption,58.6,score 0-100,SDG Index 2000-2022
France,FRA,Europe,High Income,46.23,2.21,2010,SDG Goals,SDG Goal 12: Responsible Consumption,58.3,score 0-100,SDG Index 2000-2022
France,FRA,Europe,High Income,46.23,2.21,2011,SDG Goals,SDG Goal 12: Responsible Consumption,58.6,score 0-100,SDG Index 2000-2022
France,FRA,Europe,High Income,46.23,2.21,2012,SDG Goals,SDG Goal 12: Responsible Consumption,59.0,score 0-100,SDG Index 2000-2022
France,FRA,Europe,High Income,46.23,2.21,2013,SDG Goals,SDG Goal 12: Responsible Consumption,58.9,score 0-100,SDG Index 2000-2022
France,FRA,Europe,High Income,46.23,2.21,2014,SDG Goals,SDG Goal 12: Responsible Consumption,59.0,score 0-100,SDG Index 2000-2022
France,FRA,Europe,High Income,46.23,2.21,2015,SDG Goals,SDG Goal 12: Responsible Consumption,59.3,score 0-100,SDG Index 2000-2022
France,FRA,Europe,High Income,46.23,2.21,2016,SDG Goals,SDG Goal 12: Responsible Consumption,59.1,score 0-100,SDG Index 2000-2022
France,FRA,Europe,High Income,46.23,2.21,2017,SDG Goals,SDG Goal 12: Responsible Consumption,59.0,score 0-100,SDG Index 2000-2022
France,FRA,Europe,High Income,46.23,2.21,2018,SDG Goals,SDG Goal 12: Responsible Consumption,58.9,score 0-100,SDG Index 2000-2022
France,FRA,Europe,High Income,46.23,2.21,2019,SDG Goals,SDG Goal 12: Responsible Consumption,58.8,score 0-100,SDG Index 2000-2022
France,FRA,Europe,High Income,46.23,2.21,2020,SDG Goals,SDG Goal 12: Responsible Consumption,58.8,score 0-100,SDG Index 2000-2022
France,FRA,Europe,High Income,46.23,2.21,2021,SDG Goals,SDG Goal 12: Responsible Consumption,60.5,score 0-100,SDG Index 2000-2022
France,FRA,Europe,High Income,46.23,2.21,2022,SDG Goals,SDG Goal 12: Responsible Consumption,60.5,score 0-100,SDG Index 2000-2022
Germany,DEU,Europe,High Income,51.17,10.45,2000,SDG Goals,SDG Goal 12: Responsible Consumption,51.5,score 0-100,SDG Index 2000-2022
Germany,DEU,Europe,High Income,51.17,10.45,2001,SDG Goals,SDG Goal 12: Responsible Consumption,51.8,score 0-100,SDG Index 2000-2022
Germany,DEU,Europe,High Income,51.17,10.45,2002,SDG Goals,SDG Goal 12: Responsible Consumption,52.0,score 0-100,SDG Index 2000-2022
Germany,DEU,Europe,High Income,51.17,10.45,2003,SDG Goals,SDG Goal 12: Responsible Consumption,51.6,score 0-100,SDG Index 2000-2022
Germany,DEU,Europe,High Income,51.17,10.45,2004,SDG Goals,SDG Goal 12: Responsible Consumption,51.7,score 0-100,SDG Index 2000-2022
Germany,DEU,Europe,High Income,51.17,10.45,2005,SDG Goals,SDG Goal 12: Responsible Consumption,52.0,score 0-100,SDG Index 2000-2022
Germany,DEU,Europe,High Income,51.17,10.45,2006,SDG Goals,SDG Goal 12: Responsible Consumption,51.6,score 0-100,SDG Index 2000-2022
Germany,DEU,Europe,High Income,51.17,10.45,2007,SDG Goals,SDG Goal 12: Responsible Consumption,51.5,score 0-100,SDG Index 2000-2022
Germany,DEU,Europe,High Income,51.17,10.45,2008,SDG Goals,SDG Goal 12: Responsible Consumption,51.6,score 0-100,SDG Index 2000-2022
Germany,DEU,Europe,High Income,51.17,10.45,2009,SDG Goals,SDG Goal 12: Responsible Consumption,52.6,score 0-100,SDG Index 2000-2022
Germany,DEU,Europe,High Income,51.17,10.45,2010,SDG Goals,SDG Goal 12: Responsible Consumption,52.4,score 0-100,SDG Index 2000-2022
Germany,DEU,Europe,High Income,51.17,10.45,2011,SDG Goals,SDG Goal 12: Responsible Consumption,52.3,score 0-100,SDG Index 2000-2022
Germany,DEU,Europe,High Income,51.17,10.45,2012,SDG Goals,SDG Goal 12: Responsible Consumption,52.7,score 0-100,SDG Index 2000-2022
Germany,DEU,Europe,High Income,51.17,10.45,2013,SDG Goals,SDG Goal 12: Responsible Consumption,52.7,score 0-100,SDG Index 2000-2022
Germany,DEU,Europe,High Income,51.17,10.45,2014,SDG Goals,SDG Goal 12: Responsible Consumption,52.5,score 0-100,SDG Index 2000-2022
Germany,DEU,Europe,High Income,51.17,10.45,2015,SDG Goals,SDG Goal 12: Responsible Consumption,52.9,score 0-100,SDG Index 2000-2022
Germany,DEU,Europe,High Income,51.17,10.45,2016,SDG Goals,SDG Goal 12: Responsible Consumption,52.9,score 0-100,SDG Index 2000-2022
Germany,DEU,Europe,High Income,51.17,10.45,2017,SDG Goals,SDG Goal 12: Responsible Consumption,53.0,score 0-100,SDG Index 2000-2022
Germany,DEU,Europe,High Income,51.17,10.45,2018,SDG Goals,SDG Goal 12: Responsible Consumption,53.0,score 0-100,SDG Index 2000-2022
Germany,DEU,Europe,High Income,51.17,10.45,2019,SDG Goals,SDG Goal 12: Responsible Consumption,53.1,score 0-100,SDG Index 2000-2022
Germany,DEU,Europe,High Income,51.17,10.45,2020,SDG Goals,SDG Goal 12: Responsible Consumption,53.1,score 0-100,SDG Index 2000-2022
Germany,DEU,Europe,High Income,51.17,10.45,2021,SDG Goals,SDG Goal 12: Responsible Consumption,55.4,score 0-100,SDG Index 2000-2022
Germany,DEU,Europe,High Income,51.17,10.45,2022,SDG Goals,SDG Goal 12: Responsible Consumption,55.4,score 0-100,SDG Index 2000-2022
India,IND,Asia,Lower Middle Income,20.59,78.96,2000,SDG Goals,SDG Goal 12: Responsible Consumption,95.8,score 0-100,SDG Index 2000-2022
India,IND,Asia,Lower Middle Income,20.59,78.96,2001,SDG Goals,SDG Goal 12: Responsible Consumption,95.8,score 0-100,SDG Index 2000-2022
India,IND,Asia,Lower Middle Income,20.59,78.96,2002,SDG Goals,SDG Goal 12: Responsible Consumption,95.9,score 0-100,SDG Index 2000-2022
India,IND,Asia,Lower Middle Income,20.59,78.96,2003,SDG Goals,SDG Goal 12: Responsible Consumption,95.8,score 0-100,SDG Index 2000-2022
India,IND,Asia,Lower Middle Income,20.59,78.96,2004,SDG Goals,SDG Goal 12: Responsible Consumption,95.8,score 0-100,SDG Index 2000-2022
India,IND,Asia,Lower Middle Income,20.59,78.96,2005,SDG Goals,SDG Goal 12: Responsible Consumption,95.7,score 0-100,SDG Index 2000-2022
India,IND,Asia,Lower Middle Income,20.59,78.96,2006,SDG Goals,SDG Goal 12: Responsible Consumption,95.6,score 0-100,SDG Index 2000-2022
India,IND,Asia,Lower Middle Income,20.59,78.96,2007,SDG Goals,SDG Goal 12: Responsible Consumption,95.5,score 0-100,SDG Index 2000-2022
India,IND,Asia,Lower Middle Income,20.59,78.96,2008,SDG Goals,SDG Goal 12: Responsible Consumption,95.4,score 0-100,SDG Index 2000-2022
India,IND,Asia,Lower Middle Income,20.59,78.96,2009,SDG Goals,SDG Goal 12: Responsible Consumption,95.4,score 0-100,SDG Index 2000-2022
India,IND,Asia,Lower Middle Income,20.59,78.96,2010,SDG Goals,SDG Goal 12: Responsible Consumption,95.3,score 0-100,SDG Index 2000-2022
India,IND,Asia,Lower Middle Income,20.59,78.96,2011,SDG Goals,SDG Goal 12: Responsible Consumption,95.2,score 0-100,SDG Index 2000-2022
India,IND,Asia,Lower Middle Income,20.59,78.96,2012,SDG Goals,SDG Goal 12: Responsible Consumption,95.2,score 0-100,SDG Index 2000-2022
India,IND,Asia,Lower Middle Income,20.59,78.96,2013,SDG Goals,SDG Goal 12: Responsible Consumption,95.3,score 0-100,SDG Index 2000-2022
India,IND,Asia,Lower Middle Income,20.59,78.96,2014,SDG Goals,SDG Goal 12: Responsible Consumption,95.2,score 0-100,SDG Index 2000-2022
India,IND,Asia,Lower Middle Income,20.59,78.96,2015,SDG Goals,SDG Goal 12: Responsible Consumption,95.2,score 0-100,SDG Index 2000-2022
India,IND,Asia,Lower Middle Income,20.59,78.96,2016,SDG Goals,SDG Goal 12: Responsible Consumption,95.2,score 0-100,SDG Index 2000-2022
India,IND,Asia,Lower Middle Income,20.59,78.96,2017,SDG Goals,SDG Goal 12: Responsible Consumption,95.0,score 0-100,SDG Index 2000-2022
India,IND,Asia,Lower Middle Income,20.59,78.96,2018,SDG Goals,SDG Goal 12: Responsible Consumption,94.9,score 0-100,SDG Index 2000-2022
India,IND,Asia,Lower Middle Income,20.59,78.96,2019,SDG Goals,SDG Goal 12: Responsible Consumption,94.8,score 0-100,SDG Index 2000-2022
India,IND,Asia,Lower Middle Income,20.59,78.96,2020,SDG Goals,SDG Goal 12: Responsible Consumption,94.8,score 0-100,SDG Index 2000-2022
India,IND,Asia,Lower Middle Income,20.59,78.96,2021,SDG Goals,SDG Goal 12: Responsible Consumption,94.8,score 0-100,SDG Index 2000-2022
India,IND,Asia,Lower Middle Income,20.59,78.96,2022,SDG Goals,SDG Goal 12: Responsible Consumption,94.8,score 0-100,SDG Index 2000-2022
Japan,JPN,Asia,High Income,36.2,138.25,2000,SDG Goals,SDG Goal 12: Responsible Consumption,58.1,score 0-100,SDG Index 2000-2022
Japan,JPN,Asia,High Income,36.2,138.25,2001,SDG Goals,SDG Goal 12: Responsible Consumption,58.6,score 0-100,SDG Index 2000-2022
Japan,JPN,Asia,High Income,36.2,138.25,2002,SDG Goals,SDG Goal 12: Responsible Consumption,58.6,score 0-100,SDG Index 2000-2022
Japan,JPN,Asia,High Income,36.2,138.25,2003,SDG Goals,SDG Goal 12: Responsible Consumption,58.6,score 0-100,SDG Index 2000-2022
Japan,JPN,Asia,High Income,36.2,138.25,2004,SDG Goals,SDG Goal 12: Responsible Consumption,58.7,score 0-100,SDG Index 2000-2022
Japan,JPN,Asia,High Income,36.2,138.25,2005,SDG Goals,SDG Goal 12: Responsible Consumption,58.9,score 0-100,SDG Index 2000-2022
Japan,JPN,Asia,High Income,36.2,138.25,2006,SDG Goals,SDG Goal 12: Responsible Consumption,59.1,score 0-100,SDG Index 2000-2022
Japan,JPN,Asia,High Income,36.2,138.25,2007,SDG Goals,SDG Goal 12: Responsible Consumption,59.6,score 0-100,SDG Index 2000-2022
Japan,JPN,Asia,High Income,36.2,138.25,2008,SDG Goals,SDG Goal 12: Responsible Consumption,59.7,score 0-100,SDG Index 2000-2022
Japan,JPN,Asia,High Income,36.2,138.25,2009,SDG Goals,SDG Goal 12: Responsible Consumption,60.6,score 0-100,SDG Index 2000-2022
Japan,JPN,Asia,High Income,36.2,138.25,2010,SDG Goals,SDG Goal 12: Responsible Consumption,60.1,score 0-100,SDG Index 2000-2022
Japan,JPN,Asia,High Income,36.2,138.25,2011,SDG Goals,SDG Goal 12: Responsible Consumption,59.5,score 0-100,SDG Index 2000-2022
Japan,JPN,Asia,High Income,36.2,138.25,2012,SDG Goals,SDG Goal 12: Responsible Consumption,59.8,score 0-100,SDG Index 2000-2022
Japan,JPN,Asia,High Income,36.2,138.25,2013,SDG Goals,SDG Goal 12: Responsible Consumption,60.2,score 0-100,SDG Index 2000-2022
Japan,JPN,Asia,High Income,36.2,138.25,2014,SDG Goals,SDG Goal 12: Responsible Consumption,60.3,score 0-100,SDG Index 2000-2022
Japan,JPN,Asia,High Income,36.2,138.25,2015,SDG Goals,SDG Goal 12: Responsible Consumption,60.9,score 0-100,SDG Index 2000-2022
Japan,JPN,Asia,High Income,36.2,138.25,2016,SDG Goals,SDG Goal 12: Responsible Consumption,60.7,score 0-100,SDG Index 2000-2022
Japan,JPN,Asia,High Income,36.2,138.25,2017,SDG Goals,SDG Goal 12: Responsible Consumption,60.8,score 0-100,SDG Index 2000-2022
Japan,JPN,Asia,High Income,36.2,138.25,2018,SDG Goals,SDG Goal 12: Responsible Consumption,60.9,score 0-100,SDG Index 2000-2022
Japan,JPN,Asia,High Income,36.2,138.25,2019,SDG Goals,SDG Goal 12: Responsible Consumption,60.9,score 0-100,SDG Index 2000-2022
Japan,JPN,Asia,High Income,36.2,138.25,2020,SDG Goals,SDG Goal 12: Responsible Consumption,60.9,score 0-100,SDG Index 2000-2022
Japan,JPN,Asia,High Income,36.2,138.25,2021,SDG Goals,SDG Goal 12: Responsible Consumption,66.1,score 0-100,SDG Index 2000-2022
Japan,JPN,Asia,High Income,36.2,138.25,2022,SDG Goals,SDG Goal 12: Responsible Consumption,66.1,score 0-100,SDG Index 2000-2022
South Korea,KOR,Asia,High Income,35.91,127.77,2000,SDG Goals,SDG Goal 12: Responsible Consumption,70.3,score 0-100,SDG Index 2000-2022
South Korea,KOR,Asia,High Income,35.91,127.77,2001,SDG Goals,SDG Goal 12: Responsible Consumption,70.5,score 0-100,SDG Index 2000-2022
South Korea,KOR,Asia,High Income,35.91,127.77,2002,SDG Goals,SDG Goal 12: Responsible Consumption,70.1,score 0-100,SDG Index 2000-2022
South Korea,KOR,Asia,High Income,35.91,127.77,2003,SDG Goals,SDG Goal 12: Responsible Consumption,70.6,score 0-100,SDG Index 2000-2022
South Korea,KOR,Asia,High Income,35.91,127.77,2004,SDG Goals,SDG Goal 12: Responsible Consumption,69.9,score 0-100,SDG Index 2000-2022
South Korea,KOR,Asia,High Income,35.91,127.77,2005,SDG Goals,SDG Goal 12: Responsible Consumption,70.5,score 0-100,SDG Index 2000-2022
South Korea,KOR,Asia,High Income,35.91,127.77,2006,SDG Goals,SDG Goal 12: Responsible Consumption,69.8,score 0-100,SDG Index 2000-2022
South Korea,KOR,Asia,High Income,35.91,127.77,2007,SDG Goals,SDG Goal 12: Responsible Consumption,69.6,score 0-100,SDG Index 2000-2022
South Korea,KOR,Asia,High Income,35.91,127.77,2008,SDG Goals,SDG Goal 12: Responsible Consumption,70.6,score 0-100,SDG Index 2000-2022
South Korea,KOR,Asia,High Income,35.91,127.77,2009,SDG Goals,SDG Goal 12: Responsible Consumption,71.8,score 0-100,SDG Index 2000-2022
South Korea,KOR,Asia,High Income,35.91,127.77,2010,SDG Goals,SDG Goal 12: Responsible Consumption,71.3,score 0-100,SDG Index 2000-2022
South Korea,KOR,Asia,High Income,35.91,127.77,2011,SDG Goals,SDG Goal 12: Responsible Consumption,70.7,score 0-100,SDG Index 2000-2022
South Korea,KOR,Asia,High Income,35.91,127.77,2012,SDG Goals,SDG Goal 12: Responsible Consumption,71.2,score 0-100,SDG Index 2000-2022
South Korea,KOR,Asia,High Income,35.91,127.77,2013,SDG Goals,SDG Goal 12: Responsible Consumption,71.4,score 0-100,SDG Index 2000-2022
South Korea,KOR,Asia,High Income,35.91,127.77,2014,SDG Goals,SDG Goal 12: Responsible Consumption,71.5,score 0-100,SDG Index 2000-2022
South Korea,KOR,Asia,High Income,35.91,127.77,2015,SDG Goals,SDG Goal 12: Responsible Consumption,71.7,score 0-100,SDG Index 2000-2022
South Korea,KOR,Asia,High Income,35.91,127.77,2016,SDG Goals,SDG Goal 12: Responsible Consumption,71.5,score 0-100,SDG Index 2000-2022
South Korea,KOR,Asia,High Income,35.91,127.77,2017,SDG Goals,SDG Goal 12: Responsible Consumption,71.1,score 0-100,SDG Index 2000-2022
South Korea,KOR,Asia,High Income,35.91,127.77,2018,SDG Goals,SDG Goal 12: Responsible Consumption,70.7,score 0-100,SDG Index 2000-2022
South Korea,KOR,Asia,High Income,35.91,127.77,2019,SDG Goals,SDG Goal 12: Responsible Consumption,70.5,score 0-100,SDG Index 2000-2022
South Korea,KOR,Asia,High Income,35.91,127.77,2020,SDG Goals,SDG Goal 12: Responsible Consumption,70.5,score 0-100,SDG Index 2000-2022
South Korea,KOR,Asia,High Income,35.91,127.77,2021,SDG Goals,SDG Goal 12: Responsible Consumption,73.1,score 0-100,SDG Index 2000-2022
South Korea,KOR,Asia,High Income,35.91,127.77,2022,SDG Goals,SDG Goal 12: Responsible Consumption,73.1,score 0-100,SDG Index 2000-2022
UK,GBR,Europe,High Income,55.38,-3.44,2000,SDG Goals,SDG Goal 12: Responsible Consumption,50.2,score 0-100,SDG Index 2000-2022
UK,GBR,Europe,High Income,55.38,-3.44,2001,SDG Goals,SDG Goal 12: Responsible Consumption,50.4,score 0-100,SDG Index 2000-2022
UK,GBR,Europe,High Income,55.38,-3.44,2002,SDG Goals,SDG Goal 12: Responsible Consumption,50.4,score 0-100,SDG Index 2000-2022
UK,GBR,Europe,High Income,55.38,-3.44,2003,SDG Goals,SDG Goal 12: Responsible Consumption,50.8,score 0-100,SDG Index 2000-2022
UK,GBR,Europe,High Income,55.38,-3.44,2004,SDG Goals,SDG Goal 12: Responsible Consumption,50.5,score 0-100,SDG Index 2000-2022
UK,GBR,Europe,High Income,55.38,-3.44,2005,SDG Goals,SDG Goal 12: Responsible Consumption,50.7,score 0-100,SDG Index 2000-2022
UK,GBR,Europe,High Income,55.38,-3.44,2006,SDG Goals,SDG Goal 12: Responsible Consumption,50.5,score 0-100,SDG Index 2000-2022
UK,GBR,Europe,High Income,55.38,-3.44,2007,SDG Goals,SDG Goal 12: Responsible Consumption,51.4,score 0-100,SDG Index 2000-2022
UK,GBR,Europe,High Income,55.38,-3.44,2008,SDG Goals,SDG Goal 12: Responsible Consumption,52.3,score 0-100,SDG Index 2000-2022
UK,GBR,Europe,High Income,55.38,-3.44,2009,SDG Goals,SDG Goal 12: Responsible Consumption,53.5,score 0-100,SDG Index 2000-2022
UK,GBR,Europe,High Income,55.38,-3.44,2010,SDG Goals,SDG Goal 12: Responsible Consumption,53.7,score 0-100,SDG Index 2000-2022
UK,GBR,Europe,High Income,55.38,-3.44,2011,SDG Goals,SDG Goal 12: Responsible Consumption,53.8,score 0-100,SDG Index 2000-2022
UK,GBR,Europe,High Income,55.38,-3.44,2012,SDG Goals,SDG Goal 12: Responsible Consumption,53.8,score 0-100,SDG Index 2000-2022
UK,GBR,Europe,High Income,55.38,-3.44,2013,SDG Goals,SDG Goal 12: Responsible Consumption,53.9,score 0-100,SDG Index 2000-2022
UK,GBR,Europe,High Income,55.38,-3.44,2014,SDG Goals,SDG Goal 12: Responsible Consumption,53.9,score 0-100,SDG Index 2000-2022
UK,GBR,Europe,High Income,55.38,-3.44,2015,SDG Goals,SDG Goal 12: Responsible Consumption,54.2,score 0-100,SDG Index 2000-2022
UK,GBR,Europe,High Income,55.38,-3.44,2016,SDG Goals,SDG Goal 12: Responsible Consumption,54.5,score 0-100,SDG Index 2000-2022
UK,GBR,Europe,High Income,55.38,-3.44,2017,SDG Goals,SDG Goal 12: Responsible Consumption,54.5,score 0-100,SDG Index 2000-2022
UK,GBR,Europe,High Income,55.38,-3.44,2018,SDG Goals,SDG Goal 12: Responsible Consumption,54.2,score 0-100,SDG Index 2000-2022
UK,GBR,Europe,High Income,55.38,-3.44,2019,SDG Goals,SDG Goal 12: Responsible Consumption,54.2,score 0-100,SDG Index 2000-2022
UK,GBR,Europe,High Income,55.38,-3.44,2020,SDG Goals,SDG Goal 12: Responsible Consumption,54.2,score 0-100,SDG Index 2000-2022
UK,GBR,Europe,High Income,55.38,-3.44,2021,SDG Goals,SDG Goal 12: Responsible Consumption,63.5,score 0-100,SDG Index 2000-2022
UK,GBR,Europe,High Income,55.38,-3.44,2022,SDG Goals,SDG Goal 12: Responsible Consumption,63.5,score 0-100,SDG Index 2000-2022
USA,USA,North America,High Income,37.09,-95.71,2000,SDG Goals,SDG Goal 12: Responsible Consumption,51.3,score 0-100,SDG Index 2000-2022
USA,USA,North America,High Income,37.09,-95.71,2001,SDG Goals,SDG Goal 12: Responsible Consumption,51.7,score 0-100,SDG Index 2000-2022
USA,USA,North America,High Income,37.09,-95.71,2002,SDG Goals,SDG Goal 12: Responsible Consumption,52.0,score 0-100,SDG Index 2000-2022
USA,USA,North America,High Income,37.09,-95.71,2003,SDG Goals,SDG Goal 12: Responsible Consumption,52.0,score 0-100,SDG Index 2000-2022
USA,USA,North America,High Income,37.09,-95.71,2004,SDG Goals,SDG Goal 12: Responsible Consumption,52.0,score 0-100,SDG Index 2000-2022
USA,USA,North America,High Income,37.09,-95.71,2005,SDG Goals,SDG Goal 12: Responsible Consumption,51.8,score 0-100,SDG Index 2000-2022
USA,USA,North America,High Income,37.09,-95.71,2006,SDG Goals,SDG Goal 12: Responsible Consumption,51.7,score 0-100,SDG Index 2000-2022
USA,USA,North America,High Income,37.09,-95.71,2007,SDG Goals,SDG Goal 12: Responsible Consumption,52.1,score 0-100,SDG Index 2000-2022
USA,USA,North America,High Income,37.09,-95.71,2008,SDG Goals,SDG Goal 12: Responsible Consumption,53.2,score 0-100,SDG Index 2000-2022
USA,USA,North America,High Income,37.09,-95.71,2009,SDG Goals,SDG Goal 12: Responsible Consumption,54.5,score 0-100,SDG Index 2000-2022
USA,USA,North America,High Income,37.09,-95.71,2010,SDG Goals,SDG Goal 12: Responsible Consumption,54.2,score 0-100,SDG Index 2000-2022
USA,USA,North America,High Income,37.09,-95.71,2011,SDG Goals,SDG Goal 12: Responsible Consumption,54.3,score 0-100,SDG Index 2000-2022
USA,USA,North America,High Income,37.09,-95.71,2012,SDG Goals,SDG Goal 12: Responsible Consumption,53.9,score 0-100,SDG Index 2000-2022
USA,USA,North America,High Income,37.09,-95.71,2013,SDG Goals,SDG Goal 12: Responsible Consumption,54.2,score 0-100,SDG Index 2000-2022
USA,USA,North America,High Income,37.09,-95.71,2014,SDG Goals,SDG Goal 12: Responsible Consumption,54.3,score 0-100,SDG Index 2000-2022
USA,USA,North America,High Income,37.09,-95.71,2015,SDG Goals,SDG Goal 12: Responsible Consumption,54.4,score 0-100,SDG Index 2000-2022
USA,USA,North America,High Income,37.09,-95.71,2016,SDG Goals,SDG Goal 12: Responsible Consumption,54.2,score 0-100,SDG Index 2000-2022
USA,USA,North America,High Income,37.09,-95.71,2017,SDG Goals,SDG Goal 12: Responsible Consumption,54.3,score 0-100,SDG Index 2000-2022
USA,USA,North America,High Income,37.09,-95.71,2018,SDG Goals,SDG Goal 12: Responsible Consumption,54.4,score 0-100,SDG Index 2000-2022
USA,USA,North America,High Income,37.09,-95.71,2019,SDG Goals,SDG Goal 12: Responsible Consumption,54.3,score 0-100,SDG Index 2000-2022
USA,USA,North America,High Income,37.09,-95.71,2020,SDG Goals,SDG Goal 12: Responsible Consumption,54.3,score 0-100,SDG Index 2000-2022
USA,USA,North America,High Income,37.09,-95.71,2021,SDG Goals,SDG Goal 12: Responsible Consumption,59.9,score 0-100,SDG Index 2000-2022
USA,USA,North America,High Income,37.09,-95.71,2022,SDG Goals,SDG Goal 12: Responsible Consumption,59.9,score 0-100,SDG Index 2000-2022
Australia,AUS,Oceania,High Income,-25.27,133.77,2000,SDG Goals,SDG Goal 13: Climate Action,3.4,score 0-100,SDG Index 2000-2022
Australia,AUS,Oceania,High Income,-25.27,133.77,2001,SDG Goals,SDG Goal 13: Climate Action,3.1,score 0-100,SDG Index 2000-2022
Australia,AUS,Oceania,High Income,-25.27,133.77,2002,SDG Goals,SDG Goal 13: Climate Action,3.1,score 0-100,SDG Index 2000-2022
Australia,AUS,Oceania,High Income,-25.27,133.77,2003,SDG Goals,SDG Goal 13: Climate Action,2.8,score 0-100,SDG Index 2000-2022
Australia,AUS,Oceania,High Income,-25.27,133.77,2004,SDG Goals,SDG Goal 13: Climate Action,2.0,score 0-100,SDG Index 2000-2022
Australia,AUS,Oceania,High Income,-25.27,133.77,2005,SDG Goals,SDG Goal 13: Climate Action,2.1,score 0-100,SDG Index 2000-2022
Australia,AUS,Oceania,High Income,-25.27,133.77,2006,SDG Goals,SDG Goal 13: Climate Action,2.0,score 0-100,SDG Index 2000-2022
Australia,AUS,Oceania,High Income,-25.27,133.77,2007,SDG Goals,SDG Goal 13: Climate Action,1.9,score 0-100,SDG Index 2000-2022
Australia,AUS,Oceania,High Income,-25.27,133.77,2008,SDG Goals,SDG Goal 13: Climate Action,2.2,score 0-100,SDG Index 2000-2022
Australia,AUS,Oceania,High Income,-25.27,133.77,2009,SDG Goals,SDG Goal 13: Climate Action,2.6,score 0-100,SDG Index 2000-2022
Australia,AUS,Oceania,High Income,-25.27,133.77,2010,SDG Goals,SDG Goal 13: Climate Action,3.3,score 0-100,SDG Index 2000-2022
Australia,AUS,Oceania,High Income,-25.27,133.77,2011,SDG Goals,SDG Goal 13: Climate Action,3.0,score 0-100,SDG Index 2000-2022
Australia,AUS,Oceania,High Income,-25.27,133.77,2012,SDG Goals,SDG Goal 13: Climate Action,3.3,score 0-100,SDG Index 2000-2022
Australia,AUS,Oceania,High Income,-25.27,133.77,2013,SDG Goals,SDG Goal 13: Climate Action,4.4,score 0-100,SDG Index 2000-2022
Australia,AUS,Oceania,High Income,-25.27,133.77,2014,SDG Goals,SDG Goal 13: Climate Action,6.5,score 0-100,SDG Index 2000-2022
Australia,AUS,Oceania,High Income,-25.27,133.77,2015,SDG Goals,SDG Goal 13: Climate Action,11.1,score 0-100,SDG Index 2000-2022
Australia,AUS,Oceania,High Income,-25.27,133.77,2016,SDG Goals,SDG Goal 13: Climate Action,11.7,score 0-100,SDG Index 2000-2022
Australia,AUS,Oceania,High Income,-25.27,133.77,2017,SDG Goals,SDG Goal 13: Climate Action,10.5,score 0-100,SDG Index 2000-2022
Australia,AUS,Oceania,High Income,-25.27,133.77,2018,SDG Goals,SDG Goal 13: Climate Action,14.1,score 0-100,SDG Index 2000-2022
Australia,AUS,Oceania,High Income,-25.27,133.77,2019,SDG Goals,SDG Goal 13: Climate Action,14.6,score 0-100,SDG Index 2000-2022
Australia,AUS,Oceania,High Income,-25.27,133.77,2020,SDG Goals,SDG Goal 13: Climate Action,16.0,score 0-100,SDG Index 2000-2022
Australia,AUS,Oceania,High Income,-25.27,133.77,2021,SDG Goals,SDG Goal 13: Climate Action,16.9,score 0-100,SDG Index 2000-2022
Australia,AUS,Oceania,High Income,-25.27,133.77,2022,SDG Goals,SDG Goal 13: Climate Action,16.9,score 0-100,SDG Index 2000-2022
Brazil,BRA,South America,Upper Middle Income,-14.24,-51.93,2000,SDG Goals,SDG Goal 13: Climate Action,93.2,score 0-100,SDG Index 2000-2022
Brazil,BRA,South America,Upper Middle Income,-14.24,-51.93,2001,SDG Goals,SDG Goal 13: Climate Action,93.1,score 0-100,SDG Index 2000-2022
Brazil,BRA,South America,Upper Middle Income,-14.24,-51.93,2002,SDG Goals,SDG Goal 13: Climate Action,93.2,score 0-100,SDG Index 2000-2022
Brazil,BRA,South America,Upper Middle Income,-14.24,-51.93,2003,SDG Goals,SDG Goal 13: Climate Action,93.2,score 0-100,SDG Index 2000-2022
Brazil,BRA,South America,Upper Middle Income,-14.24,-51.93,2004,SDG Goals,SDG Goal 13: Climate Action,93.1,score 0-100,SDG Index 2000-2022
Brazil,BRA,South America,Upper Middle Income,-14.24,-51.93,2005,SDG Goals,SDG Goal 13: Climate Action,93.1,score 0-100,SDG Index 2000-2022
Brazil,BRA,South America,Upper Middle Income,-14.24,-51.93,2006,SDG Goals,SDG Goal 13: Climate Action,93.1,score 0-100,SDG Index 2000-2022
Brazil,BRA,South America,Upper Middle Income,-14.24,-51.93,2007,SDG Goals,SDG Goal 13: Climate Action,93.0,score 0-100,SDG Index 2000-2022
Brazil,BRA,South America,Upper Middle Income,-14.24,-51.93,2008,SDG Goals,SDG Goal 13: Climate Action,92.8,score 0-100,SDG Index 2000-2022
Brazil,BRA,South America,Upper Middle Income,-14.24,-51.93,2009,SDG Goals,SDG Goal 13: Climate Action,93.0,score 0-100,SDG Index 2000-2022
Brazil,BRA,South America,Upper Middle Income,-14.24,-51.93,2010,SDG Goals,SDG Goal 13: Climate Action,92.6,score 0-100,SDG Index 2000-2022
Brazil,BRA,South America,Upper Middle Income,-14.24,-51.93,2011,SDG Goals,SDG Goal 13: Climate Action,92.1,score 0-100,SDG Index 2000-2022
Brazil,BRA,South America,Upper Middle Income,-14.24,-51.93,2012,SDG Goals,SDG Goal 13: Climate Action,92.0,score 0-100,SDG Index 2000-2022
Brazil,BRA,South America,Upper Middle Income,-14.24,-51.93,2013,SDG Goals,SDG Goal 13: Climate Action,91.6,score 0-100,SDG Index 2000-2022
Brazil,BRA,South America,Upper Middle Income,-14.24,-51.93,2014,SDG Goals,SDG Goal 13: Climate Action,91.8,score 0-100,SDG Index 2000-2022
Brazil,BRA,South America,Upper Middle Income,-14.24,-51.93,2015,SDG Goals,SDG Goal 13: Climate Action,93.0,score 0-100,SDG Index 2000-2022
Brazil,BRA,South America,Upper Middle Income,-14.24,-51.93,2016,SDG Goals,SDG Goal 13: Climate Action,93.7,score 0-100,SDG Index 2000-2022
Brazil,BRA,South America,Upper Middle Income,-14.24,-51.93,2017,SDG Goals,SDG Goal 13: Climate Action,93.6,score 0-100,SDG Index 2000-2022
Brazil,BRA,South America,Upper Middle Income,-14.24,-51.93,2018,SDG Goals,SDG Goal 13: Climate Action,93.9,score 0-100,SDG Index 2000-2022
Brazil,BRA,South America,Upper Middle Income,-14.24,-51.93,2019,SDG Goals,SDG Goal 13: Climate Action,93.9,score 0-100,SDG Index 2000-2022
Brazil,BRA,South America,Upper Middle Income,-14.24,-51.93,2020,SDG Goals,SDG Goal 13: Climate Action,94.2,score 0-100,SDG Index 2000-2022
Brazil,BRA,South America,Upper Middle Income,-14.24,-51.93,2021,SDG Goals,SDG Goal 13: Climate Action,93.9,score 0-100,SDG Index 2000-2022
Brazil,BRA,South America,Upper Middle Income,-14.24,-51.93,2022,SDG Goals,SDG Goal 13: Climate Action,93.9,score 0-100,SDG Index 2000-2022
Canada,CAN,North America,High Income,56.13,-106.35,2000,SDG Goals,SDG Goal 13: Climate Action,23.4,score 0-100,SDG Index 2000-2022
Canada,CAN,North America,High Income,56.13,-106.35,2001,SDG Goals,SDG Goal 13: Climate Action,24.1,score 0-100,SDG Index 2000-2022
Canada,CAN,North America,High Income,56.13,-106.35,2002,SDG Goals,SDG Goal 13: Climate Action,24.2,score 0-100,SDG Index 2000-2022
Canada,CAN,North America,High Income,56.13,-106.35,2003,SDG Goals,SDG Goal 13: Climate Action,23.6,score 0-100,SDG Index 2000-2022
Canada,CAN,North America,High Income,56.13,-106.35,2004,SDG Goals,SDG Goal 13: Climate Action,23.9,score 0-100,SDG Index 2000-2022
Canada,CAN,North America,High Income,56.13,-106.35,2005,SDG Goals,SDG Goal 13: Climate Action,24.5,score 0-100,SDG Index 2000-2022
Canada,CAN,North America,High Income,56.13,-106.35,2006,SDG Goals,SDG Goal 13: Climate Action,25.1,score 0-100,SDG Index 2000-2022
Canada,CAN,North America,High Income,56.13,-106.35,2007,SDG Goals,SDG Goal 13: Climate Action,24.1,score 0-100,SDG Index 2000-2022
Canada,CAN,North America,High Income,56.13,-106.35,2008,SDG Goals,SDG Goal 13: Climate Action,25.2,score 0-100,SDG Index 2000-2022
Canada,CAN,North America,High Income,56.13,-106.35,2009,SDG Goals,SDG Goal 13: Climate Action,27.2,score 0-100,SDG Index 2000-2022
Canada,CAN,North America,High Income,56.13,-106.35,2010,SDG Goals,SDG Goal 13: Climate Action,26.9,score 0-100,SDG Index 2000-2022
Canada,CAN,North America,High Income,56.13,-106.35,2011,SDG Goals,SDG Goal 13: Climate Action,26.7,score 0-100,SDG Index 2000-2022
Canada,CAN,North America,High Income,56.13,-106.35,2012,SDG Goals,SDG Goal 13: Climate Action,26.9,score 0-100,SDG Index 2000-2022
Canada,CAN,North America,High Income,56.13,-106.35,2013,SDG Goals,SDG Goal 13: Climate Action,27.0,score 0-100,SDG Index 2000-2022
Canada,CAN,North America,High Income,56.13,-106.35,2014,SDG Goals,SDG Goal 13: Climate Action,28.1,score 0-100,SDG Index 2000-2022
Canada,CAN,North America,High Income,56.13,-106.35,2015,SDG Goals,SDG Goal 13: Climate Action,31.0,score 0-100,SDG Index 2000-2022
Canada,CAN,North America,High Income,56.13,-106.35,2016,SDG Goals,SDG Goal 13: Climate Action,33.0,score 0-100,SDG Index 2000-2022
Canada,CAN,North America,High Income,56.13,-106.35,2017,SDG Goals,SDG Goal 13: Climate Action,36.7,score 0-100,SDG Index 2000-2022
Canada,CAN,North America,High Income,56.13,-106.35,2018,SDG Goals,SDG Goal 13: Climate Action,37.1,score 0-100,SDG Index 2000-2022
Canada,CAN,North America,High Income,56.13,-106.35,2019,SDG Goals,SDG Goal 13: Climate Action,37.4,score 0-100,SDG Index 2000-2022
Canada,CAN,North America,High Income,56.13,-106.35,2020,SDG Goals,SDG Goal 13: Climate Action,39.9,score 0-100,SDG Index 2000-2022
Canada,CAN,North America,High Income,56.13,-106.35,2021,SDG Goals,SDG Goal 13: Climate Action,39.6,score 0-100,SDG Index 2000-2022
Canada,CAN,North America,High Income,56.13,-106.35,2022,SDG Goals,SDG Goal 13: Climate Action,39.6,score 0-100,SDG Index 2000-2022
France,FRA,Europe,High Income,46.23,2.21,2000,SDG Goals,SDG Goal 13: Climate Action,68.5,score 0-100,SDG Index 2000-2022
France,FRA,Europe,High Income,46.23,2.21,2001,SDG Goals,SDG Goal 13: Climate Action,68.4,score 0-100,SDG Index 2000-2022
France,FRA,Europe,High Income,46.23,2.21,2002,SDG Goals,SDG Goal 13: Climate Action,68.6,score 0-100,SDG Index 2000-2022
France,FRA,Europe,High Income,46.23,2.21,2003,SDG Goals,SDG Goal 13: Climate Action,68.5,score 0-100,SDG Index 2000-2022
France,FRA,Europe,High Income,46.23,2.21,2004,SDG Goals,SDG Goal 13: Climate Action,68.6,score 0-100,SDG Index 2000-2022
France,FRA,Europe,High Income,46.23,2.21,2005,SDG Goals,SDG Goal 13: Climate Action,68.6,score 0-100,SDG Index 2000-2022
France,FRA,Europe,High Income,46.23,2.21,2006,SDG Goals,SDG Goal 13: Climate Action,68.9,score 0-100,SDG Index 2000-2022
France,FRA,Europe,High Income,46.23,2.21,2007,SDG Goals,SDG Goal 13: Climate Action,69.3,score 0-100,SDG Index 2000-2022
France,FRA,Europe,High Income,46.23,2.21,2008,SDG Goals,SDG Goal 13: Climate Action,69.5,score 0-100,SDG Index 2000-2022
France,FRA,Europe,High Income,46.23,2.21,2009,SDG Goals,SDG Goal 13: Climate Action,70.1,score 0-100,SDG Index 2000-2022
France,FRA,Europe,High Income,46.23,2.21,2010,SDG Goals,SDG Goal 13: Climate Action,70.0,score 0-100,SDG Index 2000-2022
France,FRA,Europe,High Income,46.23,2.21,2011,SDG Goals,SDG Goal 13: Climate Action,69.9,score 0-100,SDG Index 2000-2022
France,FRA,Europe,High Income,46.23,2.21,2012,SDG Goals,SDG Goal 13: Climate Action,71.7,score 0-100,SDG Index 2000-2022
France,FRA,Europe,High Income,46.23,2.21,2013,SDG Goals,SDG Goal 13: Climate Action,70.9,score 0-100,SDG Index 2000-2022
France,FRA,Europe,High Income,46.23,2.21,2014,SDG Goals,SDG Goal 13: Climate Action,71.2,score 0-100,SDG Index 2000-2022
France,FRA,Europe,High Income,46.23,2.21,2015,SDG Goals,SDG Goal 13: Climate Action,72.7,score 0-100,SDG Index 2000-2022
France,FRA,Europe,High Income,46.23,2.21,2016,SDG Goals,SDG Goal 13: Climate Action,72.8,score 0-100,SDG Index 2000-2022
France,FRA,Europe,High Income,46.23,2.21,2017,SDG Goals,SDG Goal 13: Climate Action,74.3,score 0-100,SDG Index 2000-2022
France,FRA,Europe,High Income,46.23,2.21,2018,SDG Goals,SDG Goal 13: Climate Action,73.4,score 0-100,SDG Index 2000-2022
France,FRA,Europe,High Income,46.23,2.21,2019,SDG Goals,SDG Goal 13: Climate Action,73.5,score 0-100,SDG Index 2000-2022
France,FRA,Europe,High Income,46.23,2.21,2020,SDG Goals,SDG Goal 13: Climate Action,74.5,score 0-100,SDG Index 2000-2022
France,FRA,Europe,High Income,46.23,2.21,2021,SDG Goals,SDG Goal 13: Climate Action,73.8,score 0-100,SDG Index 2000-2022
France,FRA,Europe,High Income,46.23,2.21,2022,SDG Goals,SDG Goal 13: Climate Action,73.8,score 0-100,SDG Index 2000-2022
Germany,DEU,Europe,High Income,51.17,10.45,2000,SDG Goals,SDG Goal 13: Climate Action,56.9,score 0-100,SDG Index 2000-2022
Germany,DEU,Europe,High Income,51.17,10.45,2001,SDG Goals,SDG Goal 13: Climate Action,56.6,score 0-100,SDG Index 2000-2022
Germany,DEU,Europe,High Income,51.17,10.45,2002,SDG Goals,SDG Goal 13: Climate Action,56.9,score 0-100,SDG Index 2000-2022
Germany,DEU,Europe,High Income,51.17,10.45,2003,SDG Goals,SDG Goal 13: Climate Action,56.9,score 0-100,SDG Index 2000-2022
Germany,DEU,Europe,High Income,51.17,10.45,2004,SDG Goals,SDG Goal 13: Climate Action,57.1,score 0-100,SDG Index 2000-2022
Germany,DEU,Europe,High Income,51.17,10.45,2005,SDG Goals,SDG Goal 13: Climate Action,57.5,score 0-100,SDG Index 2000-2022
Germany,DEU,Europe,High Income,51.17,10.45,2006,SDG Goals,SDG Goal 13: Climate Action,57.3,score 0-100,SDG Index 2000-2022
Germany,DEU,Europe,High Income,51.17,10.45,2007,SDG Goals,SDG Goal 13: Climate Action,57.8,score 0-100,SDG Index 2000-2022
Germany,DEU,Europe,High Income,51.17,10.45,2008,SDG Goals,SDG Goal 13: Climate Action,57.8,score 0-100,SDG Index 2000-2022
Germany,DEU,Europe,High Income,51.17,10.45,2009,SDG Goals,SDG Goal 13: Climate Action,59.1,score 0-100,SDG Index 2000-2022
Germany,DEU,Europe,High Income,51.17,10.45,2010,SDG Goals,SDG Goal 13: Climate Action,58.2,score 0-100,SDG Index 2000-2022
Germany,DEU,Europe,High Income,51.17,10.45,2011,SDG Goals,SDG Goal 13: Climate Action,57.6,score 0-100,SDG Index 2000-2022
Germany,DEU,Europe,High Income,51.17,10.45,2012,SDG Goals,SDG Goal 13: Climate Action,59.8,score 0-100,SDG Index 2000-2022
Germany,DEU,Europe,High Income,51.17,10.45,2013,SDG Goals,SDG Goal 13: Climate Action,59.4,score 0-100,SDG Index 2000-2022
Germany,DEU,Europe,High Income,51.17,10.45,2014,SDG Goals,SDG Goal 13: Climate Action,59.5,score 0-100,SDG Index 2000-2022
Germany,DEU,Europe,High Income,51.17,10.45,2015,SDG Goals,SDG Goal 13: Climate Action,62.2,score 0-100,SDG Index 2000-2022
Germany,DEU,Europe,High Income,51.17,10.45,2016,SDG Goals,SDG Goal 13: Climate Action,61.0,score 0-100,SDG Index 2000-2022
Germany,DEU,Europe,High Income,51.17,10.45,2017,SDG Goals,SDG Goal 13: Climate Action,62.2,score 0-100,SDG Index 2000-2022
Germany,DEU,Europe,High Income,51.17,10.45,2018,SDG Goals,SDG Goal 13: Climate Action,62.3,score 0-100,SDG Index 2000-2022
Germany,DEU,Europe,High Income,51.17,10.45,2019,SDG Goals,SDG Goal 13: Climate Action,63.3,score 0-100,SDG Index 2000-2022
Germany,DEU,Europe,High Income,51.17,10.45,2020,SDG Goals,SDG Goal 13: Climate Action,64.7,score 0-100,SDG Index 2000-2022
Germany,DEU,Europe,High Income,51.17,10.45,2021,SDG Goals,SDG Goal 13: Climate Action,64.0,score 0-100,SDG Index 2000-2022
Germany,DEU,Europe,High Income,51.17,10.45,2022,SDG Goals,SDG Goal 13: Climate Action,64.0,score 0-100,SDG Index 2000-2022
India,IND,Asia,Lower Middle Income,20.59,78.96,2000,SDG Goals,SDG Goal 13: Climate Action,96.8,score 0-100,SDG Index 2000-2022
India,IND,Asia,Lower Middle Income,20.59,78.96,2001,SDG Goals,SDG Goal 13: Climate Action,96.8,score 0-100,SDG Index 2000-2022
India,IND,Asia,Lower Middle Income,20.59,78.96,2002,SDG Goals,SDG Goal 13: Climate Action,96.7,score 0-100,SDG Index 2000-2022
India,IND,Asia,Lower Middle Income,20.59,78.96,2003,SDG Goals,SDG Goal 13: Climate Action,96.7,score 0-100,SDG Index 2000-2022
India,IND,Asia,Lower Middle Income,20.59,78.96,2004,SDG Goals,SDG Goal 13: Climate Action,96.6,score 0-100,SDG Index 2000-2022
India,IND,Asia,Lower Middle Income,20.59,78.96,2005,SDG Goals,SDG Goal 13: Climate Action,96.5,score 0-100,SDG Index 2000-2022
India,IND,Asia,Lower Middle Income,20.59,78.96,2006,SDG Goals,SDG Goal 13: Climate Action,96.4,score 0-100,SDG Index 2000-2022
India,IND,Asia,Lower Middle Income,20.59,78.96,2007,SDG Goals,SDG Goal 13: Climate Action,96.2,score 0-100,SDG Index 2000-2022
India,IND,Asia,Lower Middle Income,20.59,78.96,2008,SDG Goals,SDG Goal 13: Climate Action,96.0,score 0-100,SDG Index 2000-2022
India,IND,Asia,Lower Middle Income,20.59,78.96,2009,SDG Goals,SDG Goal 13: Climate Action,95.8,score 0-100,SDG Index 2000-2022
India,IND,Asia,Lower Middle Income,20.59,78.96,2010,SDG Goals,SDG Goal 13: Climate Action,95.7,score 0-100,SDG Index 2000-2022
India,IND,Asia,Lower Middle Income,20.59,78.96,2011,SDG Goals,SDG Goal 13: Climate Action,95.3,score 0-100,SDG Index 2000-2022
India,IND,Asia,Lower Middle Income,20.59,78.96,2012,SDG Goals,SDG Goal 13: Climate Action,95.1,score 0-100,SDG Index 2000-2022
India,IND,Asia,Lower Middle Income,20.59,78.96,2013,SDG Goals,SDG Goal 13: Climate Action,95.2,score 0-100,SDG Index 2000-2022
India,IND,Asia,Lower Middle Income,20.59,78.96,2014,SDG Goals,SDG Goal 13: Climate Action,95.0,score 0-100,SDG Index 2000-2022
India,IND,Asia,Lower Middle Income,20.59,78.96,2015,SDG Goals,SDG Goal 13: Climate Action,94.9,score 0-100,SDG Index 2000-2022
India,IND,Asia,Lower Middle Income,20.59,78.96,2016,SDG Goals,SDG Goal 13: Climate Action,94.7,score 0-100,SDG Index 2000-2022
India,IND,Asia,Lower Middle Income,20.59,78.96,2017,SDG Goals,SDG Goal 13: Climate Action,94.6,score 0-100,SDG Index 2000-2022
India,IND,Asia,Lower Middle Income,20.59,78.96,2018,SDG Goals,SDG Goal 13: Climate Action,94.3,score 0-100,SDG Index 2000-2022
India,IND,Asia,Lower Middle Income,20.59,78.96,2019,SDG Goals,SDG Goal 13: Climate Action,94.3,score 0-100,SDG Index 2000-2022
India,IND,Asia,Lower Middle Income,20.59,78.96,2020,SDG Goals,SDG Goal 13: Climate Action,94.7,score 0-100,SDG Index 2000-2022
India,IND,Asia,Lower Middle Income,20.59,78.96,2021,SDG Goals,SDG Goal 13: Climate Action,94.3,score 0-100,SDG Index 2000-2022
India,IND,Asia,Lower Middle Income,20.59,78.96,2022,SDG Goals,SDG Goal 13: Climate Action,94.3,score 0-100,SDG Index 2000-2022
Japan,JPN,Asia,High Income,36.2,138.25,2000,SDG Goals,SDG Goal 13: Climate Action,69.5,score 0-100,SDG Index 2000-2022
Japan,JPN,Asia,High Income,36.2,138.25,2001,SDG Goals,SDG Goal 13: Climate Action,69.8,score 0-100,SDG Index 2000-2022
Japan,JPN,Asia,High Income,36.2,138.25,2002,SDG Goals,SDG Goal 13: Climate Action,69.4,score 0-100,SDG Index 2000-2022
Japan,JPN,Asia,High Income,36.2,138.25,2003,SDG Goals,SDG Goal 13: Climate Action,69.3,score 0-100,SDG Index 2000-2022
Japan,JPN,Asia,High Income,36.2,138.25,2004,SDG Goals,SDG Goal 13: Climate Action,69.4,score 0-100,SDG Index 2000-2022
Japan,JPN,Asia,High Income,36.2,138.25,2005,SDG Goals,SDG Goal 13: Climate Action,69.3,score 0-100,SDG Index 2000-2022
Japan,JPN,Asia,High Income,36.2,138.25,2006,SDG Goals,SDG Goal 13: Climate Action,69.6,score 0-100,SDG Index 2000-2022
Japan,JPN,Asia,High Income,36.2,138.25,2007,SDG Goals,SDG Goal 13: Climate Action,69.2,score 0-100,SDG Index 2000-2022
Japan,JPN,Asia,High Income,36.2,138.25,2008,SDG Goals,SDG Goal 13: Climate Action,70.1,score 0-100,SDG Index 2000-2022
Japan,JPN,Asia,High Income,36.2,138.25,2009,SDG Goals,SDG Goal 13: Climate Action,71.0,score 0-100,SDG Index 2000-2022
Japan,JPN,Asia,High Income,36.2,138.25,2010,SDG Goals,SDG Goal 13: Climate Action,70.4,score 0-100,SDG Index 2000-2022
Japan,JPN,Asia,High Income,36.2,138.25,2011,SDG Goals,SDG Goal 13: Climate Action,68.1,score 0-100,SDG Index 2000-2022
Japan,JPN,Asia,High Income,36.2,138.25,2012,SDG Goals,SDG Goal 13: Climate Action,67.5,score 0-100,SDG Index 2000-2022
Japan,JPN,Asia,High Income,36.2,138.25,2013,SDG Goals,SDG Goal 13: Climate Action,67.3,score 0-100,SDG Index 2000-2022
Japan,JPN,Asia,High Income,36.2,138.25,2014,SDG Goals,SDG Goal 13: Climate Action,67.3,score 0-100,SDG Index 2000-2022
Japan,JPN,Asia,High Income,36.2,138.25,2015,SDG Goals,SDG Goal 13: Climate Action,70.5,score 0-100,SDG Index 2000-2022
Japan,JPN,Asia,High Income,36.2,138.25,2016,SDG Goals,SDG Goal 13: Climate Action,70.5,score 0-100,SDG Index 2000-2022
Japan,JPN,Asia,High Income,36.2,138.25,2017,SDG Goals,SDG Goal 13: Climate Action,71.3,score 0-100,SDG Index 2000-2022
Japan,JPN,Asia,High Income,36.2,138.25,2018,SDG Goals,SDG Goal 13: Climate Action,72.6,score 0-100,SDG Index 2000-2022
Japan,JPN,Asia,High Income,36.2,138.25,2019,SDG Goals,SDG Goal 13: Climate Action,73.1,score 0-100,SDG Index 2000-2022
Japan,JPN,Asia,High Income,36.2,138.25,2020,SDG Goals,SDG Goal 13: Climate Action,73.9,score 0-100,SDG Index 2000-2022
Japan,JPN,Asia,High Income,36.2,138.25,2021,SDG Goals,SDG Goal 13: Climate Action,73.5,score 0-100,SDG Index 2000-2022
Japan,JPN,Asia,High Income,36.2,138.25,2022,SDG Goals,SDG Goal 13: Climate Action,73.5,score 0-100,SDG Index 2000-2022
South Korea,KOR,Asia,High Income,35.91,127.77,2000,SDG Goals,SDG Goal 13: Climate Action,74.5,score 0-100,SDG Index 2000-2022
South Korea,KOR,Asia,High Income,35.91,127.77,2001,SDG Goals,SDG Goal 13: Climate Action,74.1,score 0-100,SDG Index 2000-2022
South Korea,KOR,Asia,High Income,35.91,127.77,2002,SDG Goals,SDG Goal 13: Climate Action,73.5,score 0-100,SDG Index 2000-2022
South Korea,KOR,Asia,High Income,35.91,127.77,2003,SDG Goals,SDG Goal 13: Climate Action,73.2,score 0-100,SDG Index 2000-2022
South Korea,KOR,Asia,High Income,35.91,127.77,2004,SDG Goals,SDG Goal 13: Climate Action,73.1,score 0-100,SDG Index 2000-2022
South Korea,KOR,Asia,High Income,35.91,127.77,2005,SDG Goals,SDG Goal 13: Climate Action,72.9,score 0-100,SDG Index 2000-2022
South Korea,KOR,Asia,High Income,35.91,127.77,2006,SDG Goals,SDG Goal 13: Climate Action,72.8,score 0-100,SDG Index 2000-2022
South Korea,KOR,Asia,High Income,35.91,127.77,2007,SDG Goals,SDG Goal 13: Climate Action,72.2,score 0-100,SDG Index 2000-2022
South Korea,KOR,Asia,High Income,35.91,127.77,2008,SDG Goals,SDG Goal 13: Climate Action,71.9,score 0-100,SDG Index 2000-2022
South Korea,KOR,Asia,High Income,35.91,127.77,2009,SDG Goals,SDG Goal 13: Climate Action,71.8,score 0-100,SDG Index 2000-2022
South Korea,KOR,Asia,High Income,35.91,127.77,2010,SDG Goals,SDG Goal 13: Climate Action,69.9,score 0-100,SDG Index 2000-2022
South Korea,KOR,Asia,High Income,35.91,127.77,2011,SDG Goals,SDG Goal 13: Climate Action,67.5,score 0-100,SDG Index 2000-2022
South Korea,KOR,Asia,High Income,35.91,127.77,2012,SDG Goals,SDG Goal 13: Climate Action,67.6,score 0-100,SDG Index 2000-2022
South Korea,KOR,Asia,High Income,35.91,127.77,2013,SDG Goals,SDG Goal 13: Climate Action,67.9,score 0-100,SDG Index 2000-2022
South Korea,KOR,Asia,High Income,35.91,127.77,2014,SDG Goals,SDG Goal 13: Climate Action,68.5,score 0-100,SDG Index 2000-2022
South Korea,KOR,Asia,High Income,35.91,127.77,2015,SDG Goals,SDG Goal 13: Climate Action,69.2,score 0-100,SDG Index 2000-2022
South Korea,KOR,Asia,High Income,35.91,127.77,2016,SDG Goals,SDG Goal 13: Climate Action,69.7,score 0-100,SDG Index 2000-2022
South Korea,KOR,Asia,High Income,35.91,127.77,2017,SDG Goals,SDG Goal 13: Climate Action,68.3,score 0-100,SDG Index 2000-2022
South Korea,KOR,Asia,High Income,35.91,127.77,2018,SDG Goals,SDG Goal 13: Climate Action,67.9,score 0-100,SDG Index 2000-2022
South Korea,KOR,Asia,High Income,35.91,127.77,2019,SDG Goals,SDG Goal 13: Climate Action,68.7,score 0-100,SDG Index 2000-2022
South Korea,KOR,Asia,High Income,35.91,127.77,2020,SDG Goals,SDG Goal 13: Climate Action,70.3,score 0-100,SDG Index 2000-2022
South Korea,KOR,Asia,High Income,35.91,127.77,2021,SDG Goals,SDG Goal 13: Climate Action,69.7,score 0-100,SDG Index 2000-2022
South Korea,KOR,Asia,High Income,35.91,127.77,2022,SDG Goals,SDG Goal 13: Climate Action,69.7,score 0-100,SDG Index 2000-2022
UK,GBR,Europe,High Income,55.38,-3.44,2000,SDG Goals,SDG Goal 13: Climate Action,60.3,score 0-100,SDG Index 2000-2022
UK,GBR,Europe,High Income,55.38,-3.44,2001,SDG Goals,SDG Goal 13: Climate Action,60.1,score 0-100,SDG Index 2000-2022
UK,GBR,Europe,High Income,55.38,-3.44,2002,SDG Goals,SDG Goal 13: Climate Action,60.7,score 0-100,SDG Index 2000-2022
UK,GBR,Europe,High Income,55.38,-3.44,2003,SDG Goals,SDG Goal 13: Climate Action,60.4,score 0-100,SDG Index 2000-2022
UK,GBR,Europe,High Income,55.38,-3.44,2004,SDG Goals,SDG Goal 13: Climate Action,60.5,score 0-100,SDG Index 2000-2022
UK,GBR,Europe,High Income,55.38,-3.44,2005,SDG Goals,SDG Goal 13: Climate Action,60.7,score 0-100,SDG Index 2000-2022
UK,GBR,Europe,High Income,55.38,-3.44,2006,SDG Goals,SDG Goal 13: Climate Action,60.8,score 0-100,SDG Index 2000-2022
UK,GBR,Europe,High Income,55.38,-3.44,2007,SDG Goals,SDG Goal 13: Climate Action,61.2,score 0-100,SDG Index 2000-2022
UK,GBR,Europe,High Income,55.38,-3.44,2008,SDG Goals,SDG Goal 13: Climate Action,61.7,score 0-100,SDG Index 2000-2022
UK,GBR,Europe,High Income,55.38,-3.44,2009,SDG Goals,SDG Goal 13: Climate Action,63.2,score 0-100,SDG Index 2000-2022
UK,GBR,Europe,High Income,55.38,-3.44,2010,SDG Goals,SDG Goal 13: Climate Action,62.8,score 0-100,SDG Index 2000-2022
UK,GBR,Europe,High Income,55.38,-3.44,2011,SDG Goals,SDG Goal 13: Climate Action,63.4,score 0-100,SDG Index 2000-2022
UK,GBR,Europe,High Income,55.38,-3.44,2012,SDG Goals,SDG Goal 13: Climate Action,63.4,score 0-100,SDG Index 2000-2022
UK,GBR,Europe,High Income,55.38,-3.44,2013,SDG Goals,SDG Goal 13: Climate Action,63.3,score 0-100,SDG Index 2000-2022
UK,GBR,Europe,High Income,55.38,-3.44,2014,SDG Goals,SDG Goal 13: Climate Action,63.0,score 0-100,SDG Index 2000-2022
UK,GBR,Europe,High Income,55.38,-3.44,2015,SDG Goals,SDG Goal 13: Climate Action,63.9,score 0-100,SDG Index 2000-2022
UK,GBR,Europe,High Income,55.38,-3.44,2016,SDG Goals,SDG Goal 13: Climate Action,66.6,score 0-100,SDG Index 2000-2022
UK,GBR,Europe,High Income,55.38,-3.44,2017,SDG Goals,SDG Goal 13: Climate Action,69.2,score 0-100,SDG Index 2000-2022
UK,GBR,Europe,High Income,55.38,-3.44,2018,SDG Goals,SDG Goal 13: Climate Action,70.0,score 0-100,SDG Index 2000-2022
UK,GBR,Europe,High Income,55.38,-3.44,2019,SDG Goals,SDG Goal 13: Climate Action,70.4,score 0-100,SDG Index 2000-2022
UK,GBR,Europe,High Income,55.38,-3.44,2020,SDG Goals,SDG Goal 13: Climate Action,71.4,score 0-100,SDG Index 2000-2022
UK,GBR,Europe,High Income,55.38,-3.44,2021,SDG Goals,SDG Goal 13: Climate Action,70.9,score 0-100,SDG Index 2000-2022
UK,GBR,Europe,High Income,55.38,-3.44,2022,SDG Goals,SDG Goal 13: Climate Action,70.9,score 0-100,SDG Index 2000-2022
USA,USA,North America,High Income,37.09,-95.71,2000,SDG Goals,SDG Goal 13: Climate Action,42.7,score 0-100,SDG Index 2000-2022
USA,USA,North America,High Income,37.09,-95.71,2001,SDG Goals,SDG Goal 13: Climate Action,42.7,score 0-100,SDG Index 2000-2022
USA,USA,North America,High Income,37.09,-95.71,2002,SDG Goals,SDG Goal 13: Climate Action,42.7,score 0-100,SDG Index 2000-2022
USA,USA,North America,High Income,37.09,-95.71,2003,SDG Goals,SDG Goal 13: Climate Action,42.7,score 0-100,SDG Index 2000-2022
USA,USA,North America,High Income,37.09,-95.71,2004,SDG Goals,SDG Goal 13: Climate Action,42.7,score 0-100,SDG Index 2000-2022
USA,USA,North America,High Income,37.09,-95.71,2005,SDG Goals,SDG Goal 13: Climate Action,42.7,score 0-100,SDG Index 2000-2022
USA,USA,North America,High Income,37.09,-95.71,2006,SDG Goals,SDG Goal 13: Climate Action,42.7,score 0-100,SDG Index 2000-2022
USA,USA,North America,High Income,37.09,-95.71,2007,SDG Goals,SDG Goal 13: Climate Action,42.7,score 0-100,SDG Index 2000-2022
USA,USA,North America,High Income,37.09,-95.71,2008,SDG Goals,SDG Goal 13: Climate Action,43.6,score 0-100,SDG Index 2000-2022
USA,USA,North America,High Income,37.09,-95.71,2009,SDG Goals,SDG Goal 13: Climate Action,46.3,score 0-100,SDG Index 2000-2022
USA,USA,North America,High Income,37.09,-95.71,2010,SDG Goals,SDG Goal 13: Climate Action,45.5,score 0-100,SDG Index 2000-2022
USA,USA,North America,High Income,37.09,-95.71,2011,SDG Goals,SDG Goal 13: Climate Action,47.1,score 0-100,SDG Index 2000-2022
USA,USA,North America,High Income,37.09,-95.71,2012,SDG Goals,SDG Goal 13: Climate Action,47.9,score 0-100,SDG Index 2000-2022
USA,USA,North America,High Income,37.09,-95.71,2013,SDG Goals,SDG Goal 13: Climate Action,48.0,score 0-100,SDG Index 2000-2022
USA,USA,North America,High Income,37.09,-95.71,2014,SDG Goals,SDG Goal 13: Climate Action,48.1,score 0-100,SDG Index 2000-2022
USA,USA,North America,High Income,37.09,-95.71,2015,SDG Goals,SDG Goal 13: Climate Action,49.1,score 0-100,SDG Index 2000-2022
USA,USA,North America,High Income,37.09,-95.71,2016,SDG Goals,SDG Goal 13: Climate Action,50.0,score 0-100,SDG Index 2000-2022
USA,USA,North America,High Income,37.09,-95.71,2017,SDG Goals,SDG Goal 13: Climate Action,50.2,score 0-100,SDG Index 2000-2022
USA,USA,North America,High Income,37.09,-95.71,2018,SDG Goals,SDG Goal 13: Climate Action,50.3,score 0-100,SDG Index 2000-2022
USA,USA,North America,High Income,37.09,-95.71,2019,SDG Goals,SDG Goal 13: Climate Action,51.0,score 0-100,SDG Index 2000-2022
USA,USA,North America,High Income,37.09,-95.71,2020,SDG Goals,SDG Goal 13: Climate Action,53.9,score 0-100,SDG Index 2000-2022
USA,USA,North America,High Income,37.09,-95.71,2021,SDG Goals,SDG Goal 13: Climate Action,52.5,score 0-100,SDG Index 2000-2022
USA,USA,North America,High Income,37.09,-95.71,2022,SDG Goals,SDG Goal 13: Climate Action,52.5,score 0-100,SDG Index 2000-2022
Australia,AUS,Oceania,High Income,-25.27,133.77,2000,SDG Goals,SDG Goal 15: Life on Land,59.3,score 0-100,SDG Index 2000-2022
Australia,AUS,Oceania,High Income,-25.27,133.77,2001,SDG Goals,SDG Goal 15: Life on Land,59.2,score 0-100,SDG Index 2000-2022
Australia,AUS,Oceania,High Income,-25.27,133.77,2002,SDG Goals,SDG Goal 15: Life on Land,60.1,score 0-100,SDG Index 2000-2022
Australia,AUS,Oceania,High Income,-25.27,133.77,2003,SDG Goals,SDG Goal 15: Life on Land,60.1,score 0-100,SDG Index 2000-2022
Australia,AUS,Oceania,High Income,-25.27,133.77,2004,SDG Goals,SDG Goal 15: Life on Land,60.1,score 0-100,SDG Index 2000-2022
Australia,AUS,Oceania,High Income,-25.27,133.77,2005,SDG Goals,SDG Goal 15: Life on Land,60.0,score 0-100,SDG Index 2000-2022
Australia,AUS,Oceania,High Income,-25.27,133.77,2006,SDG Goals,SDG Goal 15: Life on Land,60.2,score 0-100,SDG Index 2000-2022
Australia,AUS,Oceania,High Income,-25.27,133.77,2007,SDG Goals,SDG Goal 15: Life on Land,60.8,score 0-100,SDG Index 2000-2022
Australia,AUS,Oceania,High Income,-25.27,133.77,2008,SDG Goals,SDG Goal 15: Life on Land,60.9,score 0-100,SDG Index 2000-2022
Australia,AUS,Oceania,High Income,-25.27,133.77,2009,SDG Goals,SDG Goal 15: Life on Land,61.6,score 0-100,SDG Index 2000-2022
Australia,AUS,Oceania,High Income,-25.27,133.77,2010,SDG Goals,SDG Goal 15: Life on Land,61.7,score 0-100,SDG Index 2000-2022
Australia,AUS,Oceania,High Income,-25.27,133.77,2011,SDG Goals,SDG Goal 15: Life on Land,62.0,score 0-100,SDG Index 2000-2022
Australia,AUS,Oceania,High Income,-25.27,133.77,2012,SDG Goals,SDG Goal 15: Life on Land,62.2,score 0-100,SDG Index 2000-2022
Australia,AUS,Oceania,High Income,-25.27,133.77,2013,SDG Goals,SDG Goal 15: Life on Land,62.7,score 0-100,SDG Index 2000-2022
Australia,AUS,Oceania,High Income,-25.27,133.77,2014,SDG Goals,SDG Goal 15: Life on Land,63.0,score 0-100,SDG Index 2000-2022
Australia,AUS,Oceania,High Income,-25.27,133.77,2015,SDG Goals,SDG Goal 15: Life on Land,62.9,score 0-100,SDG Index 2000-2022
Australia,AUS,Oceania,High Income,-25.27,133.77,2016,SDG Goals,SDG Goal 15: Life on Land,63.5,score 0-100,SDG Index 2000-2022
Australia,AUS,Oceania,High Income,-25.27,133.77,2017,SDG Goals,SDG Goal 15: Life on Land,63.6,score 0-100,SDG Index 2000-2022
Australia,AUS,Oceania,High Income,-25.27,133.77,2018,SDG Goals,SDG Goal 15: Life on Land,64.0,score 0-100,SDG Index 2000-2022
Australia,AUS,Oceania,High Income,-25.27,133.77,2019,SDG Goals,SDG Goal 15: Life on Land,64.2,score 0-100,SDG Index 2000-2022
Australia,AUS,Oceania,High Income,-25.27,133.77,2020,SDG Goals,SDG Goal 15: Life on Land,64.1,score 0-100,SDG Index 2000-2022
Australia,AUS,Oceania,High Income,-25.27,133.77,2021,SDG Goals,SDG Goal 15: Life on Land,62.9,score 0-100,SDG Index 2000-2022
Australia,AUS,Oceania,High Income,-25.27,133.77,2022,SDG Goals,SDG Goal 15: Life on Land,62.6,score 0-100,SDG Index 2000-2022
Brazil,BRA,South America,Upper Middle Income,-14.24,-51.93,2000,SDG Goals,SDG Goal 15: Life on Land,62.3,score 0-100,SDG Index 2000-2022
Brazil,BRA,South America,Upper Middle Income,-14.24,-51.93,2001,SDG Goals,SDG Goal 15: Life on Land,62.4,score 0-100,SDG Index 2000-2022
Brazil,BRA,South America,Upper Middle Income,-14.24,-51.93,2002,SDG Goals,SDG Goal 15: Life on Land,62.7,score 0-100,SDG Index 2000-2022
Brazil,BRA,South America,Upper Middle Income,-14.24,-51.93,2003,SDG Goals,SDG Goal 15: Life on Land,62.8,score 0-100,SDG Index 2000-2022
Brazil,BRA,South America,Upper Middle Income,-14.24,-51.93,2004,SDG Goals,SDG Goal 15: Life on Land,62.8,score 0-100,SDG Index 2000-2022
Brazil,BRA,South America,Upper Middle Income,-14.24,-51.93,2005,SDG Goals,SDG Goal 15: Life on Land,63.0,score 0-100,SDG Index 2000-2022
Brazil,BRA,South America,Upper Middle Income,-14.24,-51.93,2006,SDG Goals,SDG Goal 15: Life on Land,63.3,score 0-100,SDG Index 2000-2022
Brazil,BRA,South America,Upper Middle Income,-14.24,-51.93,2007,SDG Goals,SDG Goal 15: Life on Land,63.4,score 0-100,SDG Index 2000-2022
Brazil,BRA,South America,Upper Middle Income,-14.24,-51.93,2008,SDG Goals,SDG Goal 15: Life on Land,63.7,score 0-100,SDG Index 2000-2022
Brazil,BRA,South America,Upper Middle Income,-14.24,-51.93,2009,SDG Goals,SDG Goal 15: Life on Land,63.7,score 0-100,SDG Index 2000-2022
Brazil,BRA,South America,Upper Middle Income,-14.24,-51.93,2010,SDG Goals,SDG Goal 15: Life on Land,63.9,score 0-100,SDG Index 2000-2022
Brazil,BRA,South America,Upper Middle Income,-14.24,-51.93,2011,SDG Goals,SDG Goal 15: Life on Land,63.9,score 0-100,SDG Index 2000-2022
Brazil,BRA,South America,Upper Middle Income,-14.24,-51.93,2012,SDG Goals,SDG Goal 15: Life on Land,63.8,score 0-100,SDG Index 2000-2022
Brazil,BRA,South America,Upper Middle Income,-14.24,-51.93,2013,SDG Goals,SDG Goal 15: Life on Land,63.9,score 0-100,SDG Index 2000-2022
Brazil,BRA,South America,Upper Middle Income,-14.24,-51.93,2014,SDG Goals,SDG Goal 15: Life on Land,63.9,score 0-100,SDG Index 2000-2022
Brazil,BRA,South America,Upper Middle Income,-14.24,-51.93,2015,SDG Goals,SDG Goal 15: Life on Land,63.9,score 0-100,SDG Index 2000-2022
Brazil,BRA,South America,Upper Middle Income,-14.24,-51.93,2016,SDG Goals,SDG Goal 15: Life on Land,63.9,score 0-100,SDG Index 2000-2022
Brazil,BRA,South America,Upper Middle Income,-14.24,-51.93,2017,SDG Goals,SDG Goal 15: Life on Land,63.9,score 0-100,SDG Index 2000-2022
Brazil,BRA,South America,Upper Middle Income,-14.24,-51.93,2018,SDG Goals,SDG Goal 15: Life on Land,59.2,score 0-100,SDG Index 2000-2022
Brazil,BRA,South America,Upper Middle Income,-14.24,-51.93,2019,SDG Goals,SDG Goal 15: Life on Land,59.2,score 0-100,SDG Index 2000-2022
Brazil,BRA,South America,Upper Middle Income,-14.24,-51.93,2020,SDG Goals,SDG Goal 15: Life on Land,59.2,score 0-100,SDG Index 2000-2022
Brazil,BRA,South America,Upper Middle Income,-14.24,-51.93,2021,SDG Goals,SDG Goal 15: Life on Land,61.7,score 0-100,SDG Index 2000-2022
Brazil,BRA,South America,Upper Middle Income,-14.24,-51.93,2022,SDG Goals,SDG Goal 15: Life on Land,61.7,score 0-100,SDG Index 2000-2022
Canada,CAN,North America,High Income,56.13,-106.35,2000,SDG Goals,SDG Goal 15: Life on Land,57.7,score 0-100,SDG Index 2000-2022
Canada,CAN,North America,High Income,56.13,-106.35,2001,SDG Goals,SDG Goal 15: Life on Land,57.8,score 0-100,SDG Index 2000-2022
Canada,CAN,North America,High Income,56.13,-106.35,2002,SDG Goals,SDG Goal 15: Life on Land,58.0,score 0-100,SDG Index 2000-2022
Canada,CAN,North America,High Income,56.13,-106.35,2003,SDG Goals,SDG Goal 15: Life on Land,58.1,score 0-100,SDG Index 2000-2022
Canada,CAN,North America,High Income,56.13,-106.35,2004,SDG Goals,SDG Goal 15: Life on Land,58.1,score 0-100,SDG Index 2000-2022
Canada,CAN,North America,High Income,56.13,-106.35,2005,SDG Goals,SDG Goal 15: Life on Land,59.1,score 0-100,SDG Index 2000-2022
Canada,CAN,North America,High Income,56.13,-106.35,2006,SDG Goals,SDG Goal 15: Life on Land,59.1,score 0-100,SDG Index 2000-2022
Canada,CAN,North America,High Income,56.13,-106.35,2007,SDG Goals,SDG Goal 15: Life on Land,59.1,score 0-100,SDG Index 2000-2022
Canada,CAN,North America,High Income,56.13,-106.35,2008,SDG Goals,SDG Goal 15: Life on Land,59.3,score 0-100,SDG Index 2000-2022
Canada,CAN,North America,High Income,56.13,-106.35,2009,SDG Goals,SDG Goal 15: Life on Land,59.4,score 0-100,SDG Index 2000-2022
Canada,CAN,North America,High Income,56.13,-106.35,2010,SDG Goals,SDG Goal 15: Life on Land,59.9,score 0-100,SDG Index 2000-2022
Canada,CAN,North America,High Income,56.13,-106.35,2011,SDG Goals,SDG Goal 15: Life on Land,59.9,score 0-100,SDG Index 2000-2022
Canada,CAN,North America,High Income,56.13,-106.35,2012,SDG Goals,SDG Goal 15: Life on Land,59.9,score 0-100,SDG Index 2000-2022
Canada,CAN,North America,High Income,56.13,-106.35,2013,SDG Goals,SDG Goal 15: Life on Land,59.9,score 0-100,SDG Index 2000-2022
Canada,CAN,North America,High Income,56.13,-106.35,2014,SDG Goals,SDG Goal 15: Life on Land,59.9,score 0-100,SDG Index 2000-2022
Canada,CAN,North America,High Income,56.13,-106.35,2015,SDG Goals,SDG Goal 15: Life on Land,60.0,score 0-100,SDG Index 2000-2022
Canada,CAN,North America,High Income,56.13,-106.35,2016,SDG Goals,SDG Goal 15: Life on Land,60.1,score 0-100,SDG Index 2000-2022
Canada,CAN,North America,High Income,56.13,-106.35,2017,SDG Goals,SDG Goal 15: Life on Land,60.4,score 0-100,SDG Index 2000-2022
Canada,CAN,North America,High Income,56.13,-106.35,2018,SDG Goals,SDG Goal 15: Life on Land,60.5,score 0-100,SDG Index 2000-2022
Canada,CAN,North America,High Income,56.13,-106.35,2019,SDG Goals,SDG Goal 15: Life on Land,60.5,score 0-100,SDG Index 2000-2022
Canada,CAN,North America,High Income,56.13,-106.35,2020,SDG Goals,SDG Goal 15: Life on Land,60.8,score 0-100,SDG Index 2000-2022
Canada,CAN,North America,High Income,56.13,-106.35,2021,SDG Goals,SDG Goal 15: Life on Land,60.8,score 0-100,SDG Index 2000-2022
Canada,CAN,North America,High Income,56.13,-106.35,2022,SDG Goals,SDG Goal 15: Life on Land,60.8,score 0-100,SDG Index 2000-2022
France,FRA,Europe,High Income,46.23,2.21,2000,SDG Goals,SDG Goal 15: Life on Land,54.0,score 0-100,SDG Index 2000-2022
France,FRA,Europe,High Income,46.23,2.21,2001,SDG Goals,SDG Goal 15: Life on Land,54.5,score 0-100,SDG Index 2000-2022
France,FRA,Europe,High Income,46.23,2.21,2002,SDG Goals,SDG Goal 15: Life on Land,54.3,score 0-100,SDG Index 2000-2022
France,FRA,Europe,High Income,46.23,2.21,2003,SDG Goals,SDG Goal 15: Life on Land,54.7,score 0-100,SDG Index 2000-2022
France,FRA,Europe,High Income,46.23,2.21,2004,SDG Goals,SDG Goal 15: Life on Land,54.8,score 0-100,SDG Index 2000-2022
France,FRA,Europe,High Income,46.23,2.21,2005,SDG Goals,SDG Goal 15: Life on Land,55.4,score 0-100,SDG Index 2000-2022
France,FRA,Europe,High Income,46.23,2.21,2006,SDG Goals,SDG Goal 15: Life on Land,56.6,score 0-100,SDG Index 2000-2022
France,FRA,Europe,High Income,46.23,2.21,2007,SDG Goals,SDG Goal 15: Life on Land,57.3,score 0-100,SDG Index 2000-2022
France,FRA,Europe,High Income,46.23,2.21,2008,SDG Goals,SDG Goal 15: Life on Land,58.1,score 0-100,SDG Index 2000-2022
France,FRA,Europe,High Income,46.23,2.21,2009,SDG Goals,SDG Goal 15: Life on Land,59.0,score 0-100,SDG Index 2000-2022
France,FRA,Europe,High Income,46.23,2.21,2010,SDG Goals,SDG Goal 15: Life on Land,59.1,score 0-100,SDG Index 2000-2022
France,FRA,Europe,High Income,46.23,2.21,2011,SDG Goals,SDG Goal 15: Life on Land,59.2,score 0-100,SDG Index 2000-2022
France,FRA,Europe,High Income,46.23,2.21,2012,SDG Goals,SDG Goal 15: Life on Land,59.9,score 0-100,SDG Index 2000-2022
France,FRA,Europe,High Income,46.23,2.21,2013,SDG Goals,SDG Goal 15: Life on Land,59.9,score 0-100,SDG Index 2000-2022
France,FRA,Europe,High Income,46.23,2.21,2014,SDG Goals,SDG Goal 15: Life on Land,62.9,score 0-100,SDG Index 2000-2022
France,FRA,Europe,High Income,46.23,2.21,2015,SDG Goals,SDG Goal 15: Life on Land,63.5,score 0-100,SDG Index 2000-2022
France,FRA,Europe,High Income,46.23,2.21,2016,SDG Goals,SDG Goal 15: Life on Land,63.8,score 0-100,SDG Index 2000-2022
France,FRA,Europe,High Income,46.23,2.21,2017,SDG Goals,SDG Goal 15: Life on Land,64.4,score 0-100,SDG Index 2000-2022
France,FRA,Europe,High Income,46.23,2.21,2018,SDG Goals,SDG Goal 15: Life on Land,66.9,score 0-100,SDG Index 2000-2022
France,FRA,Europe,High Income,46.23,2.21,2019,SDG Goals,SDG Goal 15: Life on Land,68.8,score 0-100,SDG Index 2000-2022
France,FRA,Europe,High Income,46.23,2.21,2020,SDG Goals,SDG Goal 15: Life on Land,69.5,score 0-100,SDG Index 2000-2022
France,FRA,Europe,High Income,46.23,2.21,2021,SDG Goals,SDG Goal 15: Life on Land,69.3,score 0-100,SDG Index 2000-2022
France,FRA,Europe,High Income,46.23,2.21,2022,SDG Goals,SDG Goal 15: Life on Land,68.8,score 0-100,SDG Index 2000-2022
Germany,DEU,Europe,High Income,51.17,10.45,2000,SDG Goals,SDG Goal 15: Life on Land,66.5,score 0-100,SDG Index 2000-2022
Germany,DEU,Europe,High Income,51.17,10.45,2001,SDG Goals,SDG Goal 15: Life on Land,70.7,score 0-100,SDG Index 2000-2022
Germany,DEU,Europe,High Income,51.17,10.45,2002,SDG Goals,SDG Goal 15: Life on Land,70.9,score 0-100,SDG Index 2000-2022
Germany,DEU,Europe,High Income,51.17,10.45,2003,SDG Goals,SDG Goal 15: Life on Land,71.2,score 0-100,SDG Index 2000-2022
Germany,DEU,Europe,High Income,51.17,10.45,2004,SDG Goals,SDG Goal 15: Life on Land,74.0,score 0-100,SDG Index 2000-2022
Germany,DEU,Europe,High Income,51.17,10.45,2005,SDG Goals,SDG Goal 15: Life on Land,74.4,score 0-100,SDG Index 2000-2022
Germany,DEU,Europe,High Income,51.17,10.45,2006,SDG Goals,SDG Goal 15: Life on Land,76.1,score 0-100,SDG Index 2000-2022
Germany,DEU,Europe,High Income,51.17,10.45,2007,SDG Goals,SDG Goal 15: Life on Land,76.9,score 0-100,SDG Index 2000-2022
Germany,DEU,Europe,High Income,51.17,10.45,2008,SDG Goals,SDG Goal 15: Life on Land,77.9,score 0-100,SDG Index 2000-2022
Germany,DEU,Europe,High Income,51.17,10.45,2009,SDG Goals,SDG Goal 15: Life on Land,78.1,score 0-100,SDG Index 2000-2022
Germany,DEU,Europe,High Income,51.17,10.45,2010,SDG Goals,SDG Goal 15: Life on Land,78.2,score 0-100,SDG Index 2000-2022
Germany,DEU,Europe,High Income,51.17,10.45,2011,SDG Goals,SDG Goal 15: Life on Land,78.3,score 0-100,SDG Index 2000-2022
Germany,DEU,Europe,High Income,51.17,10.45,2012,SDG Goals,SDG Goal 15: Life on Land,78.3,score 0-100,SDG Index 2000-2022
Germany,DEU,Europe,High Income,51.17,10.45,2013,SDG Goals,SDG Goal 15: Life on Land,78.4,score 0-100,SDG Index 2000-2022
Germany,DEU,Europe,High Income,51.17,10.45,2014,SDG Goals,SDG Goal 15: Life on Land,78.4,score 0-100,SDG Index 2000-2022
Germany,DEU,Europe,High Income,51.17,10.45,2015,SDG Goals,SDG Goal 15: Life on Land,78.4,score 0-100,SDG Index 2000-2022
Germany,DEU,Europe,High Income,51.17,10.45,2016,SDG Goals,SDG Goal 15: Life on Land,78.6,score 0-100,SDG Index 2000-2022
Germany,DEU,Europe,High Income,51.17,10.45,2017,SDG Goals,SDG Goal 15: Life on Land,78.7,score 0-100,SDG Index 2000-2022
Germany,DEU,Europe,High Income,51.17,10.45,2018,SDG Goals,SDG Goal 15: Life on Land,78.9,score 0-100,SDG Index 2000-2022
Germany,DEU,Europe,High Income,51.17,10.45,2019,SDG Goals,SDG Goal 15: Life on Land,79.3,score 0-100,SDG Index 2000-2022
Germany,DEU,Europe,High Income,51.17,10.45,2020,SDG Goals,SDG Goal 15: Life on Land,79.3,score 0-100,SDG Index 2000-2022
Germany,DEU,Europe,High Income,51.17,10.45,2021,SDG Goals,SDG Goal 15: Life on Land,79.2,score 0-100,SDG Index 2000-2022
Germany,DEU,Europe,High Income,51.17,10.45,2022,SDG Goals,SDG Goal 15: Life on Land,79.2,score 0-100,SDG Index 2000-2022
India,IND,Asia,Lower Middle Income,20.59,78.96,2000,SDG Goals,SDG Goal 15: Life on Land,47.8,score 0-100,SDG Index 2000-2022
India,IND,Asia,Lower Middle Income,20.59,78.96,2001,SDG Goals,SDG Goal 15: Life on Land,47.6,score 0-100,SDG Index 2000-2022
India,IND,Asia,Lower Middle Income,20.59,78.96,2002,SDG Goals,SDG Goal 15: Life on Land,47.4,score 0-100,SDG Index 2000-2022
India,IND,Asia,Lower Middle Income,20.59,78.96,2003,SDG Goals,SDG Goal 15: Life on Land,47.2,score 0-100,SDG Index 2000-2022
India,IND,Asia,Lower Middle Income,20.59,78.96,2004,SDG Goals,SDG Goal 15: Life on Land,47.0,score 0-100,SDG Index 2000-2022
India,IND,Asia,Lower Middle Income,20.59,78.96,2005,SDG Goals,SDG Goal 15: Life on Land,46.8,score 0-100,SDG Index 2000-2022
India,IND,Asia,Lower Middle Income,20.59,78.96,2006,SDG Goals,SDG Goal 15: Life on Land,46.6,score 0-100,SDG Index 2000-2022
India,IND,Asia,Lower Middle Income,20.59,78.96,2007,SDG Goals,SDG Goal 15: Life on Land,46.5,score 0-100,SDG Index 2000-2022
India,IND,Asia,Lower Middle Income,20.59,78.96,2008,SDG Goals,SDG Goal 15: Life on Land,46.3,score 0-100,SDG Index 2000-2022
India,IND,Asia,Lower Middle Income,20.59,78.96,2009,SDG Goals,SDG Goal 15: Life on Land,46.1,score 0-100,SDG Index 2000-2022
India,IND,Asia,Lower Middle Income,20.59,78.96,2010,SDG Goals,SDG Goal 15: Life on Land,45.9,score 0-100,SDG Index 2000-2022
India,IND,Asia,Lower Middle Income,20.59,78.96,2011,SDG Goals,SDG Goal 15: Life on Land,45.7,score 0-100,SDG Index 2000-2022
India,IND,Asia,Lower Middle Income,20.59,78.96,2012,SDG Goals,SDG Goal 15: Life on Land,47.5,score 0-100,SDG Index 2000-2022
India,IND,Asia,Lower Middle Income,20.59,78.96,2013,SDG Goals,SDG Goal 15: Life on Land,47.3,score 0-100,SDG Index 2000-2022
India,IND,Asia,Lower Middle Income,20.59,78.96,2014,SDG Goals,SDG Goal 15: Life on Land,47.2,score 0-100,SDG Index 2000-2022
India,IND,Asia,Lower Middle Income,20.59,78.96,2015,SDG Goals,SDG Goal 15: Life on Land,47.0,score 0-100,SDG Index 2000-2022
India,IND,Asia,Lower Middle Income,20.59,78.96,2016,SDG Goals,SDG Goal 15: Life on Land,46.9,score 0-100,SDG Index 2000-2022
India,IND,Asia,Lower Middle Income,20.59,78.96,2017,SDG Goals,SDG Goal 15: Life on Land,46.7,score 0-100,SDG Index 2000-2022
India,IND,Asia,Lower Middle Income,20.59,78.96,2018,SDG Goals,SDG Goal 15: Life on Land,46.4,score 0-100,SDG Index 2000-2022
India,IND,Asia,Lower Middle Income,20.59,78.96,2019,SDG Goals,SDG Goal 15: Life on Land,46.2,score 0-100,SDG Index 2000-2022
India,IND,Asia,Lower Middle Income,20.59,78.96,2020,SDG Goals,SDG Goal 15: Life on Land,46.0,score 0-100,SDG Index 2000-2022
India,IND,Asia,Lower Middle Income,20.59,78.96,2021,SDG Goals,SDG Goal 15: Life on Land,45.9,score 0-100,SDG Index 2000-2022
India,IND,Asia,Lower Middle Income,20.59,78.96,2022,SDG Goals,SDG Goal 15: Life on Land,45.6,score 0-100,SDG Index 2000-2022
Japan,JPN,Asia,High Income,36.2,138.25,2000,SDG Goals,SDG Goal 15: Life on Land,58.0,score 0-100,SDG Index 2000-2022
Japan,JPN,Asia,High Income,36.2,138.25,2001,SDG Goals,SDG Goal 15: Life on Land,58.0,score 0-100,SDG Index 2000-2022
Japan,JPN,Asia,High Income,36.2,138.25,2002,SDG Goals,SDG Goal 15: Life on Land,57.9,score 0-100,SDG Index 2000-2022
Japan,JPN,Asia,High Income,36.2,138.25,2003,SDG Goals,SDG Goal 15: Life on Land,57.7,score 0-100,SDG Index 2000-2022
Japan,JPN,Asia,High Income,36.2,138.25,2004,SDG Goals,SDG Goal 15: Life on Land,57.8,score 0-100,SDG Index 2000-2022
Japan,JPN,Asia,High Income,36.2,138.25,2005,SDG Goals,SDG Goal 15: Life on Land,58.6,score 0-100,SDG Index 2000-2022
Japan,JPN,Asia,High Income,36.2,138.25,2006,SDG Goals,SDG Goal 15: Life on Land,58.8,score 0-100,SDG Index 2000-2022
Japan,JPN,Asia,High Income,36.2,138.25,2007,SDG Goals,SDG Goal 15: Life on Land,58.7,score 0-100,SDG Index 2000-2022
Japan,JPN,Asia,High Income,36.2,138.25,2008,SDG Goals,SDG Goal 15: Life on Land,58.7,score 0-100,SDG Index 2000-2022
Japan,JPN,Asia,High Income,36.2,138.25,2009,SDG Goals,SDG Goal 15: Life on Land,58.7,score 0-100,SDG Index 2000-2022
Japan,JPN,Asia,High Income,36.2,138.25,2010,SDG Goals,SDG Goal 15: Life on Land,59.0,score 0-100,SDG Index 2000-2022
Japan,JPN,Asia,High Income,36.2,138.25,2011,SDG Goals,SDG Goal 15: Life on Land,59.1,score 0-100,SDG Index 2000-2022
Japan,JPN,Asia,High Income,36.2,138.25,2012,SDG Goals,SDG Goal 15: Life on Land,60.6,score 0-100,SDG Index 2000-2022
Japan,JPN,Asia,High Income,36.2,138.25,2013,SDG Goals,SDG Goal 15: Life on Land,63.0,score 0-100,SDG Index 2000-2022
Japan,JPN,Asia,High Income,36.2,138.25,2014,SDG Goals,SDG Goal 15: Life on Land,63.2,score 0-100,SDG Index 2000-2022
Japan,JPN,Asia,High Income,36.2,138.25,2015,SDG Goals,SDG Goal 15: Life on Land,63.3,score 0-100,SDG Index 2000-2022
Japan,JPN,Asia,High Income,36.2,138.25,2016,SDG Goals,SDG Goal 15: Life on Land,63.3,score 0-100,SDG Index 2000-2022
Japan,JPN,Asia,High Income,36.2,138.25,2017,SDG Goals,SDG Goal 15: Life on Land,63.3,score 0-100,SDG Index 2000-2022
Japan,JPN,Asia,High Income,36.2,138.25,2018,SDG Goals,SDG Goal 15: Life on Land,63.7,score 0-100,SDG Index 2000-2022
Japan,JPN,Asia,High Income,36.2,138.25,2019,SDG Goals,SDG Goal 15: Life on Land,63.5,score 0-100,SDG Index 2000-2022
Japan,JPN,Asia,High Income,36.2,138.25,2020,SDG Goals,SDG Goal 15: Life on Land,63.3,score 0-100,SDG Index 2000-2022
Japan,JPN,Asia,High Income,36.2,138.25,2021,SDG Goals,SDG Goal 15: Life on Land,63.5,score 0-100,SDG Index 2000-2022
Japan,JPN,Asia,High Income,36.2,138.25,2022,SDG Goals,SDG Goal 15: Life on Land,63.1,score 0-100,SDG Index 2000-2022
South Korea,KOR,Asia,High Income,35.91,127.77,2000,SDG Goals,SDG Goal 15: Life on Land,53.7,score 0-100,SDG Index 2000-2022
South Korea,KOR,Asia,High Income,35.91,127.77,2001,SDG Goals,SDG Goal 15: Life on Land,53.6,score 0-100,SDG Index 2000-2022
South Korea,KOR,Asia,High Income,35.91,127.77,2002,SDG Goals,SDG Goal 15: Life on Land,53.4,score 0-100,SDG Index 2000-2022
South Korea,KOR,Asia,High Income,35.91,127.77,2003,SDG Goals,SDG Goal 15: Life on Land,53.3,score 0-100,SDG Index 2000-2022
South Korea,KOR,Asia,High Income,35.91,127.77,2004,SDG Goals,SDG Goal 15: Life on Land,53.1,score 0-100,SDG Index 2000-2022
South Korea,KOR,Asia,High Income,35.91,127.77,2005,SDG Goals,SDG Goal 15: Life on Land,52.9,score 0-100,SDG Index 2000-2022
South Korea,KOR,Asia,High Income,35.91,127.77,2006,SDG Goals,SDG Goal 15: Life on Land,53.3,score 0-100,SDG Index 2000-2022
South Korea,KOR,Asia,High Income,35.91,127.77,2007,SDG Goals,SDG Goal 15: Life on Land,53.2,score 0-100,SDG Index 2000-2022
South Korea,KOR,Asia,High Income,35.91,127.77,2008,SDG Goals,SDG Goal 15: Life on Land,55.7,score 0-100,SDG Index 2000-2022
South Korea,KOR,Asia,High Income,35.91,127.77,2009,SDG Goals,SDG Goal 15: Life on Land,55.6,score 0-100,SDG Index 2000-2022
South Korea,KOR,Asia,High Income,35.91,127.77,2010,SDG Goals,SDG Goal 15: Life on Land,55.5,score 0-100,SDG Index 2000-2022
South Korea,KOR,Asia,High Income,35.91,127.77,2011,SDG Goals,SDG Goal 15: Life on Land,55.4,score 0-100,SDG Index 2000-2022
South Korea,KOR,Asia,High Income,35.91,127.77,2012,SDG Goals,SDG Goal 15: Life on Land,55.7,score 0-100,SDG Index 2000-2022
South Korea,KOR,Asia,High Income,35.91,127.77,2013,SDG Goals,SDG Goal 15: Life on Land,55.6,score 0-100,SDG Index 2000-2022
South Korea,KOR,Asia,High Income,35.91,127.77,2014,SDG Goals,SDG Goal 15: Life on Land,55.4,score 0-100,SDG Index 2000-2022
South Korea,KOR,Asia,High Income,35.91,127.77,2015,SDG Goals,SDG Goal 15: Life on Land,55.2,score 0-100,SDG Index 2000-2022
South Korea,KOR,Asia,High Income,35.91,127.77,2016,SDG Goals,SDG Goal 15: Life on Land,55.0,score 0-100,SDG Index 2000-2022
South Korea,KOR,Asia,High Income,35.91,127.77,2017,SDG Goals,SDG Goal 15: Life on Land,54.9,score 0-100,SDG Index 2000-2022
South Korea,KOR,Asia,High Income,35.91,127.77,2018,SDG Goals,SDG Goal 15: Life on Land,54.9,score 0-100,SDG Index 2000-2022
South Korea,KOR,Asia,High Income,35.91,127.77,2019,SDG Goals,SDG Goal 15: Life on Land,54.8,score 0-100,SDG Index 2000-2022
South Korea,KOR,Asia,High Income,35.91,127.77,2020,SDG Goals,SDG Goal 15: Life on Land,54.6,score 0-100,SDG Index 2000-2022
South Korea,KOR,Asia,High Income,35.91,127.77,2021,SDG Goals,SDG Goal 15: Life on Land,54.5,score 0-100,SDG Index 2000-2022
South Korea,KOR,Asia,High Income,35.91,127.77,2022,SDG Goals,SDG Goal 15: Life on Land,54.1,score 0-100,SDG Index 2000-2022
UK,GBR,Europe,High Income,55.38,-3.44,2000,SDG Goals,SDG Goal 15: Life on Land,84.3,score 0-100,SDG Index 2000-2022
UK,GBR,Europe,High Income,55.38,-3.44,2001,SDG Goals,SDG Goal 15: Life on Land,84.6,score 0-100,SDG Index 2000-2022
UK,GBR,Europe,High Income,55.38,-3.44,2002,SDG Goals,SDG Goal 15: Life on Land,84.5,score 0-100,SDG Index 2000-2022
UK,GBR,Europe,High Income,55.38,-3.44,2003,SDG Goals,SDG Goal 15: Life on Land,84.7,score 0-100,SDG Index 2000-2022
UK,GBR,Europe,High Income,55.38,-3.44,2004,SDG Goals,SDG Goal 15: Life on Land,84.8,score 0-100,SDG Index 2000-2022
UK,GBR,Europe,High Income,55.38,-3.44,2005,SDG Goals,SDG Goal 15: Life on Land,85.6,score 0-100,SDG Index 2000-2022
UK,GBR,Europe,High Income,55.38,-3.44,2006,SDG Goals,SDG Goal 15: Life on Land,85.7,score 0-100,SDG Index 2000-2022
UK,GBR,Europe,High Income,55.38,-3.44,2007,SDG Goals,SDG Goal 15: Life on Land,85.7,score 0-100,SDG Index 2000-2022
UK,GBR,Europe,High Income,55.38,-3.44,2008,SDG Goals,SDG Goal 15: Life on Land,85.7,score 0-100,SDG Index 2000-2022
UK,GBR,Europe,High Income,55.38,-3.44,2009,SDG Goals,SDG Goal 15: Life on Land,85.7,score 0-100,SDG Index 2000-2022
UK,GBR,Europe,High Income,55.38,-3.44,2010,SDG Goals,SDG Goal 15: Life on Land,86.1,score 0-100,SDG Index 2000-2022
UK,GBR,Europe,High Income,55.38,-3.44,2011,SDG Goals,SDG Goal 15: Life on Land,86.1,score 0-100,SDG Index 2000-2022
UK,GBR,Europe,High Income,55.38,-3.44,2012,SDG Goals,SDG Goal 15: Life on Land,86.1,score 0-100,SDG Index 2000-2022
UK,GBR,Europe,High Income,55.38,-3.44,2013,SDG Goals,SDG Goal 15: Life on Land,86.1,score 0-100,SDG Index 2000-2022
UK,GBR,Europe,High Income,55.38,-3.44,2014,SDG Goals,SDG Goal 15: Life on Land,86.1,score 0-100,SDG Index 2000-2022
UK,GBR,Europe,High Income,55.38,-3.44,2015,SDG Goals,SDG Goal 15: Life on Land,86.1,score 0-100,SDG Index 2000-2022
UK,GBR,Europe,High Income,55.38,-3.44,2016,SDG Goals,SDG Goal 15: Life on Land,86.1,score 0-100,SDG Index 2000-2022
UK,GBR,Europe,High Income,55.38,-3.44,2017,SDG Goals,SDG Goal 15: Life on Land,86.1,score 0-100,SDG Index 2000-2022
UK,GBR,Europe,High Income,55.38,-3.44,2018,SDG Goals,SDG Goal 15: Life on Land,86.2,score 0-100,SDG Index 2000-2022
UK,GBR,Europe,High Income,55.38,-3.44,2019,SDG Goals,SDG Goal 15: Life on Land,86.2,score 0-100,SDG Index 2000-2022
UK,GBR,Europe,High Income,55.38,-3.44,2020,SDG Goals,SDG Goal 15: Life on Land,86.2,score 0-100,SDG Index 2000-2022
UK,GBR,Europe,High Income,55.38,-3.44,2021,SDG Goals,SDG Goal 15: Life on Land,86.2,score 0-100,SDG Index 2000-2022
UK,GBR,Europe,High Income,55.38,-3.44,2022,SDG Goals,SDG Goal 15: Life on Land,86.2,score 0-100,SDG Index 2000-2022
USA,USA,North America,High Income,37.09,-95.71,2000,SDG Goals,SDG Goal 15: Life on Land,56.4,score 0-100,SDG Index 2000-2022
USA,USA,North America,High Income,37.09,-95.71,2001,SDG Goals,SDG Goal 15: Life on Land,56.6,score 0-100,SDG Index 2000-2022
USA,USA,North America,High Income,37.09,-95.71,2002,SDG Goals,SDG Goal 15: Life on Land,56.6,score 0-100,SDG Index 2000-2022
USA,USA,North America,High Income,37.09,-95.71,2003,SDG Goals,SDG Goal 15: Life on Land,56.6,score 0-100,SDG Index 2000-2022
USA,USA,North America,High Income,37.09,-95.71,2004,SDG Goals,SDG Goal 15: Life on Land,56.6,score 0-100,SDG Index 2000-2022
USA,USA,North America,High Income,37.09,-95.71,2005,SDG Goals,SDG Goal 15: Life on Land,56.7,score 0-100,SDG Index 2000-2022
USA,USA,North America,High Income,37.09,-95.71,2006,SDG Goals,SDG Goal 15: Life on Land,60.0,score 0-100,SDG Index 2000-2022
USA,USA,North America,High Income,37.09,-95.71,2007,SDG Goals,SDG Goal 15: Life on Land,60.1,score 0-100,SDG Index 2000-2022
USA,USA,North America,High Income,37.09,-95.71,2008,SDG Goals,SDG Goal 15: Life on Land,60.4,score 0-100,SDG Index 2000-2022
USA,USA,North America,High Income,37.09,-95.71,2009,SDG Goals,SDG Goal 15: Life on Land,60.3,score 0-100,SDG Index 2000-2022
USA,USA,North America,High Income,37.09,-95.71,2010,SDG Goals,SDG Goal 15: Life on Land,60.5,score 0-100,SDG Index 2000-2022
USA,USA,North America,High Income,37.09,-95.71,2011,SDG Goals,SDG Goal 15: Life on Land,60.5,score 0-100,SDG Index 2000-2022
USA,USA,North America,High Income,37.09,-95.71,2012,SDG Goals,SDG Goal 15: Life on Land,60.5,score 0-100,SDG Index 2000-2022
USA,USA,North America,High Income,37.09,-95.71,2013,SDG Goals,SDG Goal 15: Life on Land,60.6,score 0-100,SDG Index 2000-2022
USA,USA,North America,High Income,37.09,-95.71,2014,SDG Goals,SDG Goal 15: Life on Land,60.7,score 0-100,SDG Index 2000-2022
USA,USA,North America,High Income,37.09,-95.71,2015,SDG Goals,SDG Goal 15: Life on Land,60.7,score 0-100,SDG Index 2000-2022
USA,USA,North America,High Income,37.09,-95.71,2016,SDG Goals,SDG Goal 15: Life on Land,60.7,score 0-100,SDG Index 2000-2022
USA,USA,North America,High Income,37.09,-95.71,2017,SDG Goals,SDG Goal 15: Life on Land,60.7,score 0-100,SDG Index 2000-2022
USA,USA,North America,High Income,37.09,-95.71,2018,SDG Goals,SDG Goal 15: Life on Land,60.5,score 0-100,SDG Index 2000-2022
USA,USA,North America,High Income,37.09,-95.71,2019,SDG Goals,SDG Goal 15: Life on Land,60.4,score 0-100,SDG Index 2000-2022
USA,USA,North America,High Income,37.09,-95.71,2020,SDG Goals,SDG Goal 15: Life on Land,60.4,score 0-100,SDG Index 2000-2022
USA,USA,North America,High Income,37.09,-95.71,2021,SDG Goals,SDG Goal 15: Life on Land,60.5,score 0-100,SDG Index 2000-2022
USA,USA,North America,High Income,37.09,-95.71,2022,SDG Goals,SDG Goal 15: Life on Land,60.4,score 0-100,SDG Index 2000-2022
Australia,AUS,Oceania,High Income,-25.27,133.77,2000,SDG Goals,SDG Goal 2: Zero Hunger,63.3,score 0-100,SDG Index 2000-2022
Australia,AUS,Oceania,High Income,-25.27,133.77,2001,SDG Goals,SDG Goal 2: Zero Hunger,62.9,score 0-100,SDG Index 2000-2022
Australia,AUS,Oceania,High Income,-25.27,133.77,2002,SDG Goals,SDG Goal 2: Zero Hunger,63.4,score 0-100,SDG Index 2000-2022
Australia,AUS,Oceania,High Income,-25.27,133.77,2003,SDG Goals,SDG Goal 2: Zero Hunger,57.3,score 0-100,SDG Index 2000-2022
Australia,AUS,Oceania,High Income,-25.27,133.77,2004,SDG Goals,SDG Goal 2: Zero Hunger,63.0,score 0-100,SDG Index 2000-2022
Australia,AUS,Oceania,High Income,-25.27,133.77,2005,SDG Goals,SDG Goal 2: Zero Hunger,61.0,score 0-100,SDG Index 2000-2022
Australia,AUS,Oceania,High Income,-25.27,133.77,2006,SDG Goals,SDG Goal 2: Zero Hunger,62.6,score 0-100,SDG Index 2000-2022
Australia,AUS,Oceania,High Income,-25.27,133.77,2007,SDG Goals,SDG Goal 2: Zero Hunger,56.1,score 0-100,SDG Index 2000-2022
Australia,AUS,Oceania,High Income,-25.27,133.77,2008,SDG Goals,SDG Goal 2: Zero Hunger,57.8,score 0-100,SDG Index 2000-2022
Australia,AUS,Oceania,High Income,-25.27,133.77,2009,SDG Goals,SDG Goal 2: Zero Hunger,59.4,score 0-100,SDG Index 2000-2022
Australia,AUS,Oceania,High Income,-25.27,133.77,2010,SDG Goals,SDG Goal 2: Zero Hunger,58.9,score 0-100,SDG Index 2000-2022
Australia,AUS,Oceania,High Income,-25.27,133.77,2011,SDG Goals,SDG Goal 2: Zero Hunger,59.9,score 0-100,SDG Index 2000-2022
Australia,AUS,Oceania,High Income,-25.27,133.77,2012,SDG Goals,SDG Goal 2: Zero Hunger,60.6,score 0-100,SDG Index 2000-2022
Australia,AUS,Oceania,High Income,-25.27,133.77,2013,SDG Goals,SDG Goal 2: Zero Hunger,58.4,score 0-100,SDG Index 2000-2022
Australia,AUS,Oceania,High Income,-25.27,133.77,2014,SDG Goals,SDG Goal 2: Zero Hunger,58.4,score 0-100,SDG Index 2000-2022
Australia,AUS,Oceania,High Income,-25.27,133.77,2015,SDG Goals,SDG Goal 2: Zero Hunger,57.8,score 0-100,SDG Index 2000-2022
Australia,AUS,Oceania,High Income,-25.27,133.77,2016,SDG Goals,SDG Goal 2: Zero Hunger,57.3,score 0-100,SDG Index 2000-2022
Australia,AUS,Oceania,High Income,-25.27,133.77,2017,SDG Goals,SDG Goal 2: Zero Hunger,60.4,score 0-100,SDG Index 2000-2022
Australia,AUS,Oceania,High Income,-25.27,133.77,2018,SDG Goals,SDG Goal 2: Zero Hunger,57.5,score 0-100,SDG Index 2000-2022
Australia,AUS,Oceania,High Income,-25.27,133.77,2019,SDG Goals,SDG Goal 2: Zero Hunger,57.0,score 0-100,SDG Index 2000-2022
Australia,AUS,Oceania,High Income,-25.27,133.77,2020,SDG Goals,SDG Goal 2: Zero Hunger,56.7,score 0-100,SDG Index 2000-2022
Australia,AUS,Oceania,High Income,-25.27,133.77,2021,SDG Goals,SDG Goal 2: Zero Hunger,58.4,score 0-100,SDG Index 2000-2022
Australia,AUS,Oceania,High Income,-25.27,133.77,2022,SDG Goals,SDG Goal 2: Zero Hunger,58.4,score 0-100,SDG Index 2000-2022
Brazil,BRA,South America,Upper Middle Income,-14.24,-51.93,2000,SDG Goals,SDG Goal 2: Zero Hunger,66.8,score 0-100,SDG Index 2000-2022
Brazil,BRA,South America,Upper Middle Income,-14.24,-51.93,2001,SDG Goals,SDG Goal 2: Zero Hunger,68.3,score 0-100,SDG Index 2000-2022
Brazil,BRA,South America,Upper Middle Income,-14.24,-51.93,2002,SDG Goals,SDG Goal 2: Zero Hunger,68.1,score 0-100,SDG Index 2000-2022
Brazil,BRA,South America,Upper Middle Income,-14.24,-51.93,2003,SDG Goals,SDG Goal 2: Zero Hunger,70.2,score 0-100,SDG Index 2000-2022
Brazil,BRA,South America,Upper Middle Income,-14.24,-51.93,2004,SDG Goals,SDG Goal 2: Zero Hunger,69.8,score 0-100,SDG Index 2000-2022
Brazil,BRA,South America,Upper Middle Income,-14.24,-51.93,2005,SDG Goals,SDG Goal 2: Zero Hunger,69.5,score 0-100,SDG Index 2000-2022
Brazil,BRA,South America,Upper Middle Income,-14.24,-51.93,2006,SDG Goals,SDG Goal 2: Zero Hunger,70.0,score 0-100,SDG Index 2000-2022
Brazil,BRA,South America,Upper Middle Income,-14.24,-51.93,2007,SDG Goals,SDG Goal 2: Zero Hunger,70.6,score 0-100,SDG Index 2000-2022
Brazil,BRA,South America,Upper Middle Income,-14.24,-51.93,2008,SDG Goals,SDG Goal 2: Zero Hunger,71.4,score 0-100,SDG Index 2000-2022
Brazil,BRA,South America,Upper Middle Income,-14.24,-51.93,2009,SDG Goals,SDG Goal 2: Zero Hunger,70.7,score 0-100,SDG Index 2000-2022
Brazil,BRA,South America,Upper Middle Income,-14.24,-51.93,2010,SDG Goals,SDG Goal 2: Zero Hunger,71.5,score 0-100,SDG Index 2000-2022
Brazil,BRA,South America,Upper Middle Income,-14.24,-51.93,2011,SDG Goals,SDG Goal 2: Zero Hunger,71.1,score 0-100,SDG Index 2000-2022
Brazil,BRA,South America,Upper Middle Income,-14.24,-51.93,2012,SDG Goals,SDG Goal 2: Zero Hunger,71.6,score 0-100,SDG Index 2000-2022
Brazil,BRA,South America,Upper Middle Income,-14.24,-51.93,2013,SDG Goals,SDG Goal 2: Zero Hunger,71.5,score 0-100,SDG Index 2000-2022
Brazil,BRA,South America,Upper Middle Income,-14.24,-51.93,2014,SDG Goals,SDG Goal 2: Zero Hunger,71.3,score 0-100,SDG Index 2000-2022
Brazil,BRA,South America,Upper Middle Income,-14.24,-51.93,2015,SDG Goals,SDG Goal 2: Zero Hunger,72.2,score 0-100,SDG Index 2000-2022
Brazil,BRA,South America,Upper Middle Income,-14.24,-51.93,2016,SDG Goals,SDG Goal 2: Zero Hunger,69.7,score 0-100,SDG Index 2000-2022
Brazil,BRA,South America,Upper Middle Income,-14.24,-51.93,2017,SDG Goals,SDG Goal 2: Zero Hunger,71.7,score 0-100,SDG Index 2000-2022
Brazil,BRA,South America,Upper Middle Income,-14.24,-51.93,2018,SDG Goals,SDG Goal 2: Zero Hunger,70.9,score 0-100,SDG Index 2000-2022
Brazil,BRA,South America,Upper Middle Income,-14.24,-51.93,2019,SDG Goals,SDG Goal 2: Zero Hunger,70.8,score 0-100,SDG Index 2000-2022
Brazil,BRA,South America,Upper Middle Income,-14.24,-51.93,2020,SDG Goals,SDG Goal 2: Zero Hunger,70.1,score 0-100,SDG Index 2000-2022
Brazil,BRA,South America,Upper Middle Income,-14.24,-51.93,2021,SDG Goals,SDG Goal 2: Zero Hunger,68.7,score 0-100,SDG Index 2000-2022
Brazil,BRA,South America,Upper Middle Income,-14.24,-51.93,2022,SDG Goals,SDG Goal 2: Zero Hunger,68.7,score 0-100,SDG Index 2000-2022
Canada,CAN,North America,High Income,56.13,-106.35,2000,SDG Goals,SDG Goal 2: Zero Hunger,65.2,score 0-100,SDG Index 2000-2022
Canada,CAN,North America,High Income,56.13,-106.35,2001,SDG Goals,SDG Goal 2: Zero Hunger,63.1,score 0-100,SDG Index 2000-2022
Canada,CAN,North America,High Income,56.13,-106.35,2002,SDG Goals,SDG Goal 2: Zero Hunger,62.1,score 0-100,SDG Index 2000-2022
Canada,CAN,North America,High Income,56.13,-106.35,2003,SDG Goals,SDG Goal 2: Zero Hunger,64.0,score 0-100,SDG Index 2000-2022
Canada,CAN,North America,High Income,56.13,-106.35,2004,SDG Goals,SDG Goal 2: Zero Hunger,65.1,score 0-100,SDG Index 2000-2022
Canada,CAN,North America,High Income,56.13,-106.35,2005,SDG Goals,SDG Goal 2: Zero Hunger,65.0,score 0-100,SDG Index 2000-2022
Canada,CAN,North America,High Income,56.13,-106.35,2006,SDG Goals,SDG Goal 2: Zero Hunger,64.6,score 0-100,SDG Index 2000-2022
Canada,CAN,North America,High Income,56.13,-106.35,2007,SDG Goals,SDG Goal 2: Zero Hunger,63.2,score 0-100,SDG Index 2000-2022
Canada,CAN,North America,High Income,56.13,-106.35,2008,SDG Goals,SDG Goal 2: Zero Hunger,64.9,score 0-100,SDG Index 2000-2022
Canada,CAN,North America,High Income,56.13,-106.35,2009,SDG Goals,SDG Goal 2: Zero Hunger,64.2,score 0-100,SDG Index 2000-2022
Canada,CAN,North America,High Income,56.13,-106.35,2010,SDG Goals,SDG Goal 2: Zero Hunger,63.9,score 0-100,SDG Index 2000-2022
Canada,CAN,North America,High Income,56.13,-106.35,2011,SDG Goals,SDG Goal 2: Zero Hunger,63.4,score 0-100,SDG Index 2000-2022
Canada,CAN,North America,High Income,56.13,-106.35,2012,SDG Goals,SDG Goal 2: Zero Hunger,63.5,score 0-100,SDG Index 2000-2022
Canada,CAN,North America,High Income,56.13,-106.35,2013,SDG Goals,SDG Goal 2: Zero Hunger,66.5,score 0-100,SDG Index 2000-2022
Canada,CAN,North America,High Income,56.13,-106.35,2014,SDG Goals,SDG Goal 2: Zero Hunger,64.1,score 0-100,SDG Index 2000-2022
Canada,CAN,North America,High Income,56.13,-106.35,2015,SDG Goals,SDG Goal 2: Zero Hunger,64.2,score 0-100,SDG Index 2000-2022
Canada,CAN,North America,High Income,56.13,-106.35,2016,SDG Goals,SDG Goal 2: Zero Hunger,66.0,score 0-100,SDG Index 2000-2022
Canada,CAN,North America,High Income,56.13,-106.35,2017,SDG Goals,SDG Goal 2: Zero Hunger,65.7,score 0-100,SDG Index 2000-2022
Canada,CAN,North America,High Income,56.13,-106.35,2018,SDG Goals,SDG Goal 2: Zero Hunger,65.1,score 0-100,SDG Index 2000-2022
Canada,CAN,North America,High Income,56.13,-106.35,2019,SDG Goals,SDG Goal 2: Zero Hunger,65.3,score 0-100,SDG Index 2000-2022
Canada,CAN,North America,High Income,56.13,-106.35,2020,SDG Goals,SDG Goal 2: Zero Hunger,65.4,score 0-100,SDG Index 2000-2022
Canada,CAN,North America,High Income,56.13,-106.35,2021,SDG Goals,SDG Goal 2: Zero Hunger,63.5,score 0-100,SDG Index 2000-2022
Canada,CAN,North America,High Income,56.13,-106.35,2022,SDG Goals,SDG Goal 2: Zero Hunger,63.5,score 0-100,SDG Index 2000-2022
France,FRA,Europe,High Income,46.23,2.21,2000,SDG Goals,SDG Goal 2: Zero Hunger,74.6,score 0-100,SDG Index 2000-2022
France,FRA,Europe,High Income,46.23,2.21,2001,SDG Goals,SDG Goal 2: Zero Hunger,73.2,score 0-100,SDG Index 2000-2022
France,FRA,Europe,High Income,46.23,2.21,2002,SDG Goals,SDG Goal 2: Zero Hunger,74.7,score 0-100,SDG Index 2000-2022
France,FRA,Europe,High Income,46.23,2.21,2003,SDG Goals,SDG Goal 2: Zero Hunger,71.6,score 0-100,SDG Index 2000-2022
France,FRA,Europe,High Income,46.23,2.21,2004,SDG Goals,SDG Goal 2: Zero Hunger,74.4,score 0-100,SDG Index 2000-2022
France,FRA,Europe,High Income,46.23,2.21,2005,SDG Goals,SDG Goal 2: Zero Hunger,73.8,score 0-100,SDG Index 2000-2022
France,FRA,Europe,High Income,46.23,2.21,2006,SDG Goals,SDG Goal 2: Zero Hunger,73.2,score 0-100,SDG Index 2000-2022
France,FRA,Europe,High Income,46.23,2.21,2007,SDG Goals,SDG Goal 2: Zero Hunger,71.9,score 0-100,SDG Index 2000-2022
France,FRA,Europe,High Income,46.23,2.21,2008,SDG Goals,SDG Goal 2: Zero Hunger,74.0,score 0-100,SDG Index 2000-2022
France,FRA,Europe,High Income,46.23,2.21,2009,SDG Goals,SDG Goal 2: Zero Hunger,74.2,score 0-100,SDG Index 2000-2022
France,FRA,Europe,High Income,46.23,2.21,2010,SDG Goals,SDG Goal 2: Zero Hunger,73.5,score 0-100,SDG Index 2000-2022
France,FRA,Europe,High Income,46.23,2.21,2011,SDG Goals,SDG Goal 2: Zero Hunger,73.1,score 0-100,SDG Index 2000-2022
France,FRA,Europe,High Income,46.23,2.21,2012,SDG Goals,SDG Goal 2: Zero Hunger,73.4,score 0-100,SDG Index 2000-2022
France,FRA,Europe,High Income,46.23,2.21,2013,SDG Goals,SDG Goal 2: Zero Hunger,73.0,score 0-100,SDG Index 2000-2022
France,FRA,Europe,High Income,46.23,2.21,2014,SDG Goals,SDG Goal 2: Zero Hunger,73.4,score 0-100,SDG Index 2000-2022
France,FRA,Europe,High Income,46.23,2.21,2015,SDG Goals,SDG Goal 2: Zero Hunger,73.2,score 0-100,SDG Index 2000-2022
France,FRA,Europe,High Income,46.23,2.21,2016,SDG Goals,SDG Goal 2: Zero Hunger,69.1,score 0-100,SDG Index 2000-2022
France,FRA,Europe,High Income,46.23,2.21,2017,SDG Goals,SDG Goal 2: Zero Hunger,72.9,score 0-100,SDG Index 2000-2022
France,FRA,Europe,High Income,46.23,2.21,2018,SDG Goals,SDG Goal 2: Zero Hunger,72.1,score 0-100,SDG Index 2000-2022
France,FRA,Europe,High Income,46.23,2.21,2019,SDG Goals,SDG Goal 2: Zero Hunger,72.4,score 0-100,SDG Index 2000-2022
France,FRA,Europe,High Income,46.23,2.21,2020,SDG Goals,SDG Goal 2: Zero Hunger,71.3,score 0-100,SDG Index 2000-2022
France,FRA,Europe,High Income,46.23,2.21,2021,SDG Goals,SDG Goal 2: Zero Hunger,72.4,score 0-100,SDG Index 2000-2022
France,FRA,Europe,High Income,46.23,2.21,2022,SDG Goals,SDG Goal 2: Zero Hunger,72.4,score 0-100,SDG Index 2000-2022
Germany,DEU,Europe,High Income,51.17,10.45,2000,SDG Goals,SDG Goal 2: Zero Hunger,75.0,score 0-100,SDG Index 2000-2022
Germany,DEU,Europe,High Income,51.17,10.45,2001,SDG Goals,SDG Goal 2: Zero Hunger,75.8,score 0-100,SDG Index 2000-2022
Germany,DEU,Europe,High Income,51.17,10.45,2002,SDG Goals,SDG Goal 2: Zero Hunger,73.6,score 0-100,SDG Index 2000-2022
Germany,DEU,Europe,High Income,51.17,10.45,2003,SDG Goals,SDG Goal 2: Zero Hunger,71.6,score 0-100,SDG Index 2000-2022
Germany,DEU,Europe,High Income,51.17,10.45,2004,SDG Goals,SDG Goal 2: Zero Hunger,75.4,score 0-100,SDG Index 2000-2022
Germany,DEU,Europe,High Income,51.17,10.45,2005,SDG Goals,SDG Goal 2: Zero Hunger,74.0,score 0-100,SDG Index 2000-2022
Germany,DEU,Europe,High Income,51.17,10.45,2006,SDG Goals,SDG Goal 2: Zero Hunger,73.3,score 0-100,SDG Index 2000-2022
Germany,DEU,Europe,High Income,51.17,10.45,2007,SDG Goals,SDG Goal 2: Zero Hunger,71.9,score 0-100,SDG Index 2000-2022
Germany,DEU,Europe,High Income,51.17,10.45,2008,SDG Goals,SDG Goal 2: Zero Hunger,74.5,score 0-100,SDG Index 2000-2022
Germany,DEU,Europe,High Income,51.17,10.45,2009,SDG Goals,SDG Goal 2: Zero Hunger,74.3,score 0-100,SDG Index 2000-2022
Germany,DEU,Europe,High Income,51.17,10.45,2010,SDG Goals,SDG Goal 2: Zero Hunger,72.5,score 0-100,SDG Index 2000-2022
Germany,DEU,Europe,High Income,51.17,10.45,2011,SDG Goals,SDG Goal 2: Zero Hunger,72.3,score 0-100,SDG Index 2000-2022
Germany,DEU,Europe,High Income,51.17,10.45,2012,SDG Goals,SDG Goal 2: Zero Hunger,73.4,score 0-100,SDG Index 2000-2022
Germany,DEU,Europe,High Income,51.17,10.45,2013,SDG Goals,SDG Goal 2: Zero Hunger,73.4,score 0-100,SDG Index 2000-2022
Germany,DEU,Europe,High Income,51.17,10.45,2014,SDG Goals,SDG Goal 2: Zero Hunger,73.1,score 0-100,SDG Index 2000-2022
Germany,DEU,Europe,High Income,51.17,10.45,2015,SDG Goals,SDG Goal 2: Zero Hunger,72.8,score 0-100,SDG Index 2000-2022
Germany,DEU,Europe,High Income,51.17,10.45,2016,SDG Goals,SDG Goal 2: Zero Hunger,72.8,score 0-100,SDG Index 2000-2022
Germany,DEU,Europe,High Income,51.17,10.45,2017,SDG Goals,SDG Goal 2: Zero Hunger,73.2,score 0-100,SDG Index 2000-2022
Germany,DEU,Europe,High Income,51.17,10.45,2018,SDG Goals,SDG Goal 2: Zero Hunger,70.9,score 0-100,SDG Index 2000-2022
Germany,DEU,Europe,High Income,51.17,10.45,2019,SDG Goals,SDG Goal 2: Zero Hunger,72.3,score 0-100,SDG Index 2000-2022
Germany,DEU,Europe,High Income,51.17,10.45,2020,SDG Goals,SDG Goal 2: Zero Hunger,72.4,score 0-100,SDG Index 2000-2022
Germany,DEU,Europe,High Income,51.17,10.45,2021,SDG Goals,SDG Goal 2: Zero Hunger,72.4,score 0-100,SDG Index 2000-2022
Germany,DEU,Europe,High Income,51.17,10.45,2022,SDG Goals,SDG Goal 2: Zero Hunger,72.4,score 0-100,SDG Index 2000-2022
India,IND,Asia,Lower Middle Income,20.59,78.96,2000,SDG Goals,SDG Goal 2: Zero Hunger,47.3,score 0-100,SDG Index 2000-2022
India,IND,Asia,Lower Middle Income,20.59,78.96,2001,SDG Goals,SDG Goal 2: Zero Hunger,47.7,score 0-100,SDG Index 2000-2022
India,IND,Asia,Lower Middle Income,20.59,78.96,2002,SDG Goals,SDG Goal 2: Zero Hunger,46.1,score 0-100,SDG Index 2000-2022
India,IND,Asia,Lower Middle Income,20.59,78.96,2003,SDG Goals,SDG Goal 2: Zero Hunger,46.8,score 0-100,SDG Index 2000-2022
India,IND,Asia,Lower Middle Income,20.59,78.96,2004,SDG Goals,SDG Goal 2: Zero Hunger,46.2,score 0-100,SDG Index 2000-2022
India,IND,Asia,Lower Middle Income,20.59,78.96,2005,SDG Goals,SDG Goal 2: Zero Hunger,46.6,score 0-100,SDG Index 2000-2022
India,IND,Asia,Lower Middle Income,20.59,78.96,2006,SDG Goals,SDG Goal 2: Zero Hunger,47.6,score 0-100,SDG Index 2000-2022
India,IND,Asia,Lower Middle Income,20.59,78.96,2007,SDG Goals,SDG Goal 2: Zero Hunger,49.1,score 0-100,SDG Index 2000-2022
India,IND,Asia,Lower Middle Income,20.59,78.96,2008,SDG Goals,SDG Goal 2: Zero Hunger,49.4,score 0-100,SDG Index 2000-2022
India,IND,Asia,Lower Middle Income,20.59,78.96,2009,SDG Goals,SDG Goal 2: Zero Hunger,49.3,score 0-100,SDG Index 2000-2022
India,IND,Asia,Lower Middle Income,20.59,78.96,2010,SDG Goals,SDG Goal 2: Zero Hunger,50.5,score 0-100,SDG Index 2000-2022
India,IND,Asia,Lower Middle Income,20.59,78.96,2011,SDG Goals,SDG Goal 2: Zero Hunger,51.3,score 0-100,SDG Index 2000-2022
India,IND,Asia,Lower Middle Income,20.59,78.96,2012,SDG Goals,SDG Goal 2: Zero Hunger,52.2,score 0-100,SDG Index 2000-2022
India,IND,Asia,Lower Middle Income,20.59,78.96,2013,SDG Goals,SDG Goal 2: Zero Hunger,52.6,score 0-100,SDG Index 2000-2022
India,IND,Asia,Lower Middle Income,20.59,78.96,2014,SDG Goals,SDG Goal 2: Zero Hunger,53.6,score 0-100,SDG Index 2000-2022
India,IND,Asia,Lower Middle Income,20.59,78.96,2015,SDG Goals,SDG Goal 2: Zero Hunger,51.9,score 0-100,SDG Index 2000-2022
India,IND,Asia,Lower Middle Income,20.59,78.96,2016,SDG Goals,SDG Goal 2: Zero Hunger,52.9,score 0-100,SDG Index 2000-2022
India,IND,Asia,Lower Middle Income,20.59,78.96,2017,SDG Goals,SDG Goal 2: Zero Hunger,53.6,score 0-100,SDG Index 2000-2022
India,IND,Asia,Lower Middle Income,20.59,78.96,2018,SDG Goals,SDG Goal 2: Zero Hunger,54.0,score 0-100,SDG Index 2000-2022
India,IND,Asia,Lower Middle Income,20.59,78.96,2019,SDG Goals,SDG Goal 2: Zero Hunger,54.1,score 0-100,SDG Index 2000-2022
India,IND,Asia,Lower Middle Income,20.59,78.96,2020,SDG Goals,SDG Goal 2: Zero Hunger,53.8,score 0-100,SDG Index 2000-2022
India,IND,Asia,Lower Middle Income,20.59,78.96,2021,SDG Goals,SDG Goal 2: Zero Hunger,54.2,score 0-100,SDG Index 2000-2022
India,IND,Asia,Lower Middle Income,20.59,78.96,2022,SDG Goals,SDG Goal 2: Zero Hunger,54.4,score 0-100,SDG Index 2000-2022
Japan,JPN,Asia,High Income,36.2,138.25,2000,SDG Goals,SDG Goal 2: Zero Hunger,73.2,score 0-100,SDG Index 2000-2022
Japan,JPN,Asia,High Income,36.2,138.25,2001,SDG Goals,SDG Goal 2: Zero Hunger,72.7,score 0-100,SDG Index 2000-2022
Japan,JPN,Asia,High Income,36.2,138.25,2002,SDG Goals,SDG Goal 2: Zero Hunger,72.6,score 0-100,SDG Index 2000-2022
Japan,JPN,Asia,High Income,36.2,138.25,2003,SDG Goals,SDG Goal 2: Zero Hunger,70.9,score 0-100,SDG Index 2000-2022
Japan,JPN,Asia,High Income,36.2,138.25,2004,SDG Goals,SDG Goal 2: Zero Hunger,72.5,score 0-100,SDG Index 2000-2022
Japan,JPN,Asia,High Income,36.2,138.25,2005,SDG Goals,SDG Goal 2: Zero Hunger,73.2,score 0-100,SDG Index 2000-2022
Japan,JPN,Asia,High Income,36.2,138.25,2006,SDG Goals,SDG Goal 2: Zero Hunger,72.5,score 0-100,SDG Index 2000-2022
Japan,JPN,Asia,High Income,36.2,138.25,2007,SDG Goals,SDG Goal 2: Zero Hunger,73.3,score 0-100,SDG Index 2000-2022
Japan,JPN,Asia,High Income,36.2,138.25,2008,SDG Goals,SDG Goal 2: Zero Hunger,73.7,score 0-100,SDG Index 2000-2022
Japan,JPN,Asia,High Income,36.2,138.25,2009,SDG Goals,SDG Goal 2: Zero Hunger,72.8,score 0-100,SDG Index 2000-2022
Japan,JPN,Asia,High Income,36.2,138.25,2010,SDG Goals,SDG Goal 2: Zero Hunger,72.4,score 0-100,SDG Index 2000-2022
Japan,JPN,Asia,High Income,36.2,138.25,2011,SDG Goals,SDG Goal 2: Zero Hunger,73.3,score 0-100,SDG Index 2000-2022
Japan,JPN,Asia,High Income,36.2,138.25,2012,SDG Goals,SDG Goal 2: Zero Hunger,74.4,score 0-100,SDG Index 2000-2022
Japan,JPN,Asia,High Income,36.2,138.25,2013,SDG Goals,SDG Goal 2: Zero Hunger,74.4,score 0-100,SDG Index 2000-2022
Japan,JPN,Asia,High Income,36.2,138.25,2014,SDG Goals,SDG Goal 2: Zero Hunger,74.8,score 0-100,SDG Index 2000-2022
Japan,JPN,Asia,High Income,36.2,138.25,2015,SDG Goals,SDG Goal 2: Zero Hunger,74.9,score 0-100,SDG Index 2000-2022
Japan,JPN,Asia,High Income,36.2,138.25,2016,SDG Goals,SDG Goal 2: Zero Hunger,74.6,score 0-100,SDG Index 2000-2022
Japan,JPN,Asia,High Income,36.2,138.25,2017,SDG Goals,SDG Goal 2: Zero Hunger,74.5,score 0-100,SDG Index 2000-2022
Japan,JPN,Asia,High Income,36.2,138.25,2018,SDG Goals,SDG Goal 2: Zero Hunger,74.6,score 0-100,SDG Index 2000-2022
Japan,JPN,Asia,High Income,36.2,138.25,2019,SDG Goals,SDG Goal 2: Zero Hunger,74.8,score 0-100,SDG Index 2000-2022
Japan,JPN,Asia,High Income,36.2,138.25,2020,SDG Goals,SDG Goal 2: Zero Hunger,74.6,score 0-100,SDG Index 2000-2022
Japan,JPN,Asia,High Income,36.2,138.25,2021,SDG Goals,SDG Goal 2: Zero Hunger,75.2,score 0-100,SDG Index 2000-2022
Japan,JPN,Asia,High Income,36.2,138.25,2022,SDG Goals,SDG Goal 2: Zero Hunger,75.2,score 0-100,SDG Index 2000-2022
South Korea,KOR,Asia,High Income,35.91,127.77,2000,SDG Goals,SDG Goal 2: Zero Hunger,83.0,score 0-100,SDG Index 2000-2022
South Korea,KOR,Asia,High Income,35.91,127.77,2001,SDG Goals,SDG Goal 2: Zero Hunger,82.9,score 0-100,SDG Index 2000-2022
South Korea,KOR,Asia,High Income,35.91,127.77,2002,SDG Goals,SDG Goal 2: Zero Hunger,81.2,score 0-100,SDG Index 2000-2022
South Korea,KOR,Asia,High Income,35.91,127.77,2003,SDG Goals,SDG Goal 2: Zero Hunger,80.5,score 0-100,SDG Index 2000-2022
South Korea,KOR,Asia,High Income,35.91,127.77,2004,SDG Goals,SDG Goal 2: Zero Hunger,82.5,score 0-100,SDG Index 2000-2022
South Korea,KOR,Asia,High Income,35.91,127.77,2005,SDG Goals,SDG Goal 2: Zero Hunger,81.8,score 0-100,SDG Index 2000-2022
South Korea,KOR,Asia,High Income,35.91,127.77,2006,SDG Goals,SDG Goal 2: Zero Hunger,81.8,score 0-100,SDG Index 2000-2022
South Korea,KOR,Asia,High Income,35.91,127.77,2007,SDG Goals,SDG Goal 2: Zero Hunger,80.7,score 0-100,SDG Index 2000-2022
South Korea,KOR,Asia,High Income,35.91,127.77,2008,SDG Goals,SDG Goal 2: Zero Hunger,82.9,score 0-100,SDG Index 2000-2022
South Korea,KOR,Asia,High Income,35.91,127.77,2009,SDG Goals,SDG Goal 2: Zero Hunger,83.4,score 0-100,SDG Index 2000-2022
South Korea,KOR,Asia,High Income,35.91,127.77,2010,SDG Goals,SDG Goal 2: Zero Hunger,81.7,score 0-100,SDG Index 2000-2022
South Korea,KOR,Asia,High Income,35.91,127.77,2011,SDG Goals,SDG Goal 2: Zero Hunger,82.0,score 0-100,SDG Index 2000-2022
South Korea,KOR,Asia,High Income,35.91,127.77,2012,SDG Goals,SDG Goal 2: Zero Hunger,81.0,score 0-100,SDG Index 2000-2022
South Korea,KOR,Asia,High Income,35.91,127.77,2013,SDG Goals,SDG Goal 2: Zero Hunger,82.3,score 0-100,SDG Index 2000-2022
South Korea,KOR,Asia,High Income,35.91,127.77,2014,SDG Goals,SDG Goal 2: Zero Hunger,83.3,score 0-100,SDG Index 2000-2022
South Korea,KOR,Asia,High Income,35.91,127.77,2015,SDG Goals,SDG Goal 2: Zero Hunger,83.0,score 0-100,SDG Index 2000-2022
South Korea,KOR,Asia,High Income,35.91,127.77,2016,SDG Goals,SDG Goal 2: Zero Hunger,82.6,score 0-100,SDG Index 2000-2022
South Korea,KOR,Asia,High Income,35.91,127.77,2017,SDG Goals,SDG Goal 2: Zero Hunger,82.2,score 0-100,SDG Index 2000-2022
South Korea,KOR,Asia,High Income,35.91,127.77,2018,SDG Goals,SDG Goal 2: Zero Hunger,82.0,score 0-100,SDG Index 2000-2022
South Korea,KOR,Asia,High Income,35.91,127.77,2019,SDG Goals,SDG Goal 2: Zero Hunger,81.8,score 0-100,SDG Index 2000-2022
South Korea,KOR,Asia,High Income,35.91,127.77,2020,SDG Goals,SDG Goal 2: Zero Hunger,81.8,score 0-100,SDG Index 2000-2022
South Korea,KOR,Asia,High Income,35.91,127.77,2021,SDG Goals,SDG Goal 2: Zero Hunger,82.9,score 0-100,SDG Index 2000-2022
South Korea,KOR,Asia,High Income,35.91,127.77,2022,SDG Goals,SDG Goal 2: Zero Hunger,82.9,score 0-100,SDG Index 2000-2022
UK,GBR,Europe,High Income,55.38,-3.44,2000,SDG Goals,SDG Goal 2: Zero Hunger,73.1,score 0-100,SDG Index 2000-2022
UK,GBR,Europe,High Income,55.38,-3.44,2001,SDG Goals,SDG Goal 2: Zero Hunger,70.8,score 0-100,SDG Index 2000-2022
UK,GBR,Europe,High Income,55.38,-3.44,2002,SDG Goals,SDG Goal 2: Zero Hunger,72.6,score 0-100,SDG Index 2000-2022
UK,GBR,Europe,High Income,55.38,-3.44,2003,SDG Goals,SDG Goal 2: Zero Hunger,72.3,score 0-100,SDG Index 2000-2022
UK,GBR,Europe,High Income,55.38,-3.44,2004,SDG Goals,SDG Goal 2: Zero Hunger,72.1,score 0-100,SDG Index 2000-2022
UK,GBR,Europe,High Income,55.38,-3.44,2005,SDG Goals,SDG Goal 2: Zero Hunger,71.8,score 0-100,SDG Index 2000-2022
UK,GBR,Europe,High Income,55.38,-3.44,2006,SDG Goals,SDG Goal 2: Zero Hunger,71.5,score 0-100,SDG Index 2000-2022
UK,GBR,Europe,High Income,55.38,-3.44,2007,SDG Goals,SDG Goal 2: Zero Hunger,70.1,score 0-100,SDG Index 2000-2022
UK,GBR,Europe,High Income,55.38,-3.44,2008,SDG Goals,SDG Goal 2: Zero Hunger,71.7,score 0-100,SDG Index 2000-2022
UK,GBR,Europe,High Income,55.38,-3.44,2009,SDG Goals,SDG Goal 2: Zero Hunger,71.1,score 0-100,SDG Index 2000-2022
UK,GBR,Europe,High Income,55.38,-3.44,2010,SDG Goals,SDG Goal 2: Zero Hunger,70.4,score 0-100,SDG Index 2000-2022
UK,GBR,Europe,High Income,55.38,-3.44,2011,SDG Goals,SDG Goal 2: Zero Hunger,70.5,score 0-100,SDG Index 2000-2022
UK,GBR,Europe,High Income,55.38,-3.44,2012,SDG Goals,SDG Goal 2: Zero Hunger,68.2,score 0-100,SDG Index 2000-2022
UK,GBR,Europe,High Income,55.38,-3.44,2013,SDG Goals,SDG Goal 2: Zero Hunger,69.0,score 0-100,SDG Index 2000-2022
UK,GBR,Europe,High Income,55.38,-3.44,2014,SDG Goals,SDG Goal 2: Zero Hunger,69.6,score 0-100,SDG Index 2000-2022
UK,GBR,Europe,High Income,55.38,-3.44,2015,SDG Goals,SDG Goal 2: Zero Hunger,69.1,score 0-100,SDG Index 2000-2022
UK,GBR,Europe,High Income,55.38,-3.44,2016,SDG Goals,SDG Goal 2: Zero Hunger,68.6,score 0-100,SDG Index 2000-2022
UK,GBR,Europe,High Income,55.38,-3.44,2017,SDG Goals,SDG Goal 2: Zero Hunger,68.8,score 0-100,SDG Index 2000-2022
UK,GBR,Europe,High Income,55.38,-3.44,2018,SDG Goals,SDG Goal 2: Zero Hunger,68.1,score 0-100,SDG Index 2000-2022
UK,GBR,Europe,High Income,55.38,-3.44,2019,SDG Goals,SDG Goal 2: Zero Hunger,68.5,score 0-100,SDG Index 2000-2022
UK,GBR,Europe,High Income,55.38,-3.44,2020,SDG Goals,SDG Goal 2: Zero Hunger,67.1,score 0-100,SDG Index 2000-2022
UK,GBR,Europe,High Income,55.38,-3.44,2021,SDG Goals,SDG Goal 2: Zero Hunger,68.4,score 0-100,SDG Index 2000-2022
UK,GBR,Europe,High Income,55.38,-3.44,2022,SDG Goals,SDG Goal 2: Zero Hunger,68.4,score 0-100,SDG Index 2000-2022
USA,USA,North America,High Income,37.09,-95.71,2000,SDG Goals,SDG Goal 2: Zero Hunger,69.0,score 0-100,SDG Index 2000-2022
USA,USA,North America,High Income,37.09,-95.71,2001,SDG Goals,SDG Goal 2: Zero Hunger,68.4,score 0-100,SDG Index 2000-2022
USA,USA,North America,High Income,37.09,-95.71,2002,SDG Goals,SDG Goal 2: Zero Hunger,67.1,score 0-100,SDG Index 2000-2022
USA,USA,North America,High Income,37.09,-95.71,2003,SDG Goals,SDG Goal 2: Zero Hunger,68.1,score 0-100,SDG Index 2000-2022
USA,USA,North America,High Income,37.09,-95.71,2004,SDG Goals,SDG Goal 2: Zero Hunger,70.1,score 0-100,SDG Index 2000-2022
USA,USA,North America,High Income,37.09,-95.71,2005,SDG Goals,SDG Goal 2: Zero Hunger,68.8,score 0-100,SDG Index 2000-2022
USA,USA,North America,High Income,37.09,-95.71,2006,SDG Goals,SDG Goal 2: Zero Hunger,68.0,score 0-100,SDG Index 2000-2022
USA,USA,North America,High Income,37.09,-95.71,2007,SDG Goals,SDG Goal 2: Zero Hunger,68.7,score 0-100,SDG Index 2000-2022
USA,USA,North America,High Income,37.09,-95.71,2008,SDG Goals,SDG Goal 2: Zero Hunger,68.6,score 0-100,SDG Index 2000-2022
USA,USA,North America,High Income,37.09,-95.71,2009,SDG Goals,SDG Goal 2: Zero Hunger,69.6,score 0-100,SDG Index 2000-2022
USA,USA,North America,High Income,37.09,-95.71,2010,SDG Goals,SDG Goal 2: Zero Hunger,69.6,score 0-100,SDG Index 2000-2022
USA,USA,North America,High Income,37.09,-95.71,2011,SDG Goals,SDG Goal 2: Zero Hunger,68.4,score 0-100,SDG Index 2000-2022
USA,USA,North America,High Income,37.09,-95.71,2012,SDG Goals,SDG Goal 2: Zero Hunger,66.4,score 0-100,SDG Index 2000-2022
USA,USA,North America,High Income,37.09,-95.71,2013,SDG Goals,SDG Goal 2: Zero Hunger,68.6,score 0-100,SDG Index 2000-2022
USA,USA,North America,High Income,37.09,-95.71,2014,SDG Goals,SDG Goal 2: Zero Hunger,68.6,score 0-100,SDG Index 2000-2022
USA,USA,North America,High Income,37.09,-95.71,2015,SDG Goals,SDG Goal 2: Zero Hunger,68.3,score 0-100,SDG Index 2000-2022
USA,USA,North America,High Income,37.09,-95.71,2016,SDG Goals,SDG Goal 2: Zero Hunger,68.7,score 0-100,SDG Index 2000-2022
USA,USA,North America,High Income,37.09,-95.71,2017,SDG Goals,SDG Goal 2: Zero Hunger,68.5,score 0-100,SDG Index 2000-2022
USA,USA,North America,High Income,37.09,-95.71,2018,SDG Goals,SDG Goal 2: Zero Hunger,68.7,score 0-100,SDG Index 2000-2022
USA,USA,North America,High Income,37.09,-95.71,2019,SDG Goals,SDG Goal 2: Zero Hunger,68.7,score 0-100,SDG Index 2000-2022
USA,USA,North America,High Income,37.09,-95.71,2020,SDG Goals,SDG Goal 2: Zero Hunger,68.7,score 0-100,SDG Index 2000-2022
USA,USA,North America,High Income,37.09,-95.71,2021,SDG Goals,SDG Goal 2: Zero Hunger,68.6,score 0-100,SDG Index 2000-2022
USA,USA,North America,High Income,37.09,-95.71,2022,SDG Goals,SDG Goal 2: Zero Hunger,68.6,score 0-100,SDG Index 2000-2022
Australia,AUS,Oceania,High Income,-25.27,133.77,2000,SDG Goals,SDG Goal 3: Good Health,90.5,score 0-100,SDG Index 2000-2022
Australia,AUS,Oceania,High Income,-25.27,133.77,2001,SDG Goals,SDG Goal 3: Good Health,91.0,score 0-100,SDG Index 2000-2022
Australia,AUS,Oceania,High Income,-25.27,133.77,2002,SDG Goals,SDG Goal 3: Good Health,91.2,score 0-100,SDG Index 2000-2022
Australia,AUS,Oceania,High Income,-25.27,133.77,2003,SDG Goals,SDG Goal 3: Good Health,91.7,score 0-100,SDG Index 2000-2022
Australia,AUS,Oceania,High Income,-25.27,133.77,2004,SDG Goals,SDG Goal 3: Good Health,91.8,score 0-100,SDG Index 2000-2022
Australia,AUS,Oceania,High Income,-25.27,133.77,2005,SDG Goals,SDG Goal 3: Good Health,92.1,score 0-100,SDG Index 2000-2022
Australia,AUS,Oceania,High Income,-25.27,133.77,2006,SDG Goals,SDG Goal 3: Good Health,92.3,score 0-100,SDG Index 2000-2022
Australia,AUS,Oceania,High Income,-25.27,133.77,2007,SDG Goals,SDG Goal 3: Good Health,92.4,score 0-100,SDG Index 2000-2022
Australia,AUS,Oceania,High Income,-25.27,133.77,2008,SDG Goals,SDG Goal 3: Good Health,92.6,score 0-100,SDG Index 2000-2022
Australia,AUS,Oceania,High Income,-25.27,133.77,2009,SDG Goals,SDG Goal 3: Good Health,92.7,score 0-100,SDG Index 2000-2022
Australia,AUS,Oceania,High Income,-25.27,133.77,2010,SDG Goals,SDG Goal 3: Good Health,94.0,score 0-100,SDG Index 2000-2022
Australia,AUS,Oceania,High Income,-25.27,133.77,2011,SDG Goals,SDG Goal 3: Good Health,94.1,score 0-100,SDG Index 2000-2022
Australia,AUS,Oceania,High Income,-25.27,133.77,2012,SDG Goals,SDG Goal 3: Good Health,94.0,score 0-100,SDG Index 2000-2022
Australia,AUS,Oceania,High Income,-25.27,133.77,2013,SDG Goals,SDG Goal 3: Good Health,94.4,score 0-100,SDG Index 2000-2022
Australia,AUS,Oceania,High Income,-25.27,133.77,2014,SDG Goals,SDG Goal 3: Good Health,94.6,score 0-100,SDG Index 2000-2022
Australia,AUS,Oceania,High Income,-25.27,133.77,2015,SDG Goals,SDG Goal 3: Good Health,95.2,score 0-100,SDG Index 2000-2022
Australia,AUS,Oceania,High Income,-25.27,133.77,2016,SDG Goals,SDG Goal 3: Good Health,95.3,score 0-100,SDG Index 2000-2022
Australia,AUS,Oceania,High Income,-25.27,133.77,2017,SDG Goals,SDG Goal 3: Good Health,95.6,score 0-100,SDG Index 2000-2022
Australia,AUS,Oceania,High Income,-25.27,133.77,2018,SDG Goals,SDG Goal 3: Good Health,95.5,score 0-100,SDG Index 2000-2022
Australia,AUS,Oceania,High Income,-25.27,133.77,2019,SDG Goals,SDG Goal 3: Good Health,95.6,score 0-100,SDG Index 2000-2022
Australia,AUS,Oceania,High Income,-25.27,133.77,2020,SDG Goals,SDG Goal 3: Good Health,95.4,score 0-100,SDG Index 2000-2022
Australia,AUS,Oceania,High Income,-25.27,133.77,2021,SDG Goals,SDG Goal 3: Good Health,95.4,score 0-100,SDG Index 2000-2022
Australia,AUS,Oceania,High Income,-25.27,133.77,2022,SDG Goals,SDG Goal 3: Good Health,95.2,score 0-100,SDG Index 2000-2022
Brazil,BRA,South America,Upper Middle Income,-14.24,-51.93,2000,SDG Goals,SDG Goal 3: Good Health,72.4,score 0-100,SDG Index 2000-2022
Brazil,BRA,South America,Upper Middle Income,-14.24,-51.93,2001,SDG Goals,SDG Goal 3: Good Health,72.8,score 0-100,SDG Index 2000-2022
Brazil,BRA,South America,Upper Middle Income,-14.24,-51.93,2002,SDG Goals,SDG Goal 3: Good Health,72.8,score 0-100,SDG Index 2000-2022
Brazil,BRA,South America,Upper Middle Income,-14.24,-51.93,2003,SDG Goals,SDG Goal 3: Good Health,73.5,score 0-100,SDG Index 2000-2022
Brazil,BRA,South America,Upper Middle Income,-14.24,-51.93,2004,SDG Goals,SDG Goal 3: Good Health,73.6,score 0-100,SDG Index 2000-2022
Brazil,BRA,South America,Upper Middle Income,-14.24,-51.93,2005,SDG Goals,SDG Goal 3: Good Health,74.7,score 0-100,SDG Index 2000-2022
Brazil,BRA,South America,Upper Middle Income,-14.24,-51.93,2006,SDG Goals,SDG Goal 3: Good Health,75.3,score 0-100,SDG Index 2000-2022
Brazil,BRA,South America,Upper Middle Income,-14.24,-51.93,2007,SDG Goals,SDG Goal 3: Good Health,75.2,score 0-100,SDG Index 2000-2022
Brazil,BRA,South America,Upper Middle Income,-14.24,-51.93,2008,SDG Goals,SDG Goal 3: Good Health,76.2,score 0-100,SDG Index 2000-2022
Brazil,BRA,South America,Upper Middle Income,-14.24,-51.93,2009,SDG Goals,SDG Goal 3: Good Health,77.2,score 0-100,SDG Index 2000-2022
Brazil,BRA,South America,Upper Middle Income,-14.24,-51.93,2010,SDG Goals,SDG Goal 3: Good Health,77.7,score 0-100,SDG Index 2000-2022
Brazil,BRA,South America,Upper Middle Income,-14.24,-51.93,2011,SDG Goals,SDG Goal 3: Good Health,78.1,score 0-100,SDG Index 2000-2022
Brazil,BRA,South America,Upper Middle Income,-14.24,-51.93,2012,SDG Goals,SDG Goal 3: Good Health,77.7,score 0-100,SDG Index 2000-2022
Brazil,BRA,South America,Upper Middle Income,-14.24,-51.93,2013,SDG Goals,SDG Goal 3: Good Health,78.8,score 0-100,SDG Index 2000-2022
Brazil,BRA,South America,Upper Middle Income,-14.24,-51.93,2014,SDG Goals,SDG Goal 3: Good Health,78.3,score 0-100,SDG Index 2000-2022
Brazil,BRA,South America,Upper Middle Income,-14.24,-51.93,2015,SDG Goals,SDG Goal 3: Good Health,79.0,score 0-100,SDG Index 2000-2022
Brazil,BRA,South America,Upper Middle Income,-14.24,-51.93,2016,SDG Goals,SDG Goal 3: Good Health,78.2,score 0-100,SDG Index 2000-2022
Brazil,BRA,South America,Upper Middle Income,-14.24,-51.93,2017,SDG Goals,SDG Goal 3: Good Health,79.0,score 0-100,SDG Index 2000-2022
Brazil,BRA,South America,Upper Middle Income,-14.24,-51.93,2018,SDG Goals,SDG Goal 3: Good Health,79.1,score 0-100,SDG Index 2000-2022
Brazil,BRA,South America,Upper Middle Income,-14.24,-51.93,2019,SDG Goals,SDG Goal 3: Good Health,78.2,score 0-100,SDG Index 2000-2022
Brazil,BRA,South America,Upper Middle Income,-14.24,-51.93,2020,SDG Goals,SDG Goal 3: Good Health,78.4,score 0-100,SDG Index 2000-2022
Brazil,BRA,South America,Upper Middle Income,-14.24,-51.93,2021,SDG Goals,SDG Goal 3: Good Health,77.2,score 0-100,SDG Index 2000-2022
Brazil,BRA,South America,Upper Middle Income,-14.24,-51.93,2022,SDG Goals,SDG Goal 3: Good Health,77.7,score 0-100,SDG Index 2000-2022
Canada,CAN,North America,High Income,56.13,-106.35,2000,SDG Goals,SDG Goal 3: Good Health,88.8,score 0-100,SDG Index 2000-2022
Canada,CAN,North America,High Income,56.13,-106.35,2001,SDG Goals,SDG Goal 3: Good Health,89.1,score 0-100,SDG Index 2000-2022
Canada,CAN,North America,High Income,56.13,-106.35,2002,SDG Goals,SDG Goal 3: Good Health,89.0,score 0-100,SDG Index 2000-2022
Canada,CAN,North America,High Income,56.13,-106.35,2003,SDG Goals,SDG Goal 3: Good Health,89.6,score 0-100,SDG Index 2000-2022
Canada,CAN,North America,High Income,56.13,-106.35,2004,SDG Goals,SDG Goal 3: Good Health,89.8,score 0-100,SDG Index 2000-2022
Canada,CAN,North America,High Income,56.13,-106.35,2005,SDG Goals,SDG Goal 3: Good Health,90.7,score 0-100,SDG Index 2000-2022
Canada,CAN,North America,High Income,56.13,-106.35,2006,SDG Goals,SDG Goal 3: Good Health,91.0,score 0-100,SDG Index 2000-2022
Canada,CAN,North America,High Income,56.13,-106.35,2007,SDG Goals,SDG Goal 3: Good Health,91.4,score 0-100,SDG Index 2000-2022
Canada,CAN,North America,High Income,56.13,-106.35,2008,SDG Goals,SDG Goal 3: Good Health,91.4,score 0-100,SDG Index 2000-2022
Canada,CAN,North America,High Income,56.13,-106.35,2009,SDG Goals,SDG Goal 3: Good Health,91.6,score 0-100,SDG Index 2000-2022
Canada,CAN,North America,High Income,56.13,-106.35,2010,SDG Goals,SDG Goal 3: Good Health,92.6,score 0-100,SDG Index 2000-2022
Canada,CAN,North America,High Income,56.13,-106.35,2011,SDG Goals,SDG Goal 3: Good Health,92.4,score 0-100,SDG Index 2000-2022
Canada,CAN,North America,High Income,56.13,-106.35,2012,SDG Goals,SDG Goal 3: Good Health,92.6,score 0-100,SDG Index 2000-2022
Canada,CAN,North America,High Income,56.13,-106.35,2013,SDG Goals,SDG Goal 3: Good Health,93.4,score 0-100,SDG Index 2000-2022
Canada,CAN,North America,High Income,56.13,-106.35,2014,SDG Goals,SDG Goal 3: Good Health,93.1,score 0-100,SDG Index 2000-2022
Canada,CAN,North America,High Income,56.13,-106.35,2015,SDG Goals,SDG Goal 3: Good Health,93.9,score 0-100,SDG Index 2000-2022
Canada,CAN,North America,High Income,56.13,-106.35,2016,SDG Goals,SDG Goal 3: Good Health,93.6,score 0-100,SDG Index 2000-2022
Canada,CAN,North America,High Income,56.13,-106.35,2017,SDG Goals,SDG Goal 3: Good Health,94.3,score 0-100,SDG Index 2000-2022
Canada,CAN,North America,High Income,56.13,-106.35,2018,SDG Goals,SDG Goal 3: Good Health,94.2,score 0-100,SDG Index 2000-2022
Canada,CAN,North America,High Income,56.13,-106.35,2019,SDG Goals,SDG Goal 3: Good Health,94.2,score 0-100,SDG Index 2000-2022
Canada,CAN,North America,High Income,56.13,-106.35,2020,SDG Goals,SDG Goal 3: Good Health,94.0,score 0-100,SDG Index 2000-2022
Canada,CAN,North America,High Income,56.13,-106.35,2021,SDG Goals,SDG Goal 3: Good Health,93.9,score 0-100,SDG Index 2000-2022
Canada,CAN,North America,High Income,56.13,-106.35,2022,SDG Goals,SDG Goal 3: Good Health,93.9,score 0-100,SDG Index 2000-2022
France,FRA,Europe,High Income,46.23,2.21,2000,SDG Goals,SDG Goal 3: Good Health,88.7,score 0-100,SDG Index 2000-2022
France,FRA,Europe,High Income,46.23,2.21,2001,SDG Goals,SDG Goal 3: Good Health,88.9,score 0-100,SDG Index 2000-2022
France,FRA,Europe,High Income,46.23,2.21,2002,SDG Goals,SDG Goal 3: Good Health,89.4,score 0-100,SDG Index 2000-2022
France,FRA,Europe,High Income,46.23,2.21,2003,SDG Goals,SDG Goal 3: Good Health,90.2,score 0-100,SDG Index 2000-2022
France,FRA,Europe,High Income,46.23,2.21,2004,SDG Goals,SDG Goal 3: Good Health,90.7,score 0-100,SDG Index 2000-2022
France,FRA,Europe,High Income,46.23,2.21,2005,SDG Goals,SDG Goal 3: Good Health,90.7,score 0-100,SDG Index 2000-2022
France,FRA,Europe,High Income,46.23,2.21,2006,SDG Goals,SDG Goal 3: Good Health,91.3,score 0-100,SDG Index 2000-2022
France,FRA,Europe,High Income,46.23,2.21,2007,SDG Goals,SDG Goal 3: Good Health,90.7,score 0-100,SDG Index 2000-2022
France,FRA,Europe,High Income,46.23,2.21,2008,SDG Goals,SDG Goal 3: Good Health,91.5,score 0-100,SDG Index 2000-2022
France,FRA,Europe,High Income,46.23,2.21,2009,SDG Goals,SDG Goal 3: Good Health,90.4,score 0-100,SDG Index 2000-2022
France,FRA,Europe,High Income,46.23,2.21,2010,SDG Goals,SDG Goal 3: Good Health,92.0,score 0-100,SDG Index 2000-2022
France,FRA,Europe,High Income,46.23,2.21,2011,SDG Goals,SDG Goal 3: Good Health,92.4,score 0-100,SDG Index 2000-2022
France,FRA,Europe,High Income,46.23,2.21,2012,SDG Goals,SDG Goal 3: Good Health,92.1,score 0-100,SDG Index 2000-2022
France,FRA,Europe,High Income,46.23,2.21,2013,SDG Goals,SDG Goal 3: Good Health,92.6,score 0-100,SDG Index 2000-2022
France,FRA,Europe,High Income,46.23,2.21,2014,SDG Goals,SDG Goal 3: Good Health,92.4,score 0-100,SDG Index 2000-2022
France,FRA,Europe,High Income,46.23,2.21,2015,SDG Goals,SDG Goal 3: Good Health,92.4,score 0-100,SDG Index 2000-2022
France,FRA,Europe,High Income,46.23,2.21,2016,SDG Goals,SDG Goal 3: Good Health,92.5,score 0-100,SDG Index 2000-2022
France,FRA,Europe,High Income,46.23,2.21,2017,SDG Goals,SDG Goal 3: Good Health,92.8,score 0-100,SDG Index 2000-2022
France,FRA,Europe,High Income,46.23,2.21,2018,SDG Goals,SDG Goal 3: Good Health,92.9,score 0-100,SDG Index 2000-2022
France,FRA,Europe,High Income,46.23,2.21,2019,SDG Goals,SDG Goal 3: Good Health,93.4,score 0-100,SDG Index 2000-2022
France,FRA,Europe,High Income,46.23,2.21,2020,SDG Goals,SDG Goal 3: Good Health,93.4,score 0-100,SDG Index 2000-2022
France,FRA,Europe,High Income,46.23,2.21,2021,SDG Goals,SDG Goal 3: Good Health,93.4,score 0-100,SDG Index 2000-2022
France,FRA,Europe,High Income,46.23,2.21,2022,SDG Goals,SDG Goal 3: Good Health,93.2,score 0-100,SDG Index 2000-2022
Germany,DEU,Europe,High Income,51.17,10.45,2000,SDG Goals,SDG Goal 3: Good Health,87.7,score 0-100,SDG Index 2000-2022
Germany,DEU,Europe,High Income,51.17,10.45,2001,SDG Goals,SDG Goal 3: Good Health,88.5,score 0-100,SDG Index 2000-2022
Germany,DEU,Europe,High Income,51.17,10.45,2002,SDG Goals,SDG Goal 3: Good Health,88.7,score 0-100,SDG Index 2000-2022
Germany,DEU,Europe,High Income,51.17,10.45,2003,SDG Goals,SDG Goal 3: Good Health,89.1,score 0-100,SDG Index 2000-2022
Germany,DEU,Europe,High Income,51.17,10.45,2004,SDG Goals,SDG Goal 3: Good Health,89.7,score 0-100,SDG Index 2000-2022
Germany,DEU,Europe,High Income,51.17,10.45,2005,SDG Goals,SDG Goal 3: Good Health,90.5,score 0-100,SDG Index 2000-2022
Germany,DEU,Europe,High Income,51.17,10.45,2006,SDG Goals,SDG Goal 3: Good Health,90.8,score 0-100,SDG Index 2000-2022
Germany,DEU,Europe,High Income,51.17,10.45,2007,SDG Goals,SDG Goal 3: Good Health,90.5,score 0-100,SDG Index 2000-2022
Germany,DEU,Europe,High Income,51.17,10.45,2008,SDG Goals,SDG Goal 3: Good Health,91.0,score 0-100,SDG Index 2000-2022
Germany,DEU,Europe,High Income,51.17,10.45,2009,SDG Goals,SDG Goal 3: Good Health,91.5,score 0-100,SDG Index 2000-2022
Germany,DEU,Europe,High Income,51.17,10.45,2010,SDG Goals,SDG Goal 3: Good Health,92.3,score 0-100,SDG Index 2000-2022
Germany,DEU,Europe,High Income,51.17,10.45,2011,SDG Goals,SDG Goal 3: Good Health,92.0,score 0-100,SDG Index 2000-2022
Germany,DEU,Europe,High Income,51.17,10.45,2012,SDG Goals,SDG Goal 3: Good Health,92.4,score 0-100,SDG Index 2000-2022
Germany,DEU,Europe,High Income,51.17,10.45,2013,SDG Goals,SDG Goal 3: Good Health,92.7,score 0-100,SDG Index 2000-2022
Germany,DEU,Europe,High Income,51.17,10.45,2014,SDG Goals,SDG Goal 3: Good Health,92.8,score 0-100,SDG Index 2000-2022
Germany,DEU,Europe,High Income,51.17,10.45,2015,SDG Goals,SDG Goal 3: Good Health,93.1,score 0-100,SDG Index 2000-2022
Germany,DEU,Europe,High Income,51.17,10.45,2016,SDG Goals,SDG Goal 3: Good Health,92.6,score 0-100,SDG Index 2000-2022
Germany,DEU,Europe,High Income,51.17,10.45,2017,SDG Goals,SDG Goal 3: Good Health,93.3,score 0-100,SDG Index 2000-2022
Germany,DEU,Europe,High Income,51.17,10.45,2018,SDG Goals,SDG Goal 3: Good Health,93.3,score 0-100,SDG Index 2000-2022
Germany,DEU,Europe,High Income,51.17,10.45,2019,SDG Goals,SDG Goal 3: Good Health,93.7,score 0-100,SDG Index 2000-2022
Germany,DEU,Europe,High Income,51.17,10.45,2020,SDG Goals,SDG Goal 3: Good Health,94.2,score 0-100,SDG Index 2000-2022
Germany,DEU,Europe,High Income,51.17,10.45,2021,SDG Goals,SDG Goal 3: Good Health,93.4,score 0-100,SDG Index 2000-2022
Germany,DEU,Europe,High Income,51.17,10.45,2022,SDG Goals,SDG Goal 3: Good Health,93.0,score 0-100,SDG Index 2000-2022
India,IND,Asia,Lower Middle Income,20.59,78.96,2000,SDG Goals,SDG Goal 3: Good Health,39.5,score 0-100,SDG Index 2000-2022
India,IND,Asia,Lower Middle Income,20.59,78.96,2001,SDG Goals,SDG Goal 3: Good Health,40.2,score 0-100,SDG Index 2000-2022
India,IND,Asia,Lower Middle Income,20.59,78.96,2002,SDG Goals,SDG Goal 3: Good Health,40.9,score 0-100,SDG Index 2000-2022
India,IND,Asia,Lower Middle Income,20.59,78.96,2003,SDG Goals,SDG Goal 3: Good Health,42.2,score 0-100,SDG Index 2000-2022
India,IND,Asia,Lower Middle Income,20.59,78.96,2004,SDG Goals,SDG Goal 3: Good Health,43.3,score 0-100,SDG Index 2000-2022
India,IND,Asia,Lower Middle Income,20.59,78.96,2005,SDG Goals,SDG Goal 3: Good Health,44.4,score 0-100,SDG Index 2000-2022
India,IND,Asia,Lower Middle Income,20.59,78.96,2006,SDG Goals,SDG Goal 3: Good Health,45.3,score 0-100,SDG Index 2000-2022
India,IND,Asia,Lower Middle Income,20.59,78.96,2007,SDG Goals,SDG Goal 3: Good Health,45.3,score 0-100,SDG Index 2000-2022
India,IND,Asia,Lower Middle Income,20.59,78.96,2008,SDG Goals,SDG Goal 3: Good Health,47.3,score 0-100,SDG Index 2000-2022
India,IND,Asia,Lower Middle Income,20.59,78.96,2009,SDG Goals,SDG Goal 3: Good Health,47.6,score 0-100,SDG Index 2000-2022
India,IND,Asia,Lower Middle Income,20.59,78.96,2010,SDG Goals,SDG Goal 3: Good Health,52.1,score 0-100,SDG Index 2000-2022
India,IND,Asia,Lower Middle Income,20.59,78.96,2011,SDG Goals,SDG Goal 3: Good Health,52.6,score 0-100,SDG Index 2000-2022
India,IND,Asia,Lower Middle Income,20.59,78.96,2012,SDG Goals,SDG Goal 3: Good Health,53.2,score 0-100,SDG Index 2000-2022
India,IND,Asia,Lower Middle Income,20.59,78.96,2013,SDG Goals,SDG Goal 3: Good Health,54.5,score 0-100,SDG Index 2000-2022
India,IND,Asia,Lower Middle Income,20.59,78.96,2014,SDG Goals,SDG Goal 3: Good Health,58.2,score 0-100,SDG Index 2000-2022
India,IND,Asia,Lower Middle Income,20.59,78.96,2015,SDG Goals,SDG Goal 3: Good Health,60.0,score 0-100,SDG Index 2000-2022
India,IND,Asia,Lower Middle Income,20.59,78.96,2016,SDG Goals,SDG Goal 3: Good Health,61.4,score 0-100,SDG Index 2000-2022
India,IND,Asia,Lower Middle Income,20.59,78.96,2017,SDG Goals,SDG Goal 3: Good Health,62.0,score 0-100,SDG Index 2000-2022
India,IND,Asia,Lower Middle Income,20.59,78.96,2018,SDG Goals,SDG Goal 3: Good Health,62.3,score 0-100,SDG Index 2000-2022
India,IND,Asia,Lower Middle Income,20.59,78.96,2019,SDG Goals,SDG Goal 3: Good Health,63.0,score 0-100,SDG Index 2000-2022
India,IND,Asia,Lower Middle Income,20.59,78.96,2020,SDG Goals,SDG Goal 3: Good Health,64.3,score 0-100,SDG Index 2000-2022
India,IND,Asia,Lower Middle Income,20.59,78.96,2021,SDG Goals,SDG Goal 3: Good Health,64.3,score 0-100,SDG Index 2000-2022
India,IND,Asia,Lower Middle Income,20.59,78.96,2022,SDG Goals,SDG Goal 3: Good Health,64.8,score 0-100,SDG Index 2000-2022
Japan,JPN,Asia,High Income,36.2,138.25,2000,SDG Goals,SDG Goal 3: Good Health,87.5,score 0-100,SDG Index 2000-2022
Japan,JPN,Asia,High Income,36.2,138.25,2001,SDG Goals,SDG Goal 3: Good Health,89.1,score 0-100,SDG Index 2000-2022
Japan,JPN,Asia,High Income,36.2,138.25,2002,SDG Goals,SDG Goal 3: Good Health,89.6,score 0-100,SDG Index 2000-2022
Japan,JPN,Asia,High Income,36.2,138.25,2003,SDG Goals,SDG Goal 3: Good Health,90.0,score 0-100,SDG Index 2000-2022
Japan,JPN,Asia,High Income,36.2,138.25,2004,SDG Goals,SDG Goal 3: Good Health,90.4,score 0-100,SDG Index 2000-2022
Japan,JPN,Asia,High Income,36.2,138.25,2005,SDG Goals,SDG Goal 3: Good Health,91.6,score 0-100,SDG Index 2000-2022
Japan,JPN,Asia,High Income,36.2,138.25,2006,SDG Goals,SDG Goal 3: Good Health,91.8,score 0-100,SDG Index 2000-2022
Japan,JPN,Asia,High Income,36.2,138.25,2007,SDG Goals,SDG Goal 3: Good Health,91.9,score 0-100,SDG Index 2000-2022
Japan,JPN,Asia,High Income,36.2,138.25,2008,SDG Goals,SDG Goal 3: Good Health,91.4,score 0-100,SDG Index 2000-2022
Japan,JPN,Asia,High Income,36.2,138.25,2009,SDG Goals,SDG Goal 3: Good Health,91.2,score 0-100,SDG Index 2000-2022
Japan,JPN,Asia,High Income,36.2,138.25,2010,SDG Goals,SDG Goal 3: Good Health,92.6,score 0-100,SDG Index 2000-2022
Japan,JPN,Asia,High Income,36.2,138.25,2011,SDG Goals,SDG Goal 3: Good Health,93.1,score 0-100,SDG Index 2000-2022
Japan,JPN,Asia,High Income,36.2,138.25,2012,SDG Goals,SDG Goal 3: Good Health,93.0,score 0-100,SDG Index 2000-2022
Japan,JPN,Asia,High Income,36.2,138.25,2013,SDG Goals,SDG Goal 3: Good Health,92.9,score 0-100,SDG Index 2000-2022
Japan,JPN,Asia,High Income,36.2,138.25,2014,SDG Goals,SDG Goal 3: Good Health,92.9,score 0-100,SDG Index 2000-2022
Japan,JPN,Asia,High Income,36.2,138.25,2015,SDG Goals,SDG Goal 3: Good Health,93.5,score 0-100,SDG Index 2000-2022
Japan,JPN,Asia,High Income,36.2,138.25,2016,SDG Goals,SDG Goal 3: Good Health,93.7,score 0-100,SDG Index 2000-2022
Japan,JPN,Asia,High Income,36.2,138.25,2017,SDG Goals,SDG Goal 3: Good Health,93.9,score 0-100,SDG Index 2000-2022
Japan,JPN,Asia,High Income,36.2,138.25,2018,SDG Goals,SDG Goal 3: Good Health,93.8,score 0-100,SDG Index 2000-2022
Japan,JPN,Asia,High Income,36.2,138.25,2019,SDG Goals,SDG Goal 3: Good Health,94.0,score 0-100,SDG Index 2000-2022
Japan,JPN,Asia,High Income,36.2,138.25,2020,SDG Goals,SDG Goal 3: Good Health,94.4,score 0-100,SDG Index 2000-2022
Japan,JPN,Asia,High Income,36.2,138.25,2021,SDG Goals,SDG Goal 3: Good Health,94.4,score 0-100,SDG Index 2000-2022
Japan,JPN,Asia,High Income,36.2,138.25,2022,SDG Goals,SDG Goal 3: Good Health,94.6,score 0-100,SDG Index 2000-2022
South Korea,KOR,Asia,High Income,35.91,127.77,2000,SDG Goals,SDG Goal 3: Good Health,80.1,score 0-100,SDG Index 2000-2022
South Korea,KOR,Asia,High Income,35.91,127.77,2001,SDG Goals,SDG Goal 3: Good Health,81.3,score 0-100,SDG Index 2000-2022
South Korea,KOR,Asia,High Income,35.91,127.77,2002,SDG Goals,SDG Goal 3: Good Health,82.2,score 0-100,SDG Index 2000-2022
South Korea,KOR,Asia,High Income,35.91,127.77,2003,SDG Goals,SDG Goal 3: Good Health,82.3,score 0-100,SDG Index 2000-2022
South Korea,KOR,Asia,High Income,35.91,127.77,2004,SDG Goals,SDG Goal 3: Good Health,82.2,score 0-100,SDG Index 2000-2022
South Korea,KOR,Asia,High Income,35.91,127.77,2005,SDG Goals,SDG Goal 3: Good Health,84.2,score 0-100,SDG Index 2000-2022
South Korea,KOR,Asia,High Income,35.91,127.77,2006,SDG Goals,SDG Goal 3: Good Health,84.9,score 0-100,SDG Index 2000-2022
South Korea,KOR,Asia,High Income,35.91,127.77,2007,SDG Goals,SDG Goal 3: Good Health,85.3,score 0-100,SDG Index 2000-2022
South Korea,KOR,Asia,High Income,35.91,127.77,2008,SDG Goals,SDG Goal 3: Good Health,85.1,score 0-100,SDG Index 2000-2022
South Korea,KOR,Asia,High Income,35.91,127.77,2009,SDG Goals,SDG Goal 3: Good Health,85.8,score 0-100,SDG Index 2000-2022
South Korea,KOR,Asia,High Income,35.91,127.77,2010,SDG Goals,SDG Goal 3: Good Health,88.7,score 0-100,SDG Index 2000-2022
South Korea,KOR,Asia,High Income,35.91,127.77,2011,SDG Goals,SDG Goal 3: Good Health,91.1,score 0-100,SDG Index 2000-2022
South Korea,KOR,Asia,High Income,35.91,127.77,2012,SDG Goals,SDG Goal 3: Good Health,89.8,score 0-100,SDG Index 2000-2022
South Korea,KOR,Asia,High Income,35.91,127.77,2013,SDG Goals,SDG Goal 3: Good Health,90.2,score 0-100,SDG Index 2000-2022
South Korea,KOR,Asia,High Income,35.91,127.77,2014,SDG Goals,SDG Goal 3: Good Health,90.2,score 0-100,SDG Index 2000-2022
South Korea,KOR,Asia,High Income,35.91,127.77,2015,SDG Goals,SDG Goal 3: Good Health,90.9,score 0-100,SDG Index 2000-2022
South Korea,KOR,Asia,High Income,35.91,127.77,2016,SDG Goals,SDG Goal 3: Good Health,91.5,score 0-100,SDG Index 2000-2022
South Korea,KOR,Asia,High Income,35.91,127.77,2017,SDG Goals,SDG Goal 3: Good Health,91.5,score 0-100,SDG Index 2000-2022
South Korea,KOR,Asia,High Income,35.91,127.77,2018,SDG Goals,SDG Goal 3: Good Health,91.8,score 0-100,SDG Index 2000-2022
South Korea,KOR,Asia,High Income,35.91,127.77,2019,SDG Goals,SDG Goal 3: Good Health,92.4,score 0-100,SDG Index 2000-2022
South Korea,KOR,Asia,High Income,35.91,127.77,2020,SDG Goals,SDG Goal 3: Good Health,92.4,score 0-100,SDG Index 2000-2022
South Korea,KOR,Asia,High Income,35.91,127.77,2021,SDG Goals,SDG Goal 3: Good Health,93.0,score 0-100,SDG Index 2000-2022
South Korea,KOR,Asia,High Income,35.91,127.77,2022,SDG Goals,SDG Goal 3: Good Health,92.8,score 0-100,SDG Index 2000-2022
UK,GBR,Europe,High Income,55.38,-3.44,2000,SDG Goals,SDG Goal 3: Good Health,85.5,score 0-100,SDG Index 2000-2022
UK,GBR,Europe,High Income,55.38,-3.44,2001,SDG Goals,SDG Goal 3: Good Health,85.2,score 0-100,SDG Index 2000-2022
UK,GBR,Europe,High Income,55.38,-3.44,2002,SDG Goals,SDG Goal 3: Good Health,85.4,score 0-100,SDG Index 2000-2022
UK,GBR,Europe,High Income,55.38,-3.44,2003,SDG Goals,SDG Goal 3: Good Health,85.1,score 0-100,SDG Index 2000-2022
UK,GBR,Europe,High Income,55.38,-3.44,2004,SDG Goals,SDG Goal 3: Good Health,85.3,score 0-100,SDG Index 2000-2022
UK,GBR,Europe,High Income,55.38,-3.44,2005,SDG Goals,SDG Goal 3: Good Health,86.5,score 0-100,SDG Index 2000-2022
UK,GBR,Europe,High Income,55.38,-3.44,2006,SDG Goals,SDG Goal 3: Good Health,87.1,score 0-100,SDG Index 2000-2022
UK,GBR,Europe,High Income,55.38,-3.44,2007,SDG Goals,SDG Goal 3: Good Health,87.2,score 0-100,SDG Index 2000-2022
UK,GBR,Europe,High Income,55.38,-3.44,2008,SDG Goals,SDG Goal 3: Good Health,88.0,score 0-100,SDG Index 2000-2022
UK,GBR,Europe,High Income,55.38,-3.44,2009,SDG Goals,SDG Goal 3: Good Health,88.3,score 0-100,SDG Index 2000-2022
UK,GBR,Europe,High Income,55.38,-3.44,2010,SDG Goals,SDG Goal 3: Good Health,90.6,score 0-100,SDG Index 2000-2022
UK,GBR,Europe,High Income,55.38,-3.44,2011,SDG Goals,SDG Goal 3: Good Health,90.9,score 0-100,SDG Index 2000-2022
UK,GBR,Europe,High Income,55.38,-3.44,2012,SDG Goals,SDG Goal 3: Good Health,91.5,score 0-100,SDG Index 2000-2022
UK,GBR,Europe,High Income,55.38,-3.44,2013,SDG Goals,SDG Goal 3: Good Health,91.9,score 0-100,SDG Index 2000-2022
UK,GBR,Europe,High Income,55.38,-3.44,2014,SDG Goals,SDG Goal 3: Good Health,91.9,score 0-100,SDG Index 2000-2022
UK,GBR,Europe,High Income,55.38,-3.44,2015,SDG Goals,SDG Goal 3: Good Health,92.0,score 0-100,SDG Index 2000-2022
UK,GBR,Europe,High Income,55.38,-3.44,2016,SDG Goals,SDG Goal 3: Good Health,92.4,score 0-100,SDG Index 2000-2022
UK,GBR,Europe,High Income,55.38,-3.44,2017,SDG Goals,SDG Goal 3: Good Health,93.3,score 0-100,SDG Index 2000-2022
UK,GBR,Europe,High Income,55.38,-3.44,2018,SDG Goals,SDG Goal 3: Good Health,93.7,score 0-100,SDG Index 2000-2022
UK,GBR,Europe,High Income,55.38,-3.44,2019,SDG Goals,SDG Goal 3: Good Health,94.0,score 0-100,SDG Index 2000-2022
UK,GBR,Europe,High Income,55.38,-3.44,2020,SDG Goals,SDG Goal 3: Good Health,93.2,score 0-100,SDG Index 2000-2022
UK,GBR,Europe,High Income,55.38,-3.44,2021,SDG Goals,SDG Goal 3: Good Health,93.5,score 0-100,SDG Index 2000-2022
UK,GBR,Europe,High Income,55.38,-3.44,2022,SDG Goals,SDG Goal 3: Good Health,93.1,score 0-100,SDG Index 2000-2022
USA,USA,North America,High Income,37.09,-95.71,2000,SDG Goals,SDG Goal 3: Good Health,84.3,score 0-100,SDG Index 2000-2022
USA,USA,North America,High Income,37.09,-95.71,2001,SDG Goals,SDG Goal 3: Good Health,84.4,score 0-100,SDG Index 2000-2022
USA,USA,North America,High Income,37.09,-95.71,2002,SDG Goals,SDG Goal 3: Good Health,84.5,score 0-100,SDG Index 2000-2022
USA,USA,North America,High Income,37.09,-95.71,2003,SDG Goals,SDG Goal 3: Good Health,85.0,score 0-100,SDG Index 2000-2022
USA,USA,North America,High Income,37.09,-95.71,2004,SDG Goals,SDG Goal 3: Good Health,85.3,score 0-100,SDG Index 2000-2022
USA,USA,North America,High Income,37.09,-95.71,2005,SDG Goals,SDG Goal 3: Good Health,85.7,score 0-100,SDG Index 2000-2022
USA,USA,North America,High Income,37.09,-95.71,2006,SDG Goals,SDG Goal 3: Good Health,85.8,score 0-100,SDG Index 2000-2022
USA,USA,North America,High Income,37.09,-95.71,2007,SDG Goals,SDG Goal 3: Good Health,86.6,score 0-100,SDG Index 2000-2022
USA,USA,North America,High Income,37.09,-95.71,2008,SDG Goals,SDG Goal 3: Good Health,86.7,score 0-100,SDG Index 2000-2022
USA,USA,North America,High Income,37.09,-95.71,2009,SDG Goals,SDG Goal 3: Good Health,86.9,score 0-100,SDG Index 2000-2022
USA,USA,North America,High Income,37.09,-95.71,2010,SDG Goals,SDG Goal 3: Good Health,88.1,score 0-100,SDG Index 2000-2022
USA,USA,North America,High Income,37.09,-95.71,2011,SDG Goals,SDG Goal 3: Good Health,88.2,score 0-100,SDG Index 2000-2022
USA,USA,North America,High Income,37.09,-95.71,2012,SDG Goals,SDG Goal 3: Good Health,88.0,score 0-100,SDG Index 2000-2022
USA,USA,North America,High Income,37.09,-95.71,2013,SDG Goals,SDG Goal 3: Good Health,88.8,score 0-100,SDG Index 2000-2022
USA,USA,North America,High Income,37.09,-95.71,2014,SDG Goals,SDG Goal 3: Good Health,88.9,score 0-100,SDG Index 2000-2022
USA,USA,North America,High Income,37.09,-95.71,2015,SDG Goals,SDG Goal 3: Good Health,88.5,score 0-100,SDG Index 2000-2022
USA,USA,North America,High Income,37.09,-95.71,2016,SDG Goals,SDG Goal 3: Good Health,88.3,score 0-100,SDG Index 2000-2022
USA,USA,North America,High Income,37.09,-95.71,2017,SDG Goals,SDG Goal 3: Good Health,88.8,score 0-100,SDG Index 2000-2022
USA,USA,North America,High Income,37.09,-95.71,2018,SDG Goals,SDG Goal 3: Good Health,88.9,score 0-100,SDG Index 2000-2022
USA,USA,North America,High Income,37.09,-95.71,2019,SDG Goals,SDG Goal 3: Good Health,88.8,score 0-100,SDG Index 2000-2022
USA,USA,North America,High Income,37.09,-95.71,2020,SDG Goals,SDG Goal 3: Good Health,89.2,score 0-100,SDG Index 2000-2022
USA,USA,North America,High Income,37.09,-95.71,2021,SDG Goals,SDG Goal 3: Good Health,89.2,score 0-100,SDG Index 2000-2022
USA,USA,North America,High Income,37.09,-95.71,2022,SDG Goals,SDG Goal 3: Good Health,88.7,score 0-100,SDG Index 2000-2022
Australia,AUS,Oceania,High Income,-25.27,133.77,2000,SDG Goals,SDG Goal 7: Clean Energy,70.6,score 0-100,SDG Index 2000-2022
Australia,AUS,Oceania,High Income,-25.27,133.77,2001,SDG Goals,SDG Goal 7: Clean Energy,71.1,score 0-100,SDG Index 2000-2022
Australia,AUS,Oceania,High Income,-25.27,133.77,2002,SDG Goals,SDG Goal 7: Clean Energy,71.0,score 0-100,SDG Index 2000-2022
Australia,AUS,Oceania,High Income,-25.27,133.77,2003,SDG Goals,SDG Goal 7: Clean Energy,70.4,score 0-100,SDG Index 2000-2022
Australia,AUS,Oceania,High Income,-25.27,133.77,2004,SDG Goals,SDG Goal 7: Clean Energy,70.3,score 0-100,SDG Index 2000-2022
Australia,AUS,Oceania,High Income,-25.27,133.77,2005,SDG Goals,SDG Goal 7: Clean Energy,69.9,score 0-100,SDG Index 2000-2022
Australia,AUS,Oceania,High Income,-25.27,133.77,2006,SDG Goals,SDG Goal 7: Clean Energy,69.9,score 0-100,SDG Index 2000-2022
Australia,AUS,Oceania,High Income,-25.27,133.77,2007,SDG Goals,SDG Goal 7: Clean Energy,70.1,score 0-100,SDG Index 2000-2022
Australia,AUS,Oceania,High Income,-25.27,133.77,2008,SDG Goals,SDG Goal 7: Clean Energy,69.7,score 0-100,SDG Index 2000-2022
Australia,AUS,Oceania,High Income,-25.27,133.77,2009,SDG Goals,SDG Goal 7: Clean Energy,69.9,score 0-100,SDG Index 2000-2022
Australia,AUS,Oceania,High Income,-25.27,133.77,2010,SDG Goals,SDG Goal 7: Clean Energy,70.4,score 0-100,SDG Index 2000-2022
Australia,AUS,Oceania,High Income,-25.27,133.77,2011,SDG Goals,SDG Goal 7: Clean Energy,70.7,score 0-100,SDG Index 2000-2022
Australia,AUS,Oceania,High Income,-25.27,133.77,2012,SDG Goals,SDG Goal 7: Clean Energy,70.6,score 0-100,SDG Index 2000-2022
Australia,AUS,Oceania,High Income,-25.27,133.77,2013,SDG Goals,SDG Goal 7: Clean Energy,71.1,score 0-100,SDG Index 2000-2022
Australia,AUS,Oceania,High Income,-25.27,133.77,2014,SDG Goals,SDG Goal 7: Clean Energy,71.7,score 0-100,SDG Index 2000-2022
Australia,AUS,Oceania,High Income,-25.27,133.77,2015,SDG Goals,SDG Goal 7: Clean Energy,71.3,score 0-100,SDG Index 2000-2022
Australia,AUS,Oceania,High Income,-25.27,133.77,2016,SDG Goals,SDG Goal 7: Clean Energy,71.7,score 0-100,SDG Index 2000-2022
Australia,AUS,Oceania,High Income,-25.27,133.77,2017,SDG Goals,SDG Goal 7: Clean Energy,72.0,score 0-100,SDG Index 2000-2022
Australia,AUS,Oceania,High Income,-25.27,133.77,2018,SDG Goals,SDG Goal 7: Clean Energy,72.1,score 0-100,SDG Index 2000-2022
Australia,AUS,Oceania,High Income,-25.27,133.77,2019,SDG Goals,SDG Goal 7: Clean Energy,72.2,score 0-100,SDG Index 2000-2022
Australia,AUS,Oceania,High Income,-25.27,133.77,2020,SDG Goals,SDG Goal 7: Clean Energy,72.2,score 0-100,SDG Index 2000-2022
Australia,AUS,Oceania,High Income,-25.27,133.77,2021,SDG Goals,SDG Goal 7: Clean Energy,72.2,score 0-100,SDG Index 2000-2022
Australia,AUS,Oceania,High Income,-25.27,133.77,2022,SDG Goals,SDG Goal 7: Clean Energy,72.2,score 0-100,SDG Index 2000-2022
Brazil,BRA,South America,Upper Middle Income,-14.24,-51.93,2000,SDG Goals,SDG Goal 7: Clean Energy,83.5,score 0-100,SDG Index 2000-2022
Brazil,BRA,South America,Upper Middle Income,-14.24,-51.93,2001,SDG Goals,SDG Goal 7: Clean Energy,83.0,score 0-100,SDG Index 2000-2022
Brazil,BRA,South America,Upper Middle Income,-14.24,-51.93,2002,SDG Goals,SDG Goal 7: Clean Energy,84.1,score 0-100,SDG Index 2000-2022
Brazil,BRA,South America,Upper Middle Income,-14.24,-51.93,2003,SDG Goals,SDG Goal 7: Clean Energy,85.6,score 0-100,SDG Index 2000-2022
Brazil,BRA,South America,Upper Middle Income,-14.24,-51.93,2004,SDG Goals,SDG Goal 7: Clean Energy,85.9,score 0-100,SDG Index 2000-2022
Brazil,BRA,South America,Upper Middle Income,-14.24,-51.93,2005,SDG Goals,SDG Goal 7: Clean Energy,86.6,score 0-100,SDG Index 2000-2022
Brazil,BRA,South America,Upper Middle Income,-14.24,-51.93,2006,SDG Goals,SDG Goal 7: Clean Energy,87.4,score 0-100,SDG Index 2000-2022
Brazil,BRA,South America,Upper Middle Income,-14.24,-51.93,2007,SDG Goals,SDG Goal 7: Clean Energy,88.2,score 0-100,SDG Index 2000-2022
Brazil,BRA,South America,Upper Middle Income,-14.24,-51.93,2008,SDG Goals,SDG Goal 7: Clean Energy,88.4,score 0-100,SDG Index 2000-2022
Brazil,BRA,South America,Upper Middle Income,-14.24,-51.93,2009,SDG Goals,SDG Goal 7: Clean Energy,89.8,score 0-100,SDG Index 2000-2022
Brazil,BRA,South America,Upper Middle Income,-14.24,-51.93,2010,SDG Goals,SDG Goal 7: Clean Energy,89.0,score 0-100,SDG Index 2000-2022
Brazil,BRA,South America,Upper Middle Income,-14.24,-51.93,2011,SDG Goals,SDG Goal 7: Clean Energy,88.7,score 0-100,SDG Index 2000-2022
Brazil,BRA,South America,Upper Middle Income,-14.24,-51.93,2012,SDG Goals,SDG Goal 7: Clean Energy,88.0,score 0-100,SDG Index 2000-2022
Brazil,BRA,South America,Upper Middle Income,-14.24,-51.93,2013,SDG Goals,SDG Goal 7: Clean Energy,87.6,score 0-100,SDG Index 2000-2022
Brazil,BRA,South America,Upper Middle Income,-14.24,-51.93,2014,SDG Goals,SDG Goal 7: Clean Energy,87.2,score 0-100,SDG Index 2000-2022
Brazil,BRA,South America,Upper Middle Income,-14.24,-51.93,2015,SDG Goals,SDG Goal 7: Clean Energy,88.2,score 0-100,SDG Index 2000-2022
Brazil,BRA,South America,Upper Middle Income,-14.24,-51.93,2016,SDG Goals,SDG Goal 7: Clean Energy,89.3,score 0-100,SDG Index 2000-2022
Brazil,BRA,South America,Upper Middle Income,-14.24,-51.93,2017,SDG Goals,SDG Goal 7: Clean Energy,89.2,score 0-100,SDG Index 2000-2022
Brazil,BRA,South America,Upper Middle Income,-14.24,-51.93,2018,SDG Goals,SDG Goal 7: Clean Energy,90.0,score 0-100,SDG Index 2000-2022
Brazil,BRA,South America,Upper Middle Income,-14.24,-51.93,2019,SDG Goals,SDG Goal 7: Clean Energy,90.5,score 0-100,SDG Index 2000-2022
Brazil,BRA,South America,Upper Middle Income,-14.24,-51.93,2020,SDG Goals,SDG Goal 7: Clean Energy,90.6,score 0-100,SDG Index 2000-2022
Brazil,BRA,South America,Upper Middle Income,-14.24,-51.93,2021,SDG Goals,SDG Goal 7: Clean Energy,90.6,score 0-100,SDG Index 2000-2022
Brazil,BRA,South America,Upper Middle Income,-14.24,-51.93,2022,SDG Goals,SDG Goal 7: Clean Energy,90.6,score 0-100,SDG Index 2000-2022
Canada,CAN,North America,High Income,56.13,-106.35,2000,SDG Goals,SDG Goal 7: Clean Energy,80.3,score 0-100,SDG Index 2000-2022
Canada,CAN,North America,High Income,56.13,-106.35,2001,SDG Goals,SDG Goal 7: Clean Energy,80.0,score 0-100,SDG Index 2000-2022
Canada,CAN,North America,High Income,56.13,-106.35,2002,SDG Goals,SDG Goal 7: Clean Energy,80.3,score 0-100,SDG Index 2000-2022
Canada,CAN,North America,High Income,56.13,-106.35,2003,SDG Goals,SDG Goal 7: Clean Energy,79.7,score 0-100,SDG Index 2000-2022
Canada,CAN,North America,High Income,56.13,-106.35,2004,SDG Goals,SDG Goal 7: Clean Energy,79.9,score 0-100,SDG Index 2000-2022
Canada,CAN,North America,High Income,56.13,-106.35,2005,SDG Goals,SDG Goal 7: Clean Energy,80.2,score 0-100,SDG Index 2000-2022
Canada,CAN,North America,High Income,56.13,-106.35,2006,SDG Goals,SDG Goal 7: Clean Energy,80.0,score 0-100,SDG Index 2000-2022
Canada,CAN,North America,High Income,56.13,-106.35,2007,SDG Goals,SDG Goal 7: Clean Energy,80.1,score 0-100,SDG Index 2000-2022
Canada,CAN,North America,High Income,56.13,-106.35,2008,SDG Goals,SDG Goal 7: Clean Energy,80.3,score 0-100,SDG Index 2000-2022
Canada,CAN,North America,High Income,56.13,-106.35,2009,SDG Goals,SDG Goal 7: Clean Energy,80.6,score 0-100,SDG Index 2000-2022
Canada,CAN,North America,High Income,56.13,-106.35,2010,SDG Goals,SDG Goal 7: Clean Energy,80.3,score 0-100,SDG Index 2000-2022
Canada,CAN,North America,High Income,56.13,-106.35,2011,SDG Goals,SDG Goal 7: Clean Energy,80.5,score 0-100,SDG Index 2000-2022
Canada,CAN,North America,High Income,56.13,-106.35,2012,SDG Goals,SDG Goal 7: Clean Energy,80.7,score 0-100,SDG Index 2000-2022
Canada,CAN,North America,High Income,56.13,-106.35,2013,SDG Goals,SDG Goal 7: Clean Energy,80.9,score 0-100,SDG Index 2000-2022
Canada,CAN,North America,High Income,56.13,-106.35,2014,SDG Goals,SDG Goal 7: Clean Energy,80.8,score 0-100,SDG Index 2000-2022
Canada,CAN,North America,High Income,56.13,-106.35,2015,SDG Goals,SDG Goal 7: Clean Energy,80.9,score 0-100,SDG Index 2000-2022
Canada,CAN,North America,High Income,56.13,-106.35,2016,SDG Goals,SDG Goal 7: Clean Energy,80.6,score 0-100,SDG Index 2000-2022
Canada,CAN,North America,High Income,56.13,-106.35,2017,SDG Goals,SDG Goal 7: Clean Energy,80.7,score 0-100,SDG Index 2000-2022
Canada,CAN,North America,High Income,56.13,-106.35,2018,SDG Goals,SDG Goal 7: Clean Energy,80.3,score 0-100,SDG Index 2000-2022
Canada,CAN,North America,High Income,56.13,-106.35,2019,SDG Goals,SDG Goal 7: Clean Energy,80.3,score 0-100,SDG Index 2000-2022
Canada,CAN,North America,High Income,56.13,-106.35,2020,SDG Goals,SDG Goal 7: Clean Energy,80.3,score 0-100,SDG Index 2000-2022
Canada,CAN,North America,High Income,56.13,-106.35,2021,SDG Goals,SDG Goal 7: Clean Energy,80.3,score 0-100,SDG Index 2000-2022
Canada,CAN,North America,High Income,56.13,-106.35,2022,SDG Goals,SDG Goal 7: Clean Energy,80.3,score 0-100,SDG Index 2000-2022
France,FRA,Europe,High Income,46.23,2.21,2000,SDG Goals,SDG Goal 7: Clean Energy,75.0,score 0-100,SDG Index 2000-2022
France,FRA,Europe,High Income,46.23,2.21,2001,SDG Goals,SDG Goal 7: Clean Energy,75.0,score 0-100,SDG Index 2000-2022
France,FRA,Europe,High Income,46.23,2.21,2002,SDG Goals,SDG Goal 7: Clean Energy,74.7,score 0-100,SDG Index 2000-2022
France,FRA,Europe,High Income,46.23,2.21,2003,SDG Goals,SDG Goal 7: Clean Energy,74.8,score 0-100,SDG Index 2000-2022
France,FRA,Europe,High Income,46.23,2.21,2004,SDG Goals,SDG Goal 7: Clean Energy,74.9,score 0-100,SDG Index 2000-2022
France,FRA,Europe,High Income,46.23,2.21,2005,SDG Goals,SDG Goal 7: Clean Energy,74.7,score 0-100,SDG Index 2000-2022
France,FRA,Europe,High Income,46.23,2.21,2006,SDG Goals,SDG Goal 7: Clean Energy,74.7,score 0-100,SDG Index 2000-2022
France,FRA,Europe,High Income,46.23,2.21,2007,SDG Goals,SDG Goal 7: Clean Energy,75.2,score 0-100,SDG Index 2000-2022
France,FRA,Europe,High Income,46.23,2.21,2008,SDG Goals,SDG Goal 7: Clean Energy,75.8,score 0-100,SDG Index 2000-2022
France,FRA,Europe,High Income,46.23,2.21,2009,SDG Goals,SDG Goal 7: Clean Energy,76.0,score 0-100,SDG Index 2000-2022
France,FRA,Europe,High Income,46.23,2.21,2010,SDG Goals,SDG Goal 7: Clean Energy,76.5,score 0-100,SDG Index 2000-2022
France,FRA,Europe,High Income,46.23,2.21,2011,SDG Goals,SDG Goal 7: Clean Energy,76.0,score 0-100,SDG Index 2000-2022
France,FRA,Europe,High Income,46.23,2.21,2012,SDG Goals,SDG Goal 7: Clean Energy,76.8,score 0-100,SDG Index 2000-2022
France,FRA,Europe,High Income,46.23,2.21,2013,SDG Goals,SDG Goal 7: Clean Energy,77.4,score 0-100,SDG Index 2000-2022
France,FRA,Europe,High Income,46.23,2.21,2014,SDG Goals,SDG Goal 7: Clean Energy,77.5,score 0-100,SDG Index 2000-2022
France,FRA,Europe,High Income,46.23,2.21,2015,SDG Goals,SDG Goal 7: Clean Energy,77.5,score 0-100,SDG Index 2000-2022
France,FRA,Europe,High Income,46.23,2.21,2016,SDG Goals,SDG Goal 7: Clean Energy,77.8,score 0-100,SDG Index 2000-2022
France,FRA,Europe,High Income,46.23,2.21,2017,SDG Goals,SDG Goal 7: Clean Energy,77.7,score 0-100,SDG Index 2000-2022
France,FRA,Europe,High Income,46.23,2.21,2018,SDG Goals,SDG Goal 7: Clean Energy,78.5,score 0-100,SDG Index 2000-2022
France,FRA,Europe,High Income,46.23,2.21,2019,SDG Goals,SDG Goal 7: Clean Energy,78.6,score 0-100,SDG Index 2000-2022
France,FRA,Europe,High Income,46.23,2.21,2020,SDG Goals,SDG Goal 7: Clean Energy,78.6,score 0-100,SDG Index 2000-2022
France,FRA,Europe,High Income,46.23,2.21,2021,SDG Goals,SDG Goal 7: Clean Energy,78.6,score 0-100,SDG Index 2000-2022
France,FRA,Europe,High Income,46.23,2.21,2022,SDG Goals,SDG Goal 7: Clean Energy,78.6,score 0-100,SDG Index 2000-2022
Germany,DEU,Europe,High Income,51.17,10.45,2000,SDG Goals,SDG Goal 7: Clean Energy,68.9,score 0-100,SDG Index 2000-2022
Germany,DEU,Europe,High Income,51.17,10.45,2001,SDG Goals,SDG Goal 7: Clean Energy,68.9,score 0-100,SDG Index 2000-2022
Germany,DEU,Europe,High Income,51.17,10.45,2002,SDG Goals,SDG Goal 7: Clean Energy,69.4,score 0-100,SDG Index 2000-2022
Germany,DEU,Europe,High Income,51.17,10.45,2003,SDG Goals,SDG Goal 7: Clean Energy,70.2,score 0-100,SDG Index 2000-2022
Germany,DEU,Europe,High Income,51.17,10.45,2004,SDG Goals,SDG Goal 7: Clean Energy,70.7,score 0-100,SDG Index 2000-2022
Germany,DEU,Europe,High Income,51.17,10.45,2005,SDG Goals,SDG Goal 7: Clean Energy,71.3,score 0-100,SDG Index 2000-2022
Germany,DEU,Europe,High Income,51.17,10.45,2006,SDG Goals,SDG Goal 7: Clean Energy,72.0,score 0-100,SDG Index 2000-2022
Germany,DEU,Europe,High Income,51.17,10.45,2007,SDG Goals,SDG Goal 7: Clean Energy,73.2,score 0-100,SDG Index 2000-2022
Germany,DEU,Europe,High Income,51.17,10.45,2008,SDG Goals,SDG Goal 7: Clean Energy,73.1,score 0-100,SDG Index 2000-2022
Germany,DEU,Europe,High Income,51.17,10.45,2009,SDG Goals,SDG Goal 7: Clean Energy,73.3,score 0-100,SDG Index 2000-2022
Germany,DEU,Europe,High Income,51.17,10.45,2010,SDG Goals,SDG Goal 7: Clean Energy,73.8,score 0-100,SDG Index 2000-2022
Germany,DEU,Europe,High Income,51.17,10.45,2011,SDG Goals,SDG Goal 7: Clean Energy,74.3,score 0-100,SDG Index 2000-2022
Germany,DEU,Europe,High Income,51.17,10.45,2012,SDG Goals,SDG Goal 7: Clean Energy,74.9,score 0-100,SDG Index 2000-2022
Germany,DEU,Europe,High Income,51.17,10.45,2013,SDG Goals,SDG Goal 7: Clean Energy,74.8,score 0-100,SDG Index 2000-2022
Germany,DEU,Europe,High Income,51.17,10.45,2014,SDG Goals,SDG Goal 7: Clean Energy,75.2,score 0-100,SDG Index 2000-2022
Germany,DEU,Europe,High Income,51.17,10.45,2015,SDG Goals,SDG Goal 7: Clean Energy,75.6,score 0-100,SDG Index 2000-2022
Germany,DEU,Europe,High Income,51.17,10.45,2016,SDG Goals,SDG Goal 7: Clean Energy,75.5,score 0-100,SDG Index 2000-2022
Germany,DEU,Europe,High Income,51.17,10.45,2017,SDG Goals,SDG Goal 7: Clean Energy,76.0,score 0-100,SDG Index 2000-2022
Germany,DEU,Europe,High Income,51.17,10.45,2018,SDG Goals,SDG Goal 7: Clean Energy,76.5,score 0-100,SDG Index 2000-2022
Germany,DEU,Europe,High Income,51.17,10.45,2019,SDG Goals,SDG Goal 7: Clean Energy,77.2,score 0-100,SDG Index 2000-2022
Germany,DEU,Europe,High Income,51.17,10.45,2020,SDG Goals,SDG Goal 7: Clean Energy,77.2,score 0-100,SDG Index 2000-2022
Germany,DEU,Europe,High Income,51.17,10.45,2021,SDG Goals,SDG Goal 7: Clean Energy,77.2,score 0-100,SDG Index 2000-2022
Germany,DEU,Europe,High Income,51.17,10.45,2022,SDG Goals,SDG Goal 7: Clean Energy,77.2,score 0-100,SDG Index 2000-2022
India,IND,Asia,Lower Middle Income,20.59,78.96,2000,SDG Goals,SDG Goal 7: Clean Energy,40.3,score 0-100,SDG Index 2000-2022
India,IND,Asia,Lower Middle Income,20.59,78.96,2001,SDG Goals,SDG Goal 7: Clean Energy,40.5,score 0-100,SDG Index 2000-2022
India,IND,Asia,Lower Middle Income,20.59,78.96,2002,SDG Goals,SDG Goal 7: Clean Energy,42.6,score 0-100,SDG Index 2000-2022
India,IND,Asia,Lower Middle Income,20.59,78.96,2003,SDG Goals,SDG Goal 7: Clean Energy,43.6,score 0-100,SDG Index 2000-2022
India,IND,Asia,Lower Middle Income,20.59,78.96,2004,SDG Goals,SDG Goal 7: Clean Energy,44.0,score 0-100,SDG Index 2000-2022
India,IND,Asia,Lower Middle Income,20.59,78.96,2005,SDG Goals,SDG Goal 7: Clean Energy,45.4,score 0-100,SDG Index 2000-2022
India,IND,Asia,Lower Middle Income,20.59,78.96,2006,SDG Goals,SDG Goal 7: Clean Energy,45.9,score 0-100,SDG Index 2000-2022
India,IND,Asia,Lower Middle Income,20.59,78.96,2007,SDG Goals,SDG Goal 7: Clean Energy,46.9,score 0-100,SDG Index 2000-2022
India,IND,Asia,Lower Middle Income,20.59,78.96,2008,SDG Goals,SDG Goal 7: Clean Energy,47.2,score 0-100,SDG Index 2000-2022
India,IND,Asia,Lower Middle Income,20.59,78.96,2009,SDG Goals,SDG Goal 7: Clean Energy,47.7,score 0-100,SDG Index 2000-2022
India,IND,Asia,Lower Middle Income,20.59,78.96,2010,SDG Goals,SDG Goal 7: Clean Energy,48.8,score 0-100,SDG Index 2000-2022
India,IND,Asia,Lower Middle Income,20.59,78.96,2011,SDG Goals,SDG Goal 7: Clean Energy,47.3,score 0-100,SDG Index 2000-2022
India,IND,Asia,Lower Middle Income,20.59,78.96,2012,SDG Goals,SDG Goal 7: Clean Energy,51.1,score 0-100,SDG Index 2000-2022
India,IND,Asia,Lower Middle Income,20.59,78.96,2013,SDG Goals,SDG Goal 7: Clean Energy,53.0,score 0-100,SDG Index 2000-2022
India,IND,Asia,Lower Middle Income,20.59,78.96,2014,SDG Goals,SDG Goal 7: Clean Energy,54.3,score 0-100,SDG Index 2000-2022
India,IND,Asia,Lower Middle Income,20.59,78.96,2015,SDG Goals,SDG Goal 7: Clean Energy,56.5,score 0-100,SDG Index 2000-2022
India,IND,Asia,Lower Middle Income,20.59,78.96,2016,SDG Goals,SDG Goal 7: Clean Energy,58.1,score 0-100,SDG Index 2000-2022
India,IND,Asia,Lower Middle Income,20.59,78.96,2017,SDG Goals,SDG Goal 7: Clean Energy,60.4,score 0-100,SDG Index 2000-2022
India,IND,Asia,Lower Middle Income,20.59,78.96,2018,SDG Goals,SDG Goal 7: Clean Energy,62.9,score 0-100,SDG Index 2000-2022
India,IND,Asia,Lower Middle Income,20.59,78.96,2019,SDG Goals,SDG Goal 7: Clean Energy,64.7,score 0-100,SDG Index 2000-2022
India,IND,Asia,Lower Middle Income,20.59,78.96,2020,SDG Goals,SDG Goal 7: Clean Energy,66.2,score 0-100,SDG Index 2000-2022
India,IND,Asia,Lower Middle Income,20.59,78.96,2021,SDG Goals,SDG Goal 7: Clean Energy,66.2,score 0-100,SDG Index 2000-2022
India,IND,Asia,Lower Middle Income,20.59,78.96,2022,SDG Goals,SDG Goal 7: Clean Energy,66.2,score 0-100,SDG Index 2000-2022
Japan,JPN,Asia,High Income,36.2,138.25,2000,SDG Goals,SDG Goal 7: Clean Energy,70.1,score 0-100,SDG Index 2000-2022
Japan,JPN,Asia,High Income,36.2,138.25,2001,SDG Goals,SDG Goal 7: Clean Energy,70.0,score 0-100,SDG Index 2000-2022
Japan,JPN,Asia,High Income,36.2,138.25,2002,SDG Goals,SDG Goal 7: Clean Energy,70.1,score 0-100,SDG Index 2000-2022
Japan,JPN,Asia,High Income,36.2,138.25,2003,SDG Goals,SDG Goal 7: Clean Energy,70.2,score 0-100,SDG Index 2000-2022
Japan,JPN,Asia,High Income,36.2,138.25,2004,SDG Goals,SDG Goal 7: Clean Energy,70.3,score 0-100,SDG Index 2000-2022
Japan,JPN,Asia,High Income,36.2,138.25,2005,SDG Goals,SDG Goal 7: Clean Energy,70.3,score 0-100,SDG Index 2000-2022
Japan,JPN,Asia,High Income,36.2,138.25,2006,SDG Goals,SDG Goal 7: Clean Energy,70.6,score 0-100,SDG Index 2000-2022
Japan,JPN,Asia,High Income,36.2,138.25,2007,SDG Goals,SDG Goal 7: Clean Energy,70.7,score 0-100,SDG Index 2000-2022
Japan,JPN,Asia,High Income,36.2,138.25,2008,SDG Goals,SDG Goal 7: Clean Energy,70.5,score 0-100,SDG Index 2000-2022
Japan,JPN,Asia,High Income,36.2,138.25,2009,SDG Goals,SDG Goal 7: Clean Energy,70.9,score 0-100,SDG Index 2000-2022
Japan,JPN,Asia,High Income,36.2,138.25,2010,SDG Goals,SDG Goal 7: Clean Energy,71.2,score 0-100,SDG Index 2000-2022
Japan,JPN,Asia,High Income,36.2,138.25,2011,SDG Goals,SDG Goal 7: Clean Energy,71.0,score 0-100,SDG Index 2000-2022
Japan,JPN,Asia,High Income,36.2,138.25,2012,SDG Goals,SDG Goal 7: Clean Energy,70.8,score 0-100,SDG Index 2000-2022
Japan,JPN,Asia,High Income,36.2,138.25,2013,SDG Goals,SDG Goal 7: Clean Energy,70.9,score 0-100,SDG Index 2000-2022
Japan,JPN,Asia,High Income,36.2,138.25,2014,SDG Goals,SDG Goal 7: Clean Energy,71.3,score 0-100,SDG Index 2000-2022
Japan,JPN,Asia,High Income,36.2,138.25,2015,SDG Goals,SDG Goal 7: Clean Energy,71.6,score 0-100,SDG Index 2000-2022
Japan,JPN,Asia,High Income,36.2,138.25,2016,SDG Goals,SDG Goal 7: Clean Energy,71.8,score 0-100,SDG Index 2000-2022
Japan,JPN,Asia,High Income,36.2,138.25,2017,SDG Goals,SDG Goal 7: Clean Energy,72.1,score 0-100,SDG Index 2000-2022
Japan,JPN,Asia,High Income,36.2,138.25,2018,SDG Goals,SDG Goal 7: Clean Energy,72.3,score 0-100,SDG Index 2000-2022
Japan,JPN,Asia,High Income,36.2,138.25,2019,SDG Goals,SDG Goal 7: Clean Energy,72.6,score 0-100,SDG Index 2000-2022
Japan,JPN,Asia,High Income,36.2,138.25,2020,SDG Goals,SDG Goal 7: Clean Energy,72.6,score 0-100,SDG Index 2000-2022
Japan,JPN,Asia,High Income,36.2,138.25,2021,SDG Goals,SDG Goal 7: Clean Energy,72.6,score 0-100,SDG Index 2000-2022
Japan,JPN,Asia,High Income,36.2,138.25,2022,SDG Goals,SDG Goal 7: Clean Energy,72.6,score 0-100,SDG Index 2000-2022
South Korea,KOR,Asia,High Income,35.91,127.77,2000,SDG Goals,SDG Goal 7: Clean Energy,68.3,score 0-100,SDG Index 2000-2022
South Korea,KOR,Asia,High Income,35.91,127.77,2001,SDG Goals,SDG Goal 7: Clean Energy,68.8,score 0-100,SDG Index 2000-2022
South Korea,KOR,Asia,High Income,35.91,127.77,2002,SDG Goals,SDG Goal 7: Clean Energy,68.9,score 0-100,SDG Index 2000-2022
South Korea,KOR,Asia,High Income,35.91,127.77,2003,SDG Goals,SDG Goal 7: Clean Energy,69.2,score 0-100,SDG Index 2000-2022
South Korea,KOR,Asia,High Income,35.91,127.77,2004,SDG Goals,SDG Goal 7: Clean Energy,69.4,score 0-100,SDG Index 2000-2022
South Korea,KOR,Asia,High Income,35.91,127.77,2005,SDG Goals,SDG Goal 7: Clean Energy,69.8,score 0-100,SDG Index 2000-2022
South Korea,KOR,Asia,High Income,35.91,127.77,2006,SDG Goals,SDG Goal 7: Clean Energy,69.9,score 0-100,SDG Index 2000-2022
South Korea,KOR,Asia,High Income,35.91,127.77,2007,SDG Goals,SDG Goal 7: Clean Energy,70.0,score 0-100,SDG Index 2000-2022
South Korea,KOR,Asia,High Income,35.91,127.77,2008,SDG Goals,SDG Goal 7: Clean Energy,70.1,score 0-100,SDG Index 2000-2022
South Korea,KOR,Asia,High Income,35.91,127.77,2009,SDG Goals,SDG Goal 7: Clean Energy,70.1,score 0-100,SDG Index 2000-2022
South Korea,KOR,Asia,High Income,35.91,127.77,2010,SDG Goals,SDG Goal 7: Clean Energy,70.1,score 0-100,SDG Index 2000-2022
South Korea,KOR,Asia,High Income,35.91,127.77,2011,SDG Goals,SDG Goal 7: Clean Energy,70.1,score 0-100,SDG Index 2000-2022
South Korea,KOR,Asia,High Income,35.91,127.77,2012,SDG Goals,SDG Goal 7: Clean Energy,70.3,score 0-100,SDG Index 2000-2022
South Korea,KOR,Asia,High Income,35.91,127.77,2013,SDG Goals,SDG Goal 7: Clean Energy,70.3,score 0-100,SDG Index 2000-2022
South Korea,KOR,Asia,High Income,35.91,127.77,2014,SDG Goals,SDG Goal 7: Clean Energy,70.3,score 0-100,SDG Index 2000-2022
South Korea,KOR,Asia,High Income,35.91,127.77,2015,SDG Goals,SDG Goal 7: Clean Energy,70.3,score 0-100,SDG Index 2000-2022
South Korea,KOR,Asia,High Income,35.91,127.77,2016,SDG Goals,SDG Goal 7: Clean Energy,70.2,score 0-100,SDG Index 2000-2022
South Korea,KOR,Asia,High Income,35.91,127.77,2017,SDG Goals,SDG Goal 7: Clean Energy,70.2,score 0-100,SDG Index 2000-2022
South Korea,KOR,Asia,High Income,35.91,127.77,2018,SDG Goals,SDG Goal 7: Clean Energy,70.4,score 0-100,SDG Index 2000-2022
South Korea,KOR,Asia,High Income,35.91,127.77,2019,SDG Goals,SDG Goal 7: Clean Energy,70.6,score 0-100,SDG Index 2000-2022
South Korea,KOR,Asia,High Income,35.91,127.77,2020,SDG Goals,SDG Goal 7: Clean Energy,70.6,score 0-100,SDG Index 2000-2022
South Korea,KOR,Asia,High Income,35.91,127.77,2021,SDG Goals,SDG Goal 7: Clean Energy,70.6,score 0-100,SDG Index 2000-2022
South Korea,KOR,Asia,High Income,35.91,127.77,2022,SDG Goals,SDG Goal 7: Clean Energy,70.6,score 0-100,SDG Index 2000-2022
UK,GBR,Europe,High Income,55.38,-3.44,2000,SDG Goals,SDG Goal 7: Clean Energy,68.5,score 0-100,SDG Index 2000-2022
UK,GBR,Europe,High Income,55.38,-3.44,2001,SDG Goals,SDG Goal 7: Clean Energy,68.6,score 0-100,SDG Index 2000-2022
UK,GBR,Europe,High Income,55.38,-3.44,2002,SDG Goals,SDG Goal 7: Clean Energy,68.9,score 0-100,SDG Index 2000-2022
UK,GBR,Europe,High Income,55.38,-3.44,2003,SDG Goals,SDG Goal 7: Clean Energy,68.9,score 0-100,SDG Index 2000-2022
UK,GBR,Europe,High Income,55.38,-3.44,2004,SDG Goals,SDG Goal 7: Clean Energy,68.8,score 0-100,SDG Index 2000-2022
UK,GBR,Europe,High Income,55.38,-3.44,2005,SDG Goals,SDG Goal 7: Clean Energy,68.8,score 0-100,SDG Index 2000-2022
UK,GBR,Europe,High Income,55.38,-3.44,2006,SDG Goals,SDG Goal 7: Clean Energy,68.8,score 0-100,SDG Index 2000-2022
UK,GBR,Europe,High Income,55.38,-3.44,2007,SDG Goals,SDG Goal 7: Clean Energy,68.9,score 0-100,SDG Index 2000-2022
UK,GBR,Europe,High Income,55.38,-3.44,2008,SDG Goals,SDG Goal 7: Clean Energy,68.9,score 0-100,SDG Index 2000-2022
UK,GBR,Europe,High Income,55.38,-3.44,2009,SDG Goals,SDG Goal 7: Clean Energy,69.5,score 0-100,SDG Index 2000-2022
UK,GBR,Europe,High Income,55.38,-3.44,2010,SDG Goals,SDG Goal 7: Clean Energy,69.6,score 0-100,SDG Index 2000-2022
UK,GBR,Europe,High Income,55.38,-3.44,2011,SDG Goals,SDG Goal 7: Clean Energy,70.3,score 0-100,SDG Index 2000-2022
UK,GBR,Europe,High Income,55.38,-3.44,2012,SDG Goals,SDG Goal 7: Clean Energy,70.1,score 0-100,SDG Index 2000-2022
UK,GBR,Europe,High Income,55.38,-3.44,2013,SDG Goals,SDG Goal 7: Clean Energy,70.7,score 0-100,SDG Index 2000-2022
UK,GBR,Europe,High Income,55.38,-3.44,2014,SDG Goals,SDG Goal 7: Clean Energy,71.6,score 0-100,SDG Index 2000-2022
UK,GBR,Europe,High Income,55.38,-3.44,2015,SDG Goals,SDG Goal 7: Clean Energy,72.5,score 0-100,SDG Index 2000-2022
UK,GBR,Europe,High Income,55.38,-3.44,2016,SDG Goals,SDG Goal 7: Clean Energy,72.8,score 0-100,SDG Index 2000-2022
UK,GBR,Europe,High Income,55.38,-3.44,2017,SDG Goals,SDG Goal 7: Clean Energy,73.4,score 0-100,SDG Index 2000-2022
UK,GBR,Europe,High Income,55.38,-3.44,2018,SDG Goals,SDG Goal 7: Clean Energy,74.1,score 0-100,SDG Index 2000-2022
UK,GBR,Europe,High Income,55.38,-3.44,2019,SDG Goals,SDG Goal 7: Clean Energy,74.8,score 0-100,SDG Index 2000-2022
UK,GBR,Europe,High Income,55.38,-3.44,2020,SDG Goals,SDG Goal 7: Clean Energy,74.8,score 0-100,SDG Index 2000-2022
UK,GBR,Europe,High Income,55.38,-3.44,2021,SDG Goals,SDG Goal 7: Clean Energy,74.8,score 0-100,SDG Index 2000-2022
UK,GBR,Europe,High Income,55.38,-3.44,2022,SDG Goals,SDG Goal 7: Clean Energy,74.8,score 0-100,SDG Index 2000-2022
USA,USA,North America,High Income,37.09,-95.71,2000,SDG Goals,SDG Goal 7: Clean Energy,69.8,score 0-100,SDG Index 2000-2022
USA,USA,North America,High Income,37.09,-95.71,2001,SDG Goals,SDG Goal 7: Clean Energy,69.5,score 0-100,SDG Index 2000-2022
USA,USA,North America,High Income,37.09,-95.71,2002,SDG Goals,SDG Goal 7: Clean Energy,69.7,score 0-100,SDG Index 2000-2022
USA,USA,North America,High Income,37.09,-95.71,2003,SDG Goals,SDG Goal 7: Clean Energy,69.9,score 0-100,SDG Index 2000-2022
USA,USA,North America,High Income,37.09,-95.71,2004,SDG Goals,SDG Goal 7: Clean Energy,70.1,score 0-100,SDG Index 2000-2022
USA,USA,North America,High Income,37.09,-95.71,2005,SDG Goals,SDG Goal 7: Clean Energy,70.3,score 0-100,SDG Index 2000-2022
USA,USA,North America,High Income,37.09,-95.71,2006,SDG Goals,SDG Goal 7: Clean Energy,70.7,score 0-100,SDG Index 2000-2022
USA,USA,North America,High Income,37.09,-95.71,2007,SDG Goals,SDG Goal 7: Clean Energy,70.7,score 0-100,SDG Index 2000-2022
USA,USA,North America,High Income,37.09,-95.71,2008,SDG Goals,SDG Goal 7: Clean Energy,71.1,score 0-100,SDG Index 2000-2022
USA,USA,North America,High Income,37.09,-95.71,2009,SDG Goals,SDG Goal 7: Clean Energy,71.5,score 0-100,SDG Index 2000-2022
USA,USA,North America,High Income,37.09,-95.71,2010,SDG Goals,SDG Goal 7: Clean Energy,71.6,score 0-100,SDG Index 2000-2022
USA,USA,North America,High Income,37.09,-95.71,2011,SDG Goals,SDG Goal 7: Clean Energy,72.2,score 0-100,SDG Index 2000-2022
USA,USA,North America,High Income,37.09,-95.71,2012,SDG Goals,SDG Goal 7: Clean Energy,72.4,score 0-100,SDG Index 2000-2022
USA,USA,North America,High Income,37.09,-95.71,2013,SDG Goals,SDG Goal 7: Clean Energy,72.6,score 0-100,SDG Index 2000-2022
USA,USA,North America,High Income,37.09,-95.71,2014,SDG Goals,SDG Goal 7: Clean Energy,72.6,score 0-100,SDG Index 2000-2022
USA,USA,North America,High Income,37.09,-95.71,2015,SDG Goals,SDG Goal 7: Clean Energy,72.6,score 0-100,SDG Index 2000-2022
USA,USA,North America,High Income,37.09,-95.71,2016,SDG Goals,SDG Goal 7: Clean Energy,73.0,score 0-100,SDG Index 2000-2022
USA,USA,North America,High Income,37.09,-95.71,2017,SDG Goals,SDG Goal 7: Clean Energy,73.2,score 0-100,SDG Index 2000-2022
USA,USA,North America,High Income,37.09,-95.71,2018,SDG Goals,SDG Goal 7: Clean Energy,73.3,score 0-100,SDG Index 2000-2022
USA,USA,North America,High Income,37.09,-95.71,2019,SDG Goals,SDG Goal 7: Clean Energy,73.5,score 0-100,SDG Index 2000-2022
USA,USA,North America,High Income,37.09,-95.71,2020,SDG Goals,SDG Goal 7: Clean Energy,73.5,score 0-100,SDG Index 2000-2022
USA,USA,North America,High Income,37.09,-95.71,2021,SDG Goals,SDG Goal 7: Clean Energy,73.5,score 0-100,SDG Index 2000-2022
USA,USA,North America,High Income,37.09,-95.71,2022,SDG Goals,SDG Goal 7: Clean Energy,73.5,score 0-100,SDG Index 2000-2022
Australia,AUS,Oceania,High Income,-25.27,133.77,2000,SDG Goals,SDG Overall Score,70.7,score 0-100,SDG Index 2000-2022
Australia,AUS,Oceania,High Income,-25.27,133.77,2001,SDG Goals,SDG Overall Score,70.9,score 0-100,SDG Index 2000-2022
Australia,AUS,Oceania,High Income,-25.27,133.77,2002,SDG Goals,SDG Overall Score,71.4,score 0-100,SDG Index 2000-2022
Australia,AUS,Oceania,High Income,-25.27,133.77,2003,SDG Goals,SDG Overall Score,70.9,score 0-100,SDG Index 2000-2022
Australia,AUS,Oceania,High Income,-25.27,133.77,2004,SDG Goals,SDG Overall Score,71.4,score 0-100,SDG Index 2000-2022
Australia,AUS,Oceania,High Income,-25.27,133.77,2005,SDG Goals,SDG Overall Score,71.5,score 0-100,SDG Index 2000-2022
Australia,AUS,Oceania,High Income,-25.27,133.77,2006,SDG Goals,SDG Overall Score,71.7,score 0-100,SDG Index 2000-2022
Australia,AUS,Oceania,High Income,-25.27,133.77,2007,SDG Goals,SDG Overall Score,71.5,score 0-100,SDG Index 2000-2022
Australia,AUS,Oceania,High Income,-25.27,133.77,2008,SDG Goals,SDG Overall Score,71.5,score 0-100,SDG Index 2000-2022
Australia,AUS,Oceania,High Income,-25.27,133.77,2009,SDG Goals,SDG Overall Score,71.8,score 0-100,SDG Index 2000-2022
Australia,AUS,Oceania,High Income,-25.27,133.77,2010,SDG Goals,SDG Overall Score,72.2,score 0-100,SDG Index 2000-2022
Australia,AUS,Oceania,High Income,-25.27,133.77,2011,SDG Goals,SDG Overall Score,72.2,score 0-100,SDG Index 2000-2022
Australia,AUS,Oceania,High Income,-25.27,133.77,2012,SDG Goals,SDG Overall Score,72.5,score 0-100,SDG Index 2000-2022
Australia,AUS,Oceania,High Income,-25.27,133.77,2013,SDG Goals,SDG Overall Score,73.7,score 0-100,SDG Index 2000-2022
Australia,AUS,Oceania,High Income,-25.27,133.77,2014,SDG Goals,SDG Overall Score,73.9,score 0-100,SDG Index 2000-2022
Australia,AUS,Oceania,High Income,-25.27,133.77,2015,SDG Goals,SDG Overall Score,74.5,score 0-100,SDG Index 2000-2022
Australia,AUS,Oceania,High Income,-25.27,133.77,2016,SDG Goals,SDG Overall Score,75.0,score 0-100,SDG Index 2000-2022
Australia,AUS,Oceania,High Income,-25.27,133.77,2017,SDG Goals,SDG Overall Score,75.3,score 0-100,SDG Index 2000-2022
Australia,AUS,Oceania,High Income,-25.27,133.77,2018,SDG Goals,SDG Overall Score,75.1,score 0-100,SDG Index 2000-2022
Australia,AUS,Oceania,High Income,-25.27,133.77,2019,SDG Goals,SDG Overall Score,75.2,score 0-100,SDG Index 2000-2022
Australia,AUS,Oceania,High Income,-25.27,133.77,2020,SDG Goals,SDG Overall Score,75.4,score 0-100,SDG Index 2000-2022
Australia,AUS,Oceania,High Income,-25.27,133.77,2021,SDG Goals,SDG Overall Score,76.0,score 0-100,SDG Index 2000-2022
Australia,AUS,Oceania,High Income,-25.27,133.77,2022,SDG Goals,SDG Overall Score,75.9,score 0-100,SDG Index 2000-2022
Brazil,BRA,South America,Upper Middle Income,-14.24,-51.93,2000,SDG Goals,SDG Overall Score,67.9,score 0-100,SDG Index 2000-2022
Brazil,BRA,South America,Upper Middle Income,-14.24,-51.93,2001,SDG Goals,SDG Overall Score,68.1,score 0-100,SDG Index 2000-2022
Brazil,BRA,South America,Upper Middle Income,-14.24,-51.93,2002,SDG Goals,SDG Overall Score,68.3,score 0-100,SDG Index 2000-2022
Brazil,BRA,South America,Upper Middle Income,-14.24,-51.93,2003,SDG Goals,SDG Overall Score,68.6,score 0-100,SDG Index 2000-2022
Brazil,BRA,South America,Upper Middle Income,-14.24,-51.93,2004,SDG Goals,SDG Overall Score,69.0,score 0-100,SDG Index 2000-2022
Brazil,BRA,South America,Upper Middle Income,-14.24,-51.93,2005,SDG Goals,SDG Overall Score,69.3,score 0-100,SDG Index 2000-2022
Brazil,BRA,South America,Upper Middle Income,-14.24,-51.93,2006,SDG Goals,SDG Overall Score,69.6,score 0-100,SDG Index 2000-2022
Brazil,BRA,South America,Upper Middle Income,-14.24,-51.93,2007,SDG Goals,SDG Overall Score,69.9,score 0-100,SDG Index 2000-2022
Brazil,BRA,South America,Upper Middle Income,-14.24,-51.93,2008,SDG Goals,SDG Overall Score,70.3,score 0-100,SDG Index 2000-2022
Brazil,BRA,South America,Upper Middle Income,-14.24,-51.93,2009,SDG Goals,SDG Overall Score,70.3,score 0-100,SDG Index 2000-2022
Brazil,BRA,South America,Upper Middle Income,-14.24,-51.93,2010,SDG Goals,SDG Overall Score,70.6,score 0-100,SDG Index 2000-2022
Brazil,BRA,South America,Upper Middle Income,-14.24,-51.93,2011,SDG Goals,SDG Overall Score,70.7,score 0-100,SDG Index 2000-2022
Brazil,BRA,South America,Upper Middle Income,-14.24,-51.93,2012,SDG Goals,SDG Overall Score,70.9,score 0-100,SDG Index 2000-2022
Brazil,BRA,South America,Upper Middle Income,-14.24,-51.93,2013,SDG Goals,SDG Overall Score,71.3,score 0-100,SDG Index 2000-2022
Brazil,BRA,South America,Upper Middle Income,-14.24,-51.93,2014,SDG Goals,SDG Overall Score,71.7,score 0-100,SDG Index 2000-2022
Brazil,BRA,South America,Upper Middle Income,-14.24,-51.93,2015,SDG Goals,SDG Overall Score,72.6,score 0-100,SDG Index 2000-2022
Brazil,BRA,South America,Upper Middle Income,-14.24,-51.93,2016,SDG Goals,SDG Overall Score,71.5,score 0-100,SDG Index 2000-2022
Brazil,BRA,South America,Upper Middle Income,-14.24,-51.93,2017,SDG Goals,SDG Overall Score,72.0,score 0-100,SDG Index 2000-2022
Brazil,BRA,South America,Upper Middle Income,-14.24,-51.93,2018,SDG Goals,SDG Overall Score,72.0,score 0-100,SDG Index 2000-2022
Brazil,BRA,South America,Upper Middle Income,-14.24,-51.93,2019,SDG Goals,SDG Overall Score,72.4,score 0-100,SDG Index 2000-2022
Brazil,BRA,South America,Upper Middle Income,-14.24,-51.93,2020,SDG Goals,SDG Overall Score,72.9,score 0-100,SDG Index 2000-2022
Brazil,BRA,South America,Upper Middle Income,-14.24,-51.93,2021,SDG Goals,SDG Overall Score,73.4,score 0-100,SDG Index 2000-2022
Brazil,BRA,South America,Upper Middle Income,-14.24,-51.93,2022,SDG Goals,SDG Overall Score,73.7,score 0-100,SDG Index 2000-2022
Canada,CAN,North America,High Income,56.13,-106.35,2000,SDG Goals,SDG Overall Score,74.5,score 0-100,SDG Index 2000-2022
Canada,CAN,North America,High Income,56.13,-106.35,2001,SDG Goals,SDG Overall Score,74.5,score 0-100,SDG Index 2000-2022
Canada,CAN,North America,High Income,56.13,-106.35,2002,SDG Goals,SDG Overall Score,74.6,score 0-100,SDG Index 2000-2022
Canada,CAN,North America,High Income,56.13,-106.35,2003,SDG Goals,SDG Overall Score,74.7,score 0-100,SDG Index 2000-2022
Canada,CAN,North America,High Income,56.13,-106.35,2004,SDG Goals,SDG Overall Score,74.9,score 0-100,SDG Index 2000-2022
Canada,CAN,North America,High Income,56.13,-106.35,2005,SDG Goals,SDG Overall Score,75.2,score 0-100,SDG Index 2000-2022
Canada,CAN,North America,High Income,56.13,-106.35,2006,SDG Goals,SDG Overall Score,75.1,score 0-100,SDG Index 2000-2022
Canada,CAN,North America,High Income,56.13,-106.35,2007,SDG Goals,SDG Overall Score,74.9,score 0-100,SDG Index 2000-2022
Canada,CAN,North America,High Income,56.13,-106.35,2008,SDG Goals,SDG Overall Score,75.2,score 0-100,SDG Index 2000-2022
Canada,CAN,North America,High Income,56.13,-106.35,2009,SDG Goals,SDG Overall Score,75.5,score 0-100,SDG Index 2000-2022
Canada,CAN,North America,High Income,56.13,-106.35,2010,SDG Goals,SDG Overall Score,75.7,score 0-100,SDG Index 2000-2022
Canada,CAN,North America,High Income,56.13,-106.35,2011,SDG Goals,SDG Overall Score,75.8,score 0-100,SDG Index 2000-2022
Canada,CAN,North America,High Income,56.13,-106.35,2012,SDG Goals,SDG Overall Score,75.9,score 0-100,SDG Index 2000-2022
Canada,CAN,North America,High Income,56.13,-106.35,2013,SDG Goals,SDG Overall Score,76.2,score 0-100,SDG Index 2000-2022
Canada,CAN,North America,High Income,56.13,-106.35,2014,SDG Goals,SDG Overall Score,76.5,score 0-100,SDG Index 2000-2022
Canada,CAN,North America,High Income,56.13,-106.35,2015,SDG Goals,SDG Overall Score,76.8,score 0-100,SDG Index 2000-2022
Canada,CAN,North America,High Income,56.13,-106.35,2016,SDG Goals,SDG Overall Score,77.2,score 0-100,SDG Index 2000-2022
Canada,CAN,North America,High Income,56.13,-106.35,2017,SDG Goals,SDG Overall Score,77.6,score 0-100,SDG Index 2000-2022
Canada,CAN,North America,High Income,56.13,-106.35,2018,SDG Goals,SDG Overall Score,77.7,score 0-100,SDG Index 2000-2022
Canada,CAN,North America,High Income,56.13,-106.35,2019,SDG Goals,SDG Overall Score,77.8,score 0-100,SDG Index 2000-2022
Canada,CAN,North America,High Income,56.13,-106.35,2020,SDG Goals,SDG Overall Score,78.4,score 0-100,SDG Index 2000-2022
Canada,CAN,North America,High Income,56.13,-106.35,2021,SDG Goals,SDG Overall Score,78.3,score 0-100,SDG Index 2000-2022
Canada,CAN,North America,High Income,56.13,-106.35,2022,SDG Goals,SDG Overall Score,78.5,score 0-100,SDG Index 2000-2022
France,FRA,Europe,High Income,46.23,2.21,2000,SDG Goals,SDG Overall Score,75.1,score 0-100,SDG Index 2000-2022
France,FRA,Europe,High Income,46.23,2.21,2001,SDG Goals,SDG Overall Score,75.3,score 0-100,SDG Index 2000-2022
France,FRA,Europe,High Income,46.23,2.21,2002,SDG Goals,SDG Overall Score,75.6,score 0-100,SDG Index 2000-2022
France,FRA,Europe,High Income,46.23,2.21,2003,SDG Goals,SDG Overall Score,75.5,score 0-100,SDG Index 2000-2022
France,FRA,Europe,High Income,46.23,2.21,2004,SDG Goals,SDG Overall Score,75.8,score 0-100,SDG Index 2000-2022
France,FRA,Europe,High Income,46.23,2.21,2005,SDG Goals,SDG Overall Score,76.2,score 0-100,SDG Index 2000-2022
France,FRA,Europe,High Income,46.23,2.21,2006,SDG Goals,SDG Overall Score,76.6,score 0-100,SDG Index 2000-2022
France,FRA,Europe,High Income,46.23,2.21,2007,SDG Goals,SDG Overall Score,76.4,score 0-100,SDG Index 2000-2022
France,FRA,Europe,High Income,46.23,2.21,2008,SDG Goals,SDG Overall Score,77.1,score 0-100,SDG Index 2000-2022
France,FRA,Europe,High Income,46.23,2.21,2009,SDG Goals,SDG Overall Score,77.6,score 0-100,SDG Index 2000-2022
France,FRA,Europe,High Income,46.23,2.21,2010,SDG Goals,SDG Overall Score,77.8,score 0-100,SDG Index 2000-2022
France,FRA,Europe,High Income,46.23,2.21,2011,SDG Goals,SDG Overall Score,77.7,score 0-100,SDG Index 2000-2022
France,FRA,Europe,High Income,46.23,2.21,2012,SDG Goals,SDG Overall Score,78.7,score 0-100,SDG Index 2000-2022
France,FRA,Europe,High Income,46.23,2.21,2013,SDG Goals,SDG Overall Score,79.1,score 0-100,SDG Index 2000-2022
France,FRA,Europe,High Income,46.23,2.21,2014,SDG Goals,SDG Overall Score,79.6,score 0-100,SDG Index 2000-2022
France,FRA,Europe,High Income,46.23,2.21,2015,SDG Goals,SDG Overall Score,79.8,score 0-100,SDG Index 2000-2022
France,FRA,Europe,High Income,46.23,2.21,2016,SDG Goals,SDG Overall Score,80.0,score 0-100,SDG Index 2000-2022
France,FRA,Europe,High Income,46.23,2.21,2017,SDG Goals,SDG Overall Score,81.0,score 0-100,SDG Index 2000-2022
France,FRA,Europe,High Income,46.23,2.21,2018,SDG Goals,SDG Overall Score,80.9,score 0-100,SDG Index 2000-2022
France,FRA,Europe,High Income,46.23,2.21,2019,SDG Goals,SDG Overall Score,81.5,score 0-100,SDG Index 2000-2022
France,FRA,Europe,High Income,46.23,2.21,2020,SDG Goals,SDG Overall Score,81.6,score 0-100,SDG Index 2000-2022
France,FRA,Europe,High Income,46.23,2.21,2021,SDG Goals,SDG Overall Score,82.0,score 0-100,SDG Index 2000-2022
France,FRA,Europe,High Income,46.23,2.21,2022,SDG Goals,SDG Overall Score,82.0,score 0-100,SDG Index 2000-2022
Germany,DEU,Europe,High Income,51.17,10.45,2000,SDG Goals,SDG Overall Score,76.7,score 0-100,SDG Index 2000-2022
Germany,DEU,Europe,High Income,51.17,10.45,2001,SDG Goals,SDG Overall Score,77.2,score 0-100,SDG Index 2000-2022
Germany,DEU,Europe,High Income,51.17,10.45,2002,SDG Goals,SDG Overall Score,77.3,score 0-100,SDG Index 2000-2022
Germany,DEU,Europe,High Income,51.17,10.45,2003,SDG Goals,SDG Overall Score,77.5,score 0-100,SDG Index 2000-2022
Germany,DEU,Europe,High Income,51.17,10.45,2004,SDG Goals,SDG Overall Score,78.4,score 0-100,SDG Index 2000-2022
Germany,DEU,Europe,High Income,51.17,10.45,2005,SDG Goals,SDG Overall Score,78.4,score 0-100,SDG Index 2000-2022
Germany,DEU,Europe,High Income,51.17,10.45,2006,SDG Goals,SDG Overall Score,78.6,score 0-100,SDG Index 2000-2022
Germany,DEU,Europe,High Income,51.17,10.45,2007,SDG Goals,SDG Overall Score,78.5,score 0-100,SDG Index 2000-2022
Germany,DEU,Europe,High Income,51.17,10.45,2008,SDG Goals,SDG Overall Score,78.7,score 0-100,SDG Index 2000-2022
Germany,DEU,Europe,High Income,51.17,10.45,2009,SDG Goals,SDG Overall Score,79.2,score 0-100,SDG Index 2000-2022
Germany,DEU,Europe,High Income,51.17,10.45,2010,SDG Goals,SDG Overall Score,79.3,score 0-100,SDG Index 2000-2022
Germany,DEU,Europe,High Income,51.17,10.45,2011,SDG Goals,SDG Overall Score,79.6,score 0-100,SDG Index 2000-2022
Germany,DEU,Europe,High Income,51.17,10.45,2012,SDG Goals,SDG Overall Score,80.1,score 0-100,SDG Index 2000-2022
Germany,DEU,Europe,High Income,51.17,10.45,2013,SDG Goals,SDG Overall Score,80.6,score 0-100,SDG Index 2000-2022
Germany,DEU,Europe,High Income,51.17,10.45,2014,SDG Goals,SDG Overall Score,81.0,score 0-100,SDG Index 2000-2022
Germany,DEU,Europe,High Income,51.17,10.45,2015,SDG Goals,SDG Overall Score,81.9,score 0-100,SDG Index 2000-2022
Germany,DEU,Europe,High Income,51.17,10.45,2016,SDG Goals,SDG Overall Score,82.0,score 0-100,SDG Index 2000-2022
Germany,DEU,Europe,High Income,51.17,10.45,2017,SDG Goals,SDG Overall Score,82.1,score 0-100,SDG Index 2000-2022
Germany,DEU,Europe,High Income,51.17,10.45,2018,SDG Goals,SDG Overall Score,82.3,score 0-100,SDG Index 2000-2022
Germany,DEU,Europe,High Income,51.17,10.45,2019,SDG Goals,SDG Overall Score,82.6,score 0-100,SDG Index 2000-2022
Germany,DEU,Europe,High Income,51.17,10.45,2020,SDG Goals,SDG Overall Score,83.0,score 0-100,SDG Index 2000-2022
Germany,DEU,Europe,High Income,51.17,10.45,2021,SDG Goals,SDG Overall Score,83.3,score 0-100,SDG Index 2000-2022
Germany,DEU,Europe,High Income,51.17,10.45,2022,SDG Goals,SDG Overall Score,83.4,score 0-100,SDG Index 2000-2022
India,IND,Asia,Lower Middle Income,20.59,78.96,2000,SDG Goals,SDG Overall Score,51.7,score 0-100,SDG Index 2000-2022
India,IND,Asia,Lower Middle Income,20.59,78.96,2001,SDG Goals,SDG Overall Score,51.7,score 0-100,SDG Index 2000-2022
India,IND,Asia,Lower Middle Income,20.59,78.96,2002,SDG Goals,SDG Overall Score,51.7,score 0-100,SDG Index 2000-2022
India,IND,Asia,Lower Middle Income,20.59,78.96,2003,SDG Goals,SDG Overall Score,52.1,score 0-100,SDG Index 2000-2022
India,IND,Asia,Lower Middle Income,20.59,78.96,2004,SDG Goals,SDG Overall Score,52.1,score 0-100,SDG Index 2000-2022
India,IND,Asia,Lower Middle Income,20.59,78.96,2005,SDG Goals,SDG Overall Score,52.3,score 0-100,SDG Index 2000-2022
India,IND,Asia,Lower Middle Income,20.59,78.96,2006,SDG Goals,SDG Overall Score,52.9,score 0-100,SDG Index 2000-2022
India,IND,Asia,Lower Middle Income,20.59,78.96,2007,SDG Goals,SDG Overall Score,53.2,score 0-100,SDG Index 2000-2022
India,IND,Asia,Lower Middle Income,20.59,78.96,2008,SDG Goals,SDG Overall Score,53.5,score 0-100,SDG Index 2000-2022
India,IND,Asia,Lower Middle Income,20.59,78.96,2009,SDG Goals,SDG Overall Score,53.5,score 0-100,SDG Index 2000-2022
India,IND,Asia,Lower Middle Income,20.59,78.96,2010,SDG Goals,SDG Overall Score,53.8,score 0-100,SDG Index 2000-2022
India,IND,Asia,Lower Middle Income,20.59,78.96,2011,SDG Goals,SDG Overall Score,55.0,score 0-100,SDG Index 2000-2022
India,IND,Asia,Lower Middle Income,20.59,78.96,2012,SDG Goals,SDG Overall Score,55.5,score 0-100,SDG Index 2000-2022
India,IND,Asia,Lower Middle Income,20.59,78.96,2013,SDG Goals,SDG Overall Score,56.3,score 0-100,SDG Index 2000-2022
India,IND,Asia,Lower Middle Income,20.59,78.96,2014,SDG Goals,SDG Overall Score,57.1,score 0-100,SDG Index 2000-2022
India,IND,Asia,Lower Middle Income,20.59,78.96,2015,SDG Goals,SDG Overall Score,57.9,score 0-100,SDG Index 2000-2022
India,IND,Asia,Lower Middle Income,20.59,78.96,2016,SDG Goals,SDG Overall Score,58.6,score 0-100,SDG Index 2000-2022
India,IND,Asia,Lower Middle Income,20.59,78.96,2017,SDG Goals,SDG Overall Score,60.1,score 0-100,SDG Index 2000-2022
India,IND,Asia,Lower Middle Income,20.59,78.96,2018,SDG Goals,SDG Overall Score,60.9,score 0-100,SDG Index 2000-2022
India,IND,Asia,Lower Middle Income,20.59,78.96,2019,SDG Goals,SDG Overall Score,62.2,score 0-100,SDG Index 2000-2022
India,IND,Asia,Lower Middle Income,20.59,78.96,2020,SDG Goals,SDG Overall Score,62.6,score 0-100,SDG Index 2000-2022
India,IND,Asia,Lower Middle Income,20.59,78.96,2021,SDG Goals,SDG Overall Score,62.8,score 0-100,SDG Index 2000-2022
India,IND,Asia,Lower Middle Income,20.59,78.96,2022,SDG Goals,SDG Overall Score,63.4,score 0-100,SDG Index 2000-2022
Japan,JPN,Asia,High Income,36.2,138.25,2000,SDG Goals,SDG Overall Score,75.3,score 0-100,SDG Index 2000-2022
Japan,JPN,Asia,High Income,36.2,138.25,2001,SDG Goals,SDG Overall Score,75.6,score 0-100,SDG Index 2000-2022
Japan,JPN,Asia,High Income,36.2,138.25,2002,SDG Goals,SDG Overall Score,75.7,score 0-100,SDG Index 2000-2022
Japan,JPN,Asia,High Income,36.2,138.25,2003,SDG Goals,SDG Overall Score,75.8,score 0-100,SDG Index 2000-2022
Japan,JPN,Asia,High Income,36.2,138.25,2004,SDG Goals,SDG Overall Score,76.1,score 0-100,SDG Index 2000-2022
Japan,JPN,Asia,High Income,36.2,138.25,2005,SDG Goals,SDG Overall Score,76.5,score 0-100,SDG Index 2000-2022
Japan,JPN,Asia,High Income,36.2,138.25,2006,SDG Goals,SDG Overall Score,76.6,score 0-100,SDG Index 2000-2022
Japan,JPN,Asia,High Income,36.2,138.25,2007,SDG Goals,SDG Overall Score,76.7,score 0-100,SDG Index 2000-2022
Japan,JPN,Asia,High Income,36.2,138.25,2008,SDG Goals,SDG Overall Score,76.6,score 0-100,SDG Index 2000-2022
Japan,JPN,Asia,High Income,36.2,138.25,2009,SDG Goals,SDG Overall Score,76.9,score 0-100,SDG Index 2000-2022
Japan,JPN,Asia,High Income,36.2,138.25,2010,SDG Goals,SDG Overall Score,77.1,score 0-100,SDG Index 2000-2022
Japan,JPN,Asia,High Income,36.2,138.25,2011,SDG Goals,SDG Overall Score,77.4,score 0-100,SDG Index 2000-2022
Japan,JPN,Asia,High Income,36.2,138.25,2012,SDG Goals,SDG Overall Score,77.6,score 0-100,SDG Index 2000-2022
Japan,JPN,Asia,High Income,36.2,138.25,2013,SDG Goals,SDG Overall Score,77.7,score 0-100,SDG Index 2000-2022
Japan,JPN,Asia,High Income,36.2,138.25,2014,SDG Goals,SDG Overall Score,77.7,score 0-100,SDG Index 2000-2022
Japan,JPN,Asia,High Income,36.2,138.25,2015,SDG Goals,SDG Overall Score,78.1,score 0-100,SDG Index 2000-2022
Japan,JPN,Asia,High Income,36.2,138.25,2016,SDG Goals,SDG Overall Score,78.0,score 0-100,SDG Index 2000-2022
Japan,JPN,Asia,High Income,36.2,138.25,2017,SDG Goals,SDG Overall Score,78.1,score 0-100,SDG Index 2000-2022
Japan,JPN,Asia,High Income,36.2,138.25,2018,SDG Goals,SDG Overall Score,78.5,score 0-100,SDG Index 2000-2022
Japan,JPN,Asia,High Income,36.2,138.25,2019,SDG Goals,SDG Overall Score,78.8,score 0-100,SDG Index 2000-2022
Japan,JPN,Asia,High Income,36.2,138.25,2020,SDG Goals,SDG Overall Score,79.0,score 0-100,SDG Index 2000-2022
Japan,JPN,Asia,High Income,36.2,138.25,2021,SDG Goals,SDG Overall Score,79.5,score 0-100,SDG Index 2000-2022
Japan,JPN,Asia,High Income,36.2,138.25,2022,SDG Goals,SDG Overall Score,79.4,score 0-100,SDG Index 2000-2022
South Korea,KOR,Asia,High Income,35.91,127.77,2000,SDG Goals,SDG Overall Score,72.6,score 0-100,SDG Index 2000-2022
South Korea,KOR,Asia,High Income,35.91,127.77,2001,SDG Goals,SDG Overall Score,73.1,score 0-100,SDG Index 2000-2022
South Korea,KOR,Asia,High Income,35.91,127.77,2002,SDG Goals,SDG Overall Score,72.8,score 0-100,SDG Index 2000-2022
South Korea,KOR,Asia,High Income,35.91,127.77,2003,SDG Goals,SDG Overall Score,73.0,score 0-100,SDG Index 2000-2022
South Korea,KOR,Asia,High Income,35.91,127.77,2004,SDG Goals,SDG Overall Score,73.4,score 0-100,SDG Index 2000-2022
South Korea,KOR,Asia,High Income,35.91,127.77,2005,SDG Goals,SDG Overall Score,73.7,score 0-100,SDG Index 2000-2022
South Korea,KOR,Asia,High Income,35.91,127.77,2006,SDG Goals,SDG Overall Score,74.1,score 0-100,SDG Index 2000-2022
South Korea,KOR,Asia,High Income,35.91,127.77,2007,SDG Goals,SDG Overall Score,74.3,score 0-100,SDG Index 2000-2022
South Korea,KOR,Asia,High Income,35.91,127.77,2008,SDG Goals,SDG Overall Score,74.9,score 0-100,SDG Index 2000-2022
South Korea,KOR,Asia,High Income,35.91,127.77,2009,SDG Goals,SDG Overall Score,75.0,score 0-100,SDG Index 2000-2022
South Korea,KOR,Asia,High Income,35.91,127.77,2010,SDG Goals,SDG Overall Score,75.5,score 0-100,SDG Index 2000-2022
South Korea,KOR,Asia,High Income,35.91,127.77,2011,SDG Goals,SDG Overall Score,75.4,score 0-100,SDG Index 2000-2022
South Korea,KOR,Asia,High Income,35.91,127.77,2012,SDG Goals,SDG Overall Score,75.8,score 0-100,SDG Index 2000-2022
South Korea,KOR,Asia,High Income,35.91,127.77,2013,SDG Goals,SDG Overall Score,76.0,score 0-100,SDG Index 2000-2022
South Korea,KOR,Asia,High Income,35.91,127.77,2014,SDG Goals,SDG Overall Score,76.1,score 0-100,SDG Index 2000-2022
South Korea,KOR,Asia,High Income,35.91,127.77,2015,SDG Goals,SDG Overall Score,76.9,score 0-100,SDG Index 2000-2022
South Korea,KOR,Asia,High Income,35.91,127.77,2016,SDG Goals,SDG Overall Score,76.9,score 0-100,SDG Index 2000-2022
South Korea,KOR,Asia,High Income,35.91,127.77,2017,SDG Goals,SDG Overall Score,76.8,score 0-100,SDG Index 2000-2022
South Korea,KOR,Asia,High Income,35.91,127.77,2018,SDG Goals,SDG Overall Score,77.4,score 0-100,SDG Index 2000-2022
South Korea,KOR,Asia,High Income,35.91,127.77,2019,SDG Goals,SDG Overall Score,77.6,score 0-100,SDG Index 2000-2022
South Korea,KOR,Asia,High Income,35.91,127.77,2020,SDG Goals,SDG Overall Score,77.8,score 0-100,SDG Index 2000-2022
South Korea,KOR,Asia,High Income,35.91,127.77,2021,SDG Goals,SDG Overall Score,78.2,score 0-100,SDG Index 2000-2022
South Korea,KOR,Asia,High Income,35.91,127.77,2022,SDG Goals,SDG Overall Score,78.1,score 0-100,SDG Index 2000-2022
UK,GBR,Europe,High Income,55.38,-3.44,2000,SDG Goals,SDG Overall Score,76.5,score 0-100,SDG Index 2000-2022
UK,GBR,Europe,High Income,55.38,-3.44,2001,SDG Goals,SDG Overall Score,76.8,score 0-100,SDG Index 2000-2022
UK,GBR,Europe,High Income,55.38,-3.44,2002,SDG Goals,SDG Overall Score,77.3,score 0-100,SDG Index 2000-2022
UK,GBR,Europe,High Income,55.38,-3.44,2003,SDG Goals,SDG Overall Score,77.4,score 0-100,SDG Index 2000-2022
UK,GBR,Europe,High Income,55.38,-3.44,2004,SDG Goals,SDG Overall Score,77.4,score 0-100,SDG Index 2000-2022
UK,GBR,Europe,High Income,55.38,-3.44,2005,SDG Goals,SDG Overall Score,77.8,score 0-100,SDG Index 2000-2022
UK,GBR,Europe,High Income,55.38,-3.44,2006,SDG Goals,SDG Overall Score,77.5,score 0-100,SDG Index 2000-2022
UK,GBR,Europe,High Income,55.38,-3.44,2007,SDG Goals,SDG Overall Score,77.4,score 0-100,SDG Index 2000-2022
UK,GBR,Europe,High Income,55.38,-3.44,2008,SDG Goals,SDG Overall Score,77.9,score 0-100,SDG Index 2000-2022
UK,GBR,Europe,High Income,55.38,-3.44,2009,SDG Goals,SDG Overall Score,78.3,score 0-100,SDG Index 2000-2022
UK,GBR,Europe,High Income,55.38,-3.44,2010,SDG Goals,SDG Overall Score,79.0,score 0-100,SDG Index 2000-2022
UK,GBR,Europe,High Income,55.38,-3.44,2011,SDG Goals,SDG Overall Score,79.5,score 0-100,SDG Index 2000-2022
UK,GBR,Europe,High Income,55.38,-3.44,2012,SDG Goals,SDG Overall Score,79.6,score 0-100,SDG Index 2000-2022
UK,GBR,Europe,High Income,55.38,-3.44,2013,SDG Goals,SDG Overall Score,79.8,score 0-100,SDG Index 2000-2022
UK,GBR,Europe,High Income,55.38,-3.44,2014,SDG Goals,SDG Overall Score,80.0,score 0-100,SDG Index 2000-2022
UK,GBR,Europe,High Income,55.38,-3.44,2015,SDG Goals,SDG Overall Score,80.4,score 0-100,SDG Index 2000-2022
UK,GBR,Europe,High Income,55.38,-3.44,2016,SDG Goals,SDG Overall Score,80.5,score 0-100,SDG Index 2000-2022
UK,GBR,Europe,High Income,55.38,-3.44,2017,SDG Goals,SDG Overall Score,80.9,score 0-100,SDG Index 2000-2022
UK,GBR,Europe,High Income,55.38,-3.44,2018,SDG Goals,SDG Overall Score,80.9,score 0-100,SDG Index 2000-2022
UK,GBR,Europe,High Income,55.38,-3.44,2019,SDG Goals,SDG Overall Score,81.0,score 0-100,SDG Index 2000-2022
UK,GBR,Europe,High Income,55.38,-3.44,2020,SDG Goals,SDG Overall Score,81.3,score 0-100,SDG Index 2000-2022
UK,GBR,Europe,High Income,55.38,-3.44,2021,SDG Goals,SDG Overall Score,81.7,score 0-100,SDG Index 2000-2022
UK,GBR,Europe,High Income,55.38,-3.44,2022,SDG Goals,SDG Overall Score,81.7,score 0-100,SDG Index 2000-2022
USA,USA,North America,High Income,37.09,-95.71,2000,SDG Goals,SDG Overall Score,71.5,score 0-100,SDG Index 2000-2022
USA,USA,North America,High Income,37.09,-95.71,2001,SDG Goals,SDG Overall Score,71.6,score 0-100,SDG Index 2000-2022
USA,USA,North America,High Income,37.09,-95.71,2002,SDG Goals,SDG Overall Score,71.6,score 0-100,SDG Index 2000-2022
USA,USA,North America,High Income,37.09,-95.71,2003,SDG Goals,SDG Overall Score,71.8,score 0-100,SDG Index 2000-2022
USA,USA,North America,High Income,37.09,-95.71,2004,SDG Goals,SDG Overall Score,72.0,score 0-100,SDG Index 2000-2022
USA,USA,North America,High Income,37.09,-95.71,2005,SDG Goals,SDG Overall Score,72.0,score 0-100,SDG Index 2000-2022
USA,USA,North America,High Income,37.09,-95.71,2006,SDG Goals,SDG Overall Score,72.2,score 0-100,SDG Index 2000-2022
USA,USA,North America,High Income,37.09,-95.71,2007,SDG Goals,SDG Overall Score,72.6,score 0-100,SDG Index 2000-2022
USA,USA,North America,High Income,37.09,-95.71,2008,SDG Goals,SDG Overall Score,72.4,score 0-100,SDG Index 2000-2022
USA,USA,North America,High Income,37.09,-95.71,2009,SDG Goals,SDG Overall Score,73.0,score 0-100,SDG Index 2000-2022
USA,USA,North America,High Income,37.09,-95.71,2010,SDG Goals,SDG Overall Score,73.4,score 0-100,SDG Index 2000-2022
USA,USA,North America,High Income,37.09,-95.71,2011,SDG Goals,SDG Overall Score,73.7,score 0-100,SDG Index 2000-2022
USA,USA,North America,High Income,37.09,-95.71,2012,SDG Goals,SDG Overall Score,73.8,score 0-100,SDG Index 2000-2022
USA,USA,North America,High Income,37.09,-95.71,2013,SDG Goals,SDG Overall Score,73.8,score 0-100,SDG Index 2000-2022
USA,USA,North America,High Income,37.09,-95.71,2014,SDG Goals,SDG Overall Score,74.1,score 0-100,SDG Index 2000-2022
USA,USA,North America,High Income,37.09,-95.71,2015,SDG Goals,SDG Overall Score,74.0,score 0-100,SDG Index 2000-2022
USA,USA,North America,High Income,37.09,-95.71,2016,SDG Goals,SDG Overall Score,74.4,score 0-100,SDG Index 2000-2022
USA,USA,North America,High Income,37.09,-95.71,2017,SDG Goals,SDG Overall Score,74.7,score 0-100,SDG Index 2000-2022
USA,USA,North America,High Income,37.09,-95.71,2018,SDG Goals,SDG Overall Score,74.4,score 0-100,SDG Index 2000-2022
USA,USA,North America,High Income,37.09,-95.71,2019,SDG Goals,SDG Overall Score,74.9,score 0-100,SDG Index 2000-2022
USA,USA,North America,High Income,37.09,-95.71,2020,SDG Goals,SDG Overall Score,75.6,score 0-100,SDG Index 2000-2022
USA,USA,North America,High Income,37.09,-95.71,2021,SDG Goals,SDG Overall Score,76.0,score 0-100,SDG Index 2000-2022
USA,USA,North America,High Income,37.09,-95.71,2022,SDG Goals,SDG Overall Score,75.9,score 0-100,SDG Index 2000-2022
Australia,AUS,Oceania,High Income,-25.27,133.77,2024,Sustainability Behavior,% EV Owners,7.571,%,Global Lifestyle Survey
Brazil,BRA,South America,Upper Middle Income,-14.24,-51.93,2024,Sustainability Behavior,% EV Owners,7.312,%,Global Lifestyle Survey
Canada,CAN,North America,High Income,56.13,-106.35,2024,Sustainability Behavior,% EV Owners,7.542,%,Global Lifestyle Survey
France,FRA,Europe,High Income,46.23,2.21,2024,Sustainability Behavior,% EV Owners,6.825,%,Global Lifestyle Survey
Germany,DEU,Europe,High Income,51.17,10.45,2024,Sustainability Behavior,% EV Owners,8.835,%,Global Lifestyle Survey
India,IND,Asia,Lower Middle Income,20.59,78.96,2024,Sustainability Behavior,% EV Owners,8.426,%,Global Lifestyle Survey
Japan,JPN,Asia,High Income,36.2,138.25,2024,Sustainability Behavior,% EV Owners,7.243,%,Global Lifestyle Survey
South Korea,KOR,Asia,High Income,35.91,127.77,2024,Sustainability Behavior,% EV Owners,7.447,%,Global Lifestyle Survey
UK,GBR,Europe,High Income,55.38,-3.44,2024,Sustainability Behavior,% EV Owners,6.861,%,Global Lifestyle Survey
USA,USA,North America,High Income,37.09,-95.71,2024,Sustainability Behavior,% EV Owners,7.882,%,Global Lifestyle Survey
Australia,AUS,Oceania,High Income,-25.27,133.77,2024,Sustainability Behavior,% Regular Recyclers,36.873,%,Global Lifestyle Survey
Brazil,BRA,South America,Upper Middle Income,-14.24,-51.93,2024,Sustainability Behavior,% Regular Recyclers,36.457,%,Global Lifestyle Survey
Canada,CAN,North America,High Income,56.13,-106.35,2024,Sustainability Behavior,% Regular Recyclers,38.002,%,Global Lifestyle Survey
France,FRA,Europe,High Income,46.23,2.21,2024,Sustainability Behavior,% Regular Recyclers,36.711,%,Global Lifestyle Survey
Germany,DEU,Europe,High Income,51.17,10.45,2024,Sustainability Behavior,% Regular Recyclers,37.55,%,Global Lifestyle Survey
India,IND,Asia,Lower Middle Income,20.59,78.96,2024,Sustainability Behavior,% Regular Recyclers,38.173,%,Global Lifestyle Survey
Japan,JPN,Asia,High Income,36.2,138.25,2024,Sustainability Behavior,% Regular Recyclers,37.525,%,Global Lifestyle Survey
South Korea,KOR,Asia,High Income,35.91,127.77,2024,Sustainability Behavior,% Regular Recyclers,35.493,%,Global Lifestyle Survey
UK,GBR,Europe,High Income,55.38,-3.44,2024,Sustainability Behavior,% Regular Recyclers,40.956,%,Global Lifestyle Survey
USA,USA,North America,High Income,37.09,-95.71,2024,Sustainability Behavior,% Regular Recyclers,39.031,%,Global Lifestyle Survey
Australia,AUS,Oceania,High Income,-25.27,133.77,2024,Sustainability Behavior,% Vegetarian/Vegan Diet,28.417,%,Global Lifestyle Survey
Brazil,BRA,South America,Upper Middle Income,-14.24,-51.93,2024,Sustainability Behavior,% Vegetarian/Vegan Diet,24.717,%,Global Lifestyle Survey
Canada,CAN,North America,High Income,56.13,-106.35,2024,Sustainability Behavior,% Vegetarian/Vegan Diet,26.445,%,Global Lifestyle Survey
France,FRA,Europe,High Income,46.23,2.21,2024,Sustainability Behavior,% Vegetarian/Vegan Diet,26.06,%,Global Lifestyle Survey
Germany,DEU,Europe,High Income,51.17,10.45,2024,Sustainability Behavior,% Vegetarian/Vegan Diet,27.309,%,Global Lifestyle Survey
India,IND,Asia,Lower Middle Income,20.59,78.96,2024,Sustainability Behavior,% Vegetarian/Vegan Diet,26.396,%,Global Lifestyle Survey
Japan,JPN,Asia,High Income,36.2,138.25,2024,Sustainability Behavior,% Vegetarian/Vegan Diet,28.068,%,Global Lifestyle Survey
South Korea,KOR,Asia,High Income,35.91,127.77,2024,Sustainability Behavior,% Vegetarian/Vegan Diet,23.888,%,Global Lifestyle Survey
UK,GBR,Europe,High Income,55.38,-3.44,2024,Sustainability Behavior,% Vegetarian/Vegan Diet,25.78,%,Global Lifestyle Survey
USA,USA,North America,High Income,37.09,-95.71,2024,Sustainability Behavior,% Vegetarian/Vegan Diet,27.54,%,Global Lifestyle Survey
Australia,AUS,Oceania,High Income,-25.27,133.77,2024,Travel & Emissions,Carbon Footprint,8.544,tons CO2,Global Lifestyle Survey
Brazil,BRA,South America,Upper Middle Income,-14.24,-51.93,2024,Travel & Emissions,Carbon Footprint,8.573,tons CO2,Global Lifestyle Survey
Canada,CAN,North America,High Income,56.13,-106.35,2024,Travel & Emissions,Carbon Footprint,8.777,tons CO2,Global Lifestyle Survey
France,FRA,Europe,High Income,46.23,2.21,2024,Travel & Emissions,Carbon Footprint,8.538,tons CO2,Global Lifestyle Survey
Germany,DEU,Europe,High Income,51.17,10.45,2024,Travel & Emissions,Carbon Footprint,8.626,tons CO2,Global Lifestyle Survey
India,IND,Asia,Lower Middle Income,20.59,78.96,2024,Travel & Emissions,Carbon Footprint,8.555,tons CO2,Global Lifestyle Survey
Japan,JPN,Asia,High Income,36.2,138.25,2024,Travel & Emissions,Carbon Footprint,8.587,tons CO2,Global Lifestyle Survey
South Korea,KOR,Asia,High Income,35.91,127.77,2024,Travel & Emissions,Carbon Footprint,8.26,tons CO2,Global Lifestyle Survey
UK,GBR,Europe,High Income,55.38,-3.44,2024,Travel & Emissions,Carbon Footprint,8.547,tons CO2,Global Lifestyle Survey
USA,USA,North America,High Income,37.09,-95.71,2024,Travel & Emissions,Carbon Footprint,8.657,tons CO2,Global Lifestyle Survey
Australia,AUS,Oceania,High Income,-25.27,133.77,2024,Travel & Emissions,Flights per Year,3.026,flights,Global Lifestyle Survey
Brazil,BRA,South America,Upper Middle Income,-14.24,-51.93,2024,Travel & Emissions,Flights per Year,2.998,flights,Global Lifestyle Survey
Canada,CAN,North America,High Income,56.13,-106.35,2024,Travel & Emissions,Flights per Year,2.914,flights,Global Lifestyle Survey
France,FRA,Europe,High Income,46.23,2.21,2024,Travel & Emissions,Flights per Year,2.925,flights,Global Lifestyle Survey
Germany,DEU,Europe,High Income,51.17,10.45,2024,Travel & Emissions,Flights per Year,3.014,flights,Global Lifestyle Survey
India,IND,Asia,Lower Middle Income,20.59,78.96,2024,Travel & Emissions,Flights per Year,3.025,flights,Global Lifestyle Survey
Japan,JPN,Asia,High Income,36.2,138.25,2024,Travel & Emissions,Flights per Year,3.024,flights,Global Lifestyle Survey
South Korea,KOR,Asia,High Income,35.91,127.77,2024,Travel & Emissions,Flights per Year,2.967,flights,Global Lifestyle Survey
UK,GBR,Europe,High Income,55.38,-3.44,2024,Travel & Emissions,Flights per Year,3.031,flights,Global Lifestyle Survey
USA,USA,North America,High Income,37.09,-95.71,2024,Travel & Emissions,Flights per Year,2.939,flights,Global Lifestyle Survey
Australia,AUS,Oceania,High Income,-25.27,133.77,2024,Wellbeing,Health Satisfaction Score,6.372,score 1-10,Global Lifestyle Survey
Brazil,BRA,South America,Upper Middle Income,-14.24,-51.93,2024,Wellbeing,Health Satisfaction Score,6.331,score 1-10,Global Lifestyle Survey
Canada,CAN,North America,High Income,56.13,-106.35,2024,Wellbeing,Health Satisfaction Score,6.313,score 1-10,Global Lifestyle Survey
France,FRA,Europe,High Income,46.23,2.21,2024,Wellbeing,Health Satisfaction Score,6.231,score 1-10,Global Lifestyle Survey
Germany,DEU,Europe,High Income,51.17,10.45,2024,Wellbeing,Health Satisfaction Score,6.289,score 1-10,Global Lifestyle Survey
India,IND,Asia,Lower Middle Income,20.59,78.96,2024,Wellbeing,Health Satisfaction Score,6.291,score 1-10,Global Lifestyle Survey
Japan,JPN,Asia,High Income,36.2,138.25,2024,Wellbeing,Health Satisfaction Score,6.302,score 1-10,Global Lifestyle Survey
South Korea,KOR,Asia,High Income,35.91,127.77,2024,Wellbeing,Health Satisfaction Score,6.208,score 1-10,Global Lifestyle Survey
UK,GBR,Europe,High Income,55.38,-3.44,2024,Wellbeing,Health Satisfaction Score,6.272,score 1-10,Global Lifestyle Survey
USA,USA,North America,High Income,37.09,-95.71,2024,Wellbeing,Health Satisfaction Score,6.375,score 1-10,Global Lifestyle Survey
Australia,AUS,Oceania,High Income,-25.27,133.77,2023,Wellbeing,Human Development Index,0.95,index 0-1,Global Ecological Footprint 2023
Brazil,BRA,South America,Upper Middle Income,-14.24,-51.93,2023,Wellbeing,Human Development Index,0.75,index 0-1,Global Ecological Footprint 2023
Canada,CAN,North America,High Income,56.13,-106.35,2023,Wellbeing,Human Development Index,0.94,index 0-1,Global Ecological Footprint 2023
France,FRA,Europe,High Income,46.23,2.21,2023,Wellbeing,Human Development Index,0.9,index 0-1,Global Ecological Footprint 2023
Germany,DEU,Europe,High Income,51.17,10.45,2023,Wellbeing,Human Development Index,0.94,index 0-1,Global Ecological Footprint 2023
India,IND,Asia,Lower Middle Income,20.59,78.96,2023,Wellbeing,Human Development Index,0.63,index 0-1,Global Ecological Footprint 2023
Japan,JPN,Asia,High Income,36.2,138.25,2023,Wellbeing,Human Development Index,0.93,index 0-1,Global Ecological Footprint 2023
South Korea,KOR,Asia,High Income,35.91,127.77,2023,Wellbeing,Human Development Index,0.93,index 0-1,Global Ecological Footprint 2023
UK,GBR,Europe,High Income,55.38,-3.44,2023,Wellbeing,Human Development Index,0.93,index 0-1,Global Ecological Footprint 2023
USA,USA,North America,High Income,37.09,-95.71,2023,Wellbeing,Human Development Index,0.92,index 0-1,Global Ecological Footprint 2023
Australia,AUS,Oceania,High Income,-25.27,133.77,2024,Wellbeing,Job Satisfaction Score,5.85,score 1-10,Global Lifestyle Survey
Brazil,BRA,South America,Upper Middle Income,-14.24,-51.93,2024,Wellbeing,Job Satisfaction Score,5.985,score 1-10,Global Lifestyle Survey
Canada,CAN,North America,High Income,56.13,-106.35,2024,Wellbeing,Job Satisfaction Score,5.965,score 1-10,Global Lifestyle Survey
France,FRA,Europe,High Income,46.23,2.21,2024,Wellbeing,Job Satisfaction Score,5.914,score 1-10,Global Lifestyle Survey
Germany,DEU,Europe,High Income,51.17,10.45,2024,Wellbeing,Job Satisfaction Score,6.005,score 1-10,Global Lifestyle Survey
India,IND,Asia,Lower Middle Income,20.59,78.96,2024,Wellbeing,Job Satisfaction Score,6.004,score 1-10,Global Lifestyle Survey
Japan,JPN,Asia,High Income,36.2,138.25,2024,Wellbeing,Job Satisfaction Score,5.901,score 1-10,Global Lifestyle Survey
South Korea,KOR,Asia,High Income,35.91,127.77,2024,Wellbeing,Job Satisfaction Score,5.985,score 1-10,Global Lifestyle Survey
UK,GBR,Europe,High Income,55.38,-3.44,2024,Wellbeing,Job Satisfaction Score,6.091,score 1-10,Global Lifestyle Survey
USA,USA,North America,High Income,37.09,-95.71,2024,Wellbeing,Job Satisfaction Score,5.954,score 1-10,Global Lifestyle Survey
Australia,AUS,Oceania,High Income,-25.27,133.77,2024,Wellbeing,Life Satisfaction Score,6.454,score 1-10,Global Lifestyle Survey
Brazil,BRA,South America,Upper Middle Income,-14.24,-51.93,2024,Wellbeing,Life Satisfaction Score,6.443,score 1-10,Global Lifestyle Survey
Canada,CAN,North America,High Income,56.13,-106.35,2024,Wellbeing,Life Satisfaction Score,6.542,score 1-10,Global Lifestyle Survey
France,FRA,Europe,High Income,46.23,2.21,2024,Wellbeing,Life Satisfaction Score,6.486,score 1-10,Global Lifestyle Survey
Germany,DEU,Europe,High Income,51.17,10.45,2024,Wellbeing,Life Satisfaction Score,6.311,score 1-10,Global Lifestyle Survey
India,IND,Asia,Lower Middle Income,20.59,78.96,2024,Wellbeing,Life Satisfaction Score,6.468,score 1-10,Global Lifestyle Survey
Japan,JPN,Asia,High Income,36.2,138.25,2024,Wellbeing,Life Satisfaction Score,6.462,score 1-10,Global Lifestyle Survey
South Korea,KOR,Asia,High Income,35.91,127.77,2024,Wellbeing,Life Satisfaction Score,6.439,score 1-10,Global Lifestyle Survey
UK,GBR,Europe,High Income,55.38,-3.44,2024,Wellbeing,Life Satisfaction Score,6.596,score 1-10,Global Lifestyle Survey
USA,USA,North America,High Income,37.09,-95.71,2024,Wellbeing,Life Satisfaction Score,6.411,score 1-10,Global Lifestyle Survey
Australia,AUS,Oceania,High Income,-25.27,133.77,2024,Wellbeing,Mental Health Score,2.839,score 1-4,Global Lifestyle Survey
Brazil,BRA,South America,Upper Middle Income,-14.24,-51.93,2024,Wellbeing,Mental Health Score,2.86,score 1-4,Global Lifestyle Survey
Canada,CAN,North America,High Income,56.13,-106.35,2024,Wellbeing,Mental Health Score,2.904,score 1-4,Global Lifestyle Survey
France,FRA,Europe,High Income,46.23,2.21,2024,Wellbeing,Mental Health Score,2.893,score 1-4,Global Lifestyle Survey
Germany,DEU,Europe,High Income,51.17,10.45,2024,Wellbeing,Mental Health Score,2.887,score 1-4,Global Lifestyle Survey
India,IND,Asia,Lower Middle Income,20.59,78.96,2024,Wellbeing,Mental Health Score,2.925,score 1-4,Global Lifestyle Survey
Japan,JPN,Asia,High Income,36.2,138.25,2024,Wellbeing,Mental Health Score,2.891,score 1-4,Global Lifestyle Survey
South Korea,KOR,Asia,High Income,35.91,127.77,2024,Wellbeing,Mental Health Score,2.859,score 1-4,Global Lifestyle Survey
UK,GBR,Europe,High Income,55.38,-3.44,2024,Wellbeing,Mental Health Score,2.856,score 1-4,Global Lifestyle Survey
USA,USA,North America,High Income,37.09,-95.71,2024,Wellbeing,Mental Health Score,2.899,score 1-4,Global Lifestyle Survey
Australia,AUS,Oceania,High Income,-25.27,133.77,2024,Wellbeing,Stress Level,5.015,score 1-10,Global Lifestyle Survey
Brazil,BRA,South America,Upper Middle Income,-14.24,-51.93,2024,Wellbeing,Stress Level,5.051,score 1-10,Global Lifestyle Survey
Canada,CAN,North America,High Income,56.13,-106.35,2024,Wellbeing,Stress Level,5.02,score 1-10,Global Lifestyle Survey
France,FRA,Europe,High Income,46.23,2.21,2024,Wellbeing,Stress Level,5.115,score 1-10,Global Lifestyle Survey
Germany,DEU,Europe,High Income,51.17,10.45,2024,Wellbeing,Stress Level,4.971,score 1-10,Global Lifestyle Survey
India,IND,Asia,Lower Middle Income,20.59,78.96,2024,Wellbeing,Stress Level,4.974,score 1-10,Global Lifestyle Survey
Japan,JPN,Asia,High Income,36.2,138.25,2024,Wellbeing,Stress Level,5.033,score 1-10,Global Lifestyle Survey
South Korea,KOR,Asia,High Income,35.91,127.77,2024,Wellbeing,Stress Level,5.024,score 1-10,Global Lifestyle Survey
UK,GBR,Europe,High Income,55.38,-3.44,2024,Wellbeing,Stress Level,5.02,score 1-10,Global Lifestyle Survey
USA,USA,North America,High Income,37.09,-95.71,2024,Wellbeing,Stress Level,5.036,score 1-10,Global Lifestyle Survey
Australia,AUS,Oceania,High Income,-25.27,133.77,2024,Wellbeing,Work-Life Balance Score,5.673,score 1-10,Global Lifestyle Survey
Brazil,BRA,South America,Upper Middle Income,-14.24,-51.93,2024,Wellbeing,Work-Life Balance Score,5.731,score 1-10,Global Lifestyle Survey
Canada,CAN,North America,High Income,56.13,-106.35,2024,Wellbeing,Work-Life Balance Score,5.56,score 1-10,Global Lifestyle Survey
France,FRA,Europe,High Income,46.23,2.21,2024,Wellbeing,Work-Life Balance Score,5.668,score 1-10,Global Lifestyle Survey
Germany,DEU,Europe,High Income,51.17,10.45,2024,Wellbeing,Work-Life Balance Score,5.704,score 1-10,Global Lifestyle Survey
India,IND,Asia,Lower Middle Income,20.59,78.96,2024,Wellbeing,Work-Life Balance Score,5.743,score 1-10,Global Lifestyle Survey
Japan,JPN,Asia,High Income,36.2,138.25,2024,Wellbeing,Work-Life Balance Score,5.666,score 1-10,Global Lifestyle Survey
South Korea,KOR,Asia,High Income,35.91,127.77,2024,Wellbeing,Work-Life Balance Score,5.825,score 1-10,Global Lifestyle Survey
UK,GBR,Europe,High Income,55.38,-3.44,2024,Wellbeing,Work-Life Balance Score,5.727,score 1-10,Global Lifestyle Survey
USA,USA,North America,High Income,37.09,-95.71,2024,Wellbeing,Work-Life Balance Score,5.634,score 1-10,Global Lifestyle Survey
